ISO-10303-21;
HEADER;
FILE_DESCRIPTION (( 'STEP AP203' ),
    '1' );
FILE_NAME ('Altoparlante.STEP',
    '2019-04-25T21:21:52',
    ( '' ),
    ( '' ),
    'SwSTEP 2.0',
    'SolidWorks 2017',
    '' );
FILE_SCHEMA (( 'CONFIG_CONTROL_DESIGN' ));
ENDSEC;

DATA;
#1 = CARTESIAN_POINT ( 'NONE',  ( 15.58415887181257600, 8.955757917857658500, -5.008569575658781600 ) ) ;
#2 = CARTESIAN_POINT ( 'NONE',  ( 0.0000000000000000000, 0.8707106781186552100, 14.32725134277727900 ) ) ;
#3 = CARTESIAN_POINT ( 'NONE',  ( 0.0000000000000000000, 0.6383835455768402900, 18.25000000000000000 ) ) ;
#4 = ADVANCED_FACE ( 'NONE', ( #2835, #2591 ), #792, .T. ) ;
#5 = CARTESIAN_POINT ( 'NONE',  ( 0.0000000000000000000, 3.199999999999999700, 0.0000000000000000000 ) ) ;
#6 = DATE_AND_TIME ( #2360, #3187 ) ;
#7 = DIRECTION ( 'NONE',  ( 0.0000000000000000000, -1.000000000000000000, 0.0000000000000000000 ) ) ;
#8 = LINE ( 'NONE', #527, #3286 ) ;
#9 = EDGE_CURVE ( 'NONE', #2541, #2610, #1023, .T. ) ;
#10 = EDGE_LOOP ( 'NONE', ( #39, #2200 ) ) ;
#11 = DIRECTION ( 'NONE',  ( 0.0000000000000000000, 0.0000000000000000000, 1.000000000000000000 ) ) ;
#12 = CARTESIAN_POINT ( 'NONE',  ( -19.99999999999999600, 5.000000000000000000, -1.000000000000000000 ) ) ;
#13 = DIRECTION ( 'NONE',  ( 1.000000000000000000, -0.0000000000000000000, 3.491481338843133700E-015 ) ) ;
#14 = ORIENTED_EDGE ( 'NONE', *, *, #2643, .F. ) ;
#15 = AXIS2_PLACEMENT_3D ( 'NONE', #425, #2539, #726 ) ;
#16 = DIRECTION ( 'NONE',  ( -1.000000000000000000, 0.0000000000000000000, 0.0000000000000000000 ) ) ;
#17 = EDGE_CURVE ( 'NONE', #2636, #1324, #840, .T. ) ;
#18 = DIRECTION ( 'NONE',  ( 0.0000000000000000000, -0.9785497849867490500, -0.2060104810498417400 ) ) ;
#19 = VERTEX_POINT ( 'NONE', #464 ) ;
#20 = AXIS2_PLACEMENT_3D ( 'NONE', #3645, #2117, #3042 ) ;
#21 = CARTESIAN_POINT ( 'NONE',  ( 16.42998294812604600, 3.960556582082699300, 4.408183978791212700 ) ) ;
#22 = ORIENTED_EDGE ( 'NONE', *, *, #656, .T. ) ;
#23 = DIRECTION ( 'NONE',  ( 0.0000000000000000000, -1.000000000000000000, 0.0000000000000000000 ) ) ;
#24 = CYLINDRICAL_SURFACE ( 'NONE', #3123, 1.227307901828121200 ) ;
#25 = DIRECTION ( 'NONE',  ( 0.0000000000000000000, 0.0000000000000000000, 1.000000000000000000 ) ) ;
#26 = ADVANCED_FACE ( 'NONE', ( #3468 ), #412, .F. ) ;
#27 = ORIENTED_EDGE ( 'NONE', *, *, #839, .F. ) ;
#28 = CARTESIAN_POINT ( 'NONE',  ( 16.76142793844528000, 5.000000000000000000, 1.000000000000000000 ) ) ;
#29 = LINE ( 'NONE', #835, #1951 ) ;
#30 = DIRECTION ( 'NONE',  ( 0.0000000000000000000, -0.9784768908978054300, 0.2063564246127660400 ) ) ;
#31 = ORIENTED_EDGE ( 'NONE', *, *, #2801, .T. ) ;
#32 = CARTESIAN_POINT ( 'NONE',  ( 6.999999999999999100, 8.444129289740658400, 16.43434076040400900 ) ) ;
#33 = FACE_OUTER_BOUND ( 'NONE', #1009, .T. ) ;
#34 = CARTESIAN_POINT ( 'NONE',  ( -16.68446635556105300, 3.259979936477639800, -5.497385183666459300 ) ) ;
#35 = ORIENTED_EDGE ( 'NONE', *, *, #3038, .F. ) ;
#36 = CARTESIAN_POINT ( 'NONE',  ( 4.424672770441412200, 8.439139855283523100, -15.87094060938086500 ) ) ;
#37 = EDGE_CURVE ( 'NONE', #830, #3367, #1832, .T. ) ;
#38 = LINE ( 'NONE', #1289, #3316 ) ;
#39 = ORIENTED_EDGE ( 'NONE', *, *, #2874, .F. ) ;
#40 = CARTESIAN_POINT ( 'NONE',  ( 0.0000000000000000000, 0.3999999999999998600, 0.0000000000000000000 ) ) ;
#41 = FACE_OUTER_BOUND ( 'NONE', #3064, .T. ) ;
#42 = ORIENTED_EDGE ( 'NONE', *, *, #2939, .T. ) ;
#43 = DIRECTION ( 'NONE',  ( 0.0000000000000000000, 0.0000000000000000000, 1.000000000000000000 ) ) ;
#44 = ORIENTED_EDGE ( 'NONE', *, *, #671, .T. ) ;
#45 = AXIS2_PLACEMENT_3D ( 'NONE', #3230, #1401, #3851 ) ;
#46 = CARTESIAN_POINT ( 'NONE',  ( 14.73205100839540700, 9.199999999999997500, 5.999999999999998200 ) ) ;
#47 = APPROVAL_STATUS ( 'not_yet_approved' ) ;
#48 = CARTESIAN_POINT ( 'NONE',  ( -5.132628805732595700, 3.393183079884692700, 16.34293273815623600 ) ) ;
#49 = ADVANCED_FACE ( 'NONE', ( #3323 ), #1987, .F. ) ;
#50 = DIRECTION ( 'NONE',  ( -1.000000000000000000, 2.181078961694837200E-016, 0.0000000000000000000 ) ) ;
#51 = DIRECTION ( 'NONE',  ( 0.0000000000000000000, 1.000000000000000000, 0.0000000000000000000 ) ) ;
#52 = ORIENTED_EDGE ( 'NONE', *, *, #1471, .T. ) ;
#53 = CARTESIAN_POINT ( 'NONE',  ( -4.000000000000000000, 5.866688152917633100, 16.54079131269815100 ) ) ;
#54 = DIRECTION ( 'NONE',  ( 0.0000000000000000000, 0.9784768908978049900, -0.2063564246127680100 ) ) ;
#55 = CARTESIAN_POINT ( 'NONE',  ( 2.017384559610227000E-015, 8.452323487716281400, 16.47319505521762700 ) ) ;
#56 = CARTESIAN_POINT ( 'NONE',  ( -15.57798677772373500, 8.106224801777166500, -4.212142499284392500 ) ) ;
#57 = CARTESIAN_POINT ( 'NONE',  ( 0.0000000000000000000, 6.705252495825143400, -1.234553772952872300E-015 ) ) ;
#58 = EDGE_CURVE ( 'NONE', #3696, #2084, #2682, .T. ) ;
#59 = CARTESIAN_POINT ( 'NONE',  ( 5.373972282397094300, 3.296054237050663400, -16.28670327167501200 ) ) ;
#60 = ORIENTED_EDGE ( 'NONE', *, *, #1200, .T. ) ;
#61 = CARTESIAN_POINT ( 'NONE',  ( 0.0000000000000000000, -1.400000000000000100, 18.25000000000000000 ) ) ;
#62 = EDGE_CURVE ( 'NONE', #478, #1878, #2051, .T. ) ;
#63 = ADVANCED_FACE ( 'NONE', ( #266 ), #1104, .F. ) ;
#64 = VERTEX_POINT ( 'NONE', #1693 ) ;
#65 = B_SPLINE_CURVE_WITH_KNOTS ( 'NONE', 3,
 ( #401, #3801, #449, #1947, #135, #1053, #143, #1613, #712, #2263, #756, #3189, #3746, #1902, #2217, #2515 ),
 .UNSPECIFIED., .F., .F.,
 ( 4, 2, 2, 2, 2, 2, 2, 4 ),
 ( 1.734723475976806900E-018, 0.0003973693169443046300, 0.0007947386338886075300, 0.001192107950832910400, 0.001589477267777213300, 0.002384215901665819100, 0.002781585218610121800, 0.003178954535554424100 ),
 .UNSPECIFIED. ) ;
#66 = DIRECTION ( 'NONE',  ( 0.0000000000000000000, 0.0000000000000000000, -1.000000000000000000 ) ) ;
#67 = AXIS2_PLACEMENT_3D ( 'NONE', #571, #1768, #3649 ) ;
#68 = ORIENTED_EDGE ( 'NONE', *, *, #1313, .F. ) ;
#69 = EDGE_CURVE ( 'NONE', #1314, #236, #2397, .T. ) ;
#70 = DIRECTION ( 'NONE',  ( 0.0000000000000000000, 0.0000000000000000000, 1.000000000000000000 ) ) ;
#71 = VECTOR ( 'NONE', #1284, 1000.000000000000000 ) ;
#72 = DIRECTION ( 'NONE',  ( 1.000000000000000000, 2.168404344971008900E-016, 3.134651602192766500E-032 ) ) ;
#73 = ORIENTED_EDGE ( 'NONE', *, *, #2232, .T. ) ;
#74 = FACE_OUTER_BOUND ( 'NONE', #779, .T. ) ;
#75 = DIRECTION ( 'NONE',  ( 0.0000000000000000000, 1.000000000000000000, 0.0000000000000000000 ) ) ;
#76 = VERTEX_POINT ( 'NONE', #801 ) ;
#77 = CARTESIAN_POINT ( 'NONE',  ( 6.999999999999999100, 6.487175507945048400, 16.84705360962954400 ) ) ;
#78 = CIRCLE ( 'NONE', #1843, 0.8000000000000003800 ) ;
#79 = EDGE_LOOP ( 'NONE', ( #503, #929, #2955, #1954 ) ) ;
#80 = CARTESIAN_POINT ( 'NONE',  ( 16.71351436990263300, 5.068860000595628400, 4.000000000000001800 ) ) ;
#81 = LINE ( 'NONE', #3397, #2446 ) ;
#82 = ORIENTED_EDGE ( 'NONE', *, *, #1887, .F. ) ;
#83 = CIRCLE ( 'NONE', #312, 16.31578947368420900 ) ;
#84 = ORIENTED_EDGE ( 'NONE', *, *, #1775, .F. ) ;
#85 = CARTESIAN_POINT ( 'NONE',  ( 16.36310625473750600, 6.888588482176887200, -1.000000000000000000 ) ) ;
#86 = VERTEX_POINT ( 'NONE', #2612 ) ;
#87 = ORIENTED_EDGE ( 'NONE', *, *, #3816, .T. ) ;
#88 = CIRCLE ( 'NONE', #3921, 19.19999999999999900 ) ;
#89 = EDGE_CURVE ( 'NONE', #131, #337, #1263, .T. ) ;
#90 = ORIENTED_EDGE ( 'NONE', *, *, #1095, .T. ) ;
#91 = PLANE ( 'NONE',  #2783 ) ;
#92 = CARTESIAN_POINT ( 'NONE',  ( -0.9999999999999301700, 7.000000000000000000, -20.00000000000007100 ) ) ;
#93 = AXIS2_PLACEMENT_3D ( 'NONE', #688, #3436, #3079 ) ;
#94 = CARTESIAN_POINT ( 'NONE',  ( 16.82807578377740000, 4.310620591714753800, 4.203759422771373300 ) ) ;
#95 = CC_DESIGN_DATE_AND_TIME_ASSIGNMENT ( #524, #3314, ( #572 ) ) ;
#96 = CARTESIAN_POINT ( 'NONE',  ( 6.999999999999999100, 3.551744835251633000, 17.46612288346784700 ) ) ;
#97 = CARTESIAN_POINT ( 'NONE',  ( -0.9999999999999301700, 7.000000000000000000, -20.00000000000007100 ) ) ;
#98 = CARTESIAN_POINT ( 'NONE',  ( 14.94361964808720300, 9.150644323139506000, -5.488205412529151900 ) ) ;
#99 = DIRECTION ( 'NONE',  ( -0.0000000000000000000, 1.000000000000000000, -0.0000000000000000000 ) ) ;
#100 = CARTESIAN_POINT ( 'NONE',  ( -16.52721605827006000, 6.110511138588854000, -1.000000000000000000 ) ) ;
#101 = VERTEX_POINT ( 'NONE', #3027 ) ;
#102 = EDGE_CURVE ( 'NONE', #2590, #2660, #3373, .T. ) ;
#103 = CARTESIAN_POINT ( 'NONE',  ( -4.000000000000000000, 3.199999999999999700, -19.99999999999999600 ) ) ;
#104 = EDGE_LOOP ( 'NONE', ( #1120, #1948, #2057, #608 ) ) ;
#105 = CARTESIAN_POINT ( 'NONE',  ( 4.796361835374604300, 3.597310851107303100, -16.39990310391683100 ) ) ;
#106 = CARTESIAN_POINT ( 'NONE',  ( 15.80076976652294900, 7.337100014679035300, -3.999999999999999100 ) ) ;
#107 = ORIENTED_EDGE ( 'NONE', *, *, #138, .F. ) ;
#108 = AXIS2_PLACEMENT_3D ( 'NONE', #3671, #2747, #3923 ) ;
#109 = DIRECTION ( 'NONE',  ( 0.0000000000000000000, 0.2063564246127676000, 0.9784768908978051000 ) ) ;
#110 = AXIS2_PLACEMENT_3D ( 'NONE', #3279, #3288, #3900 ) ;
#111 = CARTESIAN_POINT ( 'NONE',  ( 2.400307726328811900E-015, 1.200000000000000000, -19.19999999999999900 ) ) ;
#112 = VERTEX_POINT ( 'NONE', #281 ) ;
#113 = CARTESIAN_POINT ( 'NONE',  ( 4.407447064754054900, 3.961534729267183000, 16.85280330541018000 ) ) ;
#114 = FACE_OUTER_BOUND ( 'NONE', #3105, .T. ) ;
#115 = AXIS2_PLACEMENT_3D ( 'NONE', #1744, #521, #232 ) ;
#116 = ORIENTED_EDGE ( 'NONE', *, *, #58, .F. ) ;
#117 = CIRCLE ( 'NONE', #3481, 0.7500000000000012200 ) ;
#118 = ADVANCED_FACE ( 'NONE', ( #3516 ), #169, .T. ) ;
#119 = PLANE ( 'NONE',  #750 ) ;
#120 = CARTESIAN_POINT ( 'NONE',  ( -4.797863899132345000, 8.803572285320305100, 15.68214474636033600 ) ) ;
#121 = VERTEX_POINT ( 'NONE', #3008 ) ;
#122 = CARTESIAN_POINT ( 'NONE',  ( -6.000000000000000000, 9.199999999999999300, -14.73205100839540200 ) ) ;
#123 = CARTESIAN_POINT ( 'NONE',  ( -19.99999999999999600, 7.000000000000000000, 1.000000000000000000 ) ) ;
#124 = VECTOR ( 'NONE', #2845, 1000.000000000000000 ) ;
#125 = EDGE_LOOP ( 'NONE', ( #1196, #484, #1825, #3015 ) ) ;
#126 = VERTEX_POINT ( 'NONE', #1191 ) ;
#127 = ORIENTED_EDGE ( 'NONE', *, *, #3682, .T. ) ;
#128 = LINE ( 'NONE', #1995, #1321 ) ;
#129 = CARTESIAN_POINT ( 'NONE',  ( -6.999999999999999100, 5.997937062496145400, 16.95023182193593000 ) ) ;
#130 = ORIENTED_EDGE ( 'NONE', *, *, #1233, .F. ) ;
#131 = VERTEX_POINT ( 'NONE', #2433 ) ;
#132 = CARTESIAN_POINT ( 'NONE',  ( -0.3884760064961596000, 3.559574257008957700, 17.50324752484022300 ) ) ;
#133 = DIRECTION ( 'NONE',  ( 0.0000000000000000000, -1.000000000000000000, 0.0000000000000000000 ) ) ;
#134 = EDGE_CURVE ( 'NONE', #2827, #822, #1782, .T. ) ;
#135 = CARTESIAN_POINT ( 'NONE',  ( 16.37917768871655300, 4.554221254920538100, -4.102507864328832600 ) ) ;
#136 = AXIS2_PLACEMENT_3D ( 'NONE', #2561, #2860, #3795 ) ;
#137 = CARTESIAN_POINT ( 'NONE',  ( 2.234980408443919200E-015, -1.400000000000000100, -18.25000000000000000 ) ) ;
#138 = EDGE_CURVE ( 'NONE', #1733, #1529, #1605, .T. ) ;
#139 = ADVANCED_FACE ( 'NONE', ( #789 ), #607, .F. ) ;
#140 = CC_DESIGN_APPROVAL ( #3767, ( #3905 ) ) ;
#141 = DIRECTION ( 'NONE',  ( 1.000000000000000000, -0.0000000000000000000, 0.0000000000000000000 ) ) ;
#142 = CARTESIAN_POINT ( 'NONE',  ( 4.000000000000000900, 5.068742330359853600, -16.29293449356861600 ) ) ;
#143 = CARTESIAN_POINT ( 'NONE',  ( 16.41575896104851400, 4.193579710231461800, -4.266559501084621800 ) ) ;
#144 = DIRECTION ( 'NONE',  ( 1.000000000000000000, 0.0000000000000000000, 0.0000000000000000000 ) ) ;
#145 = ORIENTED_EDGE ( 'NONE', *, *, #3525, .T. ) ;
#146 = CARTESIAN_POINT ( 'NONE',  ( 0.0000000000000000000, 6.805252495825142100, -1.240677006948608700E-015 ) ) ;
#147 = ORIENTED_EDGE ( 'NONE', *, *, #1404, .F. ) ;
#148 = EDGE_CURVE ( 'NONE', #3597, #1207, #1504, .T. ) ;
#149 = CARTESIAN_POINT ( 'NONE',  ( 0.0000000000000000000, -1.400000000000000100, 0.0000000000000000000 ) ) ;
#150 = ORIENTED_EDGE ( 'NONE', *, *, #470, .T. ) ;
#151 = CARTESIAN_POINT ( 'NONE',  ( -4.000000000000000000, 5.199999999999998400, -16.26447788644217200 ) ) ;
#152 = LINE ( 'NONE', #3321, #3007 ) ;
#153 = ORIENTED_EDGE ( 'NONE', *, *, #62, .T. ) ;
#154 = AXIS2_PLACEMENT_3D ( 'NONE', #407, #422, #1624 ) ;
#155 = ADVANCED_FACE ( 'NONE', ( #1406 ), #1133, .T. ) ;
#156 = CARTESIAN_POINT ( 'NONE',  ( -15.27524934419032300, 9.199999999999995700, 5.740191624440752700 ) ) ;
#157 = CIRCLE ( 'NONE', #2910, 17.17017920339057500 ) ;
#158 = ORIENTED_EDGE ( 'NONE', *, *, #3160, .T. ) ;
#159 = DIRECTION ( 'NONE',  ( 0.0000000000000000000, 0.2063564246127676000, 0.9784768908978051000 ) ) ;
#160 = AXIS2_PLACEMENT_3D ( 'NONE', #2334, #3584, #3835 ) ;
#161 = CONICAL_SURFACE ( 'NONE', #488, 18.00000000000000000, 0.2074962264352024900 ) ;
#162 = ORIENTED_EDGE ( 'NONE', *, *, #1080, .F. ) ;
#163 = CIRCLE ( 'NONE', #2833, 0.7500000000000003300 ) ;
#164 = ORIENTED_EDGE ( 'NONE', *, *, #1835, .T. ) ;
#165 = CIRCLE ( 'NONE', #3916, 18.00000000000000000 ) ;
#166 = CARTESIAN_POINT ( 'NONE',  ( -4.012778861512739300, 4.938895689117591900, -16.73859870148045200 ) ) ;
#167 = ORIENTED_EDGE ( 'NONE', *, *, #2451, .T. ) ;
#168 = CARTESIAN_POINT ( 'NONE',  ( 15.39588668813732000, 7.199999999999997500, 4.000000000000000000 ) ) ;
#169 = CYLINDRICAL_SURFACE ( 'NONE', #3040, 19.99999999999999600 ) ;
#170 = ORIENTED_EDGE ( 'NONE', *, *, #3225, .F. ) ;
#171 = FACE_OUTER_BOUND ( 'NONE', #79, .T. ) ;
#172 = CARTESIAN_POINT ( 'NONE',  ( -16.26447788644217200, 5.199999999999998400, 4.000000000000000900 ) ) ;
#173 = CARTESIAN_POINT ( 'NONE',  ( 16.68412299600180400, 3.259696218200959400, -5.498606416869681500 ) ) ;
#174 = ORIENTED_EDGE ( 'NONE', *, *, #2958, .T. ) ;
#175 = EDGE_CURVE ( 'NONE', #1261, #1878, #3752, .T. ) ;
#176 = CARTESIAN_POINT ( 'NONE',  ( -16.77113221687326200, 3.393771181850153300, 5.131389503197112000 ) ) ;
#177 = DIRECTION ( 'NONE',  ( 0.0000000000000000000, -1.445602896647340400E-016, -1.000000000000000000 ) ) ;
#178 = DIRECTION ( 'NONE',  ( 0.0000000000000000000, 0.0000000000000000000, -1.000000000000000000 ) ) ;
#179 = EDGE_CURVE ( 'NONE', #2475, #746, #3594, .T. ) ;
#180 = CARTESIAN_POINT ( 'NONE',  ( 1.162035017639187600, 5.188559286833385200, 17.12092599519693800 ) ) ;
#181 = CARTESIAN_POINT ( 'NONE',  ( 0.0000000000000000000, 1.199999999999999700, 0.0000000000000000000 ) ) ;
#182 = DIRECTION ( 'NONE',  ( 0.0000000000000000000, -0.9784768908978054300, 0.2063564246127660400 ) ) ;
#183 = CARTESIAN_POINT ( 'NONE',  ( 16.84204062209541400, 4.187948843744225200, -4.254911415022829300 ) ) ;
#184 = AXIS2_PLACEMENT_3D ( 'NONE', #3591, #2320, #1985 ) ;
#185 = PERSON_AND_ORGANIZATION ( #943, #1417 ) ;
#186 = CYLINDRICAL_SURFACE ( 'NONE', #1381, 0.7500000000000003300 ) ;
#187 = CARTESIAN_POINT ( 'NONE',  ( -16.84204062209541400, 4.187948843744226000, 4.254911415022831100 ) ) ;
#188 = EDGE_LOOP ( 'NONE', ( #3363, #598, #499, #2683 ) ) ;
#189 = CARTESIAN_POINT ( 'NONE',  ( 1.000000000000059500, 5.566423281142706800, -17.05145656687628600 ) ) ;
#190 = DIRECTION ( 'NONE',  ( 0.0000000000000000000, -0.9784768908978048700, 0.2063564246127684000 ) ) ;
#191 = CARTESIAN_POINT ( 'NONE',  ( -16.93200347631845300, 6.132845712036970400, 1.000000000000000000 ) ) ;
#192 = VERTEX_POINT ( 'NONE', #274 ) ;
#193 = CARTESIAN_POINT ( 'NONE',  ( -0.9999999999999301700, 5.000000000000000000, -20.00000000000007100 ) ) ;
#194 = EDGE_LOOP ( 'NONE', ( #2478, #2858, #2011, #1663 ) ) ;
#195 = DIRECTION ( 'NONE',  ( 0.0000000000000000000, -0.9784768908978049900, 0.2063564246127680400 ) ) ;
#196 = LINE ( 'NONE', #1810, #2616 ) ;
#197 = ORIENTED_EDGE ( 'NONE', *, *, #2978, .T. ) ;
#198 = EDGE_CURVE ( 'NONE', #2053, #3254, #985, .T. ) ;
#199 = LINE ( 'NONE', #2893, #777 ) ;
#200 = PLANE ( 'NONE',  #1838 ) ;
#201 = DIRECTION ( 'NONE',  ( -0.0000000000000000000, -1.000000000000000000, -0.0000000000000000000 ) ) ;
#202 = ORIENTED_EDGE ( 'NONE', *, *, #900, .F. ) ;
#203 = CARTESIAN_POINT ( 'NONE',  ( -4.795166056688050700, 3.598207155511585300, -16.82550468587195200 ) ) ;
#204 = CARTESIAN_POINT ( 'NONE',  ( 0.9999999999999428200, 6.665765332425689100, 16.41010359672954200 ) ) ;
#205 = CARTESIAN_POINT ( 'NONE',  ( 4.000000000000000000, 5.199999999999998400, 16.26447788644217200 ) ) ;
#206 = CIRCLE ( 'NONE', #1310, 1.227307901828121200 ) ;
#207 = AXIS2_PLACEMENT_3D ( 'NONE', #2594, #2001, #2578 ) ;
#208 = ORIENTED_EDGE ( 'NONE', *, *, #2857, .T. ) ;
#209 = EDGE_CURVE ( 'NONE', #1529, #1733, #559, .T. ) ;
#210 = CARTESIAN_POINT ( 'NONE',  ( 0.0000000000000000000, 6.144450123971211900, 17.64495041447337100 ) ) ;
#211 = FACE_BOUND ( 'NONE', #3554, .T. ) ;
#212 = DIRECTION ( 'NONE',  ( -0.0000000000000000000, 1.000000000000000000, -0.0000000000000000000 ) ) ;
#213 = ORIENTED_EDGE ( 'NONE', *, *, #2786, .F. ) ;
#214 = AXIS2_PLACEMENT_3D ( 'NONE', #1433, #3624, #1474 ) ;
#215 = EDGE_LOOP ( 'NONE', ( #2278, #1223, #432, #1564 ) ) ;
#216 = ORIENTED_EDGE ( 'NONE', *, *, #1636, .F. ) ;
#217 = FACE_OUTER_BOUND ( 'NONE', #1216, .T. ) ;
#218 = ORIENTED_EDGE ( 'NONE', *, *, #3141, .T. ) ;
#219 = CARTESIAN_POINT ( 'NONE',  ( 4.000000000000000000, 6.533355556528786900, 16.39636173835441100 ) ) ;
#220 = EDGE_LOOP ( 'NONE', ( #299, #2300, #2110, #3163 ) ) ;
#221 = CARTESIAN_POINT ( 'NONE',  ( -5.873933752176992800, 3.199999999999999700, -16.56907604989652700 ) ) ;
#222 = CARTESIAN_POINT ( 'NONE',  ( 16.11993979477588800, 5.866689918515106700, -4.000000000000000900 ) ) ;
#223 = DIRECTION ( 'NONE',  ( 0.0000000000000000000, 0.0000000000000000000, -1.000000000000000000 ) ) ;
#224 = EDGE_CURVE ( 'NONE', #3402, #1926, #784, .T. ) ;
#225 = AXIS2_PLACEMENT_3D ( 'NONE', #181, #1662, #3822 ) ;
#226 = CARTESIAN_POINT ( 'NONE',  ( -16.29292871390040500, 5.068768989398226000, 4.000000000000000900 ) ) ;
#227 = AXIS2_PLACEMENT_3D ( 'NONE', #2386, #1980, #2647 ) ;
#228 = EDGE_CURVE ( 'NONE', #1311, #1883, #1498, .T. ) ;
#229 = DIRECTION ( 'NONE',  ( 2.168404344971008900E-016, 1.000000000000000000, 0.0000000000000000000 ) ) ;
#230 = DIRECTION ( 'NONE',  ( -0.0000000000000000000, -1.000000000000000000, -0.0000000000000000000 ) ) ;
#231 = FACE_OUTER_BOUND ( 'NONE', #3919, .T. ) ;
#232 = DIRECTION ( 'NONE',  ( 0.0000000000000000000, 0.9784768908978048700, -0.2063564246127689000 ) ) ;
#233 = AXIS2_PLACEMENT_3D ( 'NONE', #3205, #2923, #1056 ) ;
#234 = B_SPLINE_CURVE_WITH_KNOTS ( 'NONE', 3,
 ( #909, #1503, #1545, #1842, #922, #1231, #3631, #618, #36, #2410, #3364, #3937, #3000, #3670, #1527, #3016 ),
 .UNSPECIFIED., .F., .F.,
 ( 4, 2, 2, 2, 2, 2, 2, 4 ),
 ( 0.0000000000000000000, 0.0008271148954549240700, 0.001240672343182387000, 0.001654229790909850300, 0.002067787238637313700, 0.002481344686364776600, 0.002894902134092239500, 0.003308459581819702800 ),
 .UNSPECIFIED. ) ;
#235 = CARTESIAN_POINT ( 'NONE',  ( 15.81786920383350800, 9.199999999999997500, 5.999999999999998200 ) ) ;
#236 = VERTEX_POINT ( 'NONE', #514 ) ;
#237 = DIRECTION ( 'NONE',  ( 0.0000000000000000000, -0.9784768908978048700, 0.2063564246127684000 ) ) ;
#238 = EDGE_LOOP ( 'NONE', ( #2729, #727, #3658, #213 ) ) ;
#239 = DIRECTION ( 'NONE',  ( -0.0000000000000000000, -0.2063564246127675700, -0.9784768908978051000 ) ) ;
#240 = CARTESIAN_POINT ( 'NONE',  ( -6.999999999999999100, 4.943557704016123800, 17.89821328499362400 ) ) ;
#241 = DIRECTION ( 'NONE',  ( -1.000000000000000000, -2.126435228616731500E-016, 0.0000000000000000000 ) ) ;
#242 = VERTEX_POINT ( 'NONE', #2035 ) ;
#243 = CARTESIAN_POINT ( 'NONE',  ( -16.17702797935261900, 3.211757011548100200, -5.748981945794113800 ) ) ;
#244 = LINE ( 'NONE', #2962, #2479 ) ;
#245 = EDGE_CURVE ( 'NONE', #2215, #3622, #3511, .T. ) ;
#246 = ORIENTED_EDGE ( 'NONE', *, *, #2060, .T. ) ;
#247 = CARTESIAN_POINT ( 'NONE',  ( 0.0000000000000000000, 6.144450123971211900, 17.64495041447337100 ) ) ;
#248 = CARTESIAN_POINT ( 'NONE',  ( 4.000000000000000000, 5.199999999999998400, 16.26447788644217200 ) ) ;
#249 = EDGE_LOOP ( 'NONE', ( #586, #413, #698, #3756, #925, #2710, #1705 ) ) ;
#250 = CIRCLE ( 'NONE', #1907, 6.999999999999999100 ) ;
#251 = CARTESIAN_POINT ( 'NONE',  ( 0.0000000000000000000, 9.899999999999998600, 15.35088472257062400 ) ) ;
#252 = VERTEX_POINT ( 'NONE', #2944 ) ;
#253 = EDGE_CURVE ( 'NONE', #557, #3400, #867, .T. ) ;
#254 = CARTESIAN_POINT ( 'NONE',  ( 6.000000000000000000, 9.199999999999997500, 15.17250757619137100 ) ) ;
#255 = MANIFOLD_SOLID_BREP ( 'Rivoluzione3', #1432 ) ;
#256 = CIRCLE ( 'NONE', #1640, 14.25654066465862400 ) ;
#257 = CARTESIAN_POINT ( 'NONE',  ( 1.000000000000069900, 7.000000000000000000, -20.00000000000006400 ) ) ;
#258 = ORIENTED_EDGE ( 'NONE', *, *, #2486, .F. ) ;
#259 = VECTOR ( 'NONE', #1235, 1000.000000000000000 ) ;
#260 = VERTEX_POINT ( 'NONE', #2842 ) ;
#261 = FACE_OUTER_BOUND ( 'NONE', #1362, .T. ) ;
#262 = DIRECTION ( 'NONE',  ( 0.0000000000000000000, 1.000000000000000000, 0.0000000000000000000 ) ) ;
#263 = B_SPLINE_CURVE_WITH_KNOTS ( 'NONE', 3,
 ( #248, #2704, #853, #1508, #912, #2105, #899, #1521, #1487, #3961, #1804, #550, #3617, #3911, #3659, #611 ),
 .UNSPECIFIED., .F., .F.,
 ( 4, 2, 2, 2, 2, 2, 2, 4 ),
 ( 1.734723475976807100E-018, 0.0003973693169443039800, 0.0007947386338886062300, 0.001192107950832908500, 0.001589477267777210700, 0.002384215901665817000, 0.002781585218610120100, 0.003178954535554424100 ),
 .UNSPECIFIED. ) ;
#264 = EDGE_CURVE ( 'NONE', #924, #3082, #2346, .T. ) ;
#265 = ORIENTED_EDGE ( 'NONE', *, *, #2637, .T. ) ;
#266 = FACE_OUTER_BOUND ( 'NONE', #3655, .T. ) ;
#267 = ORIENTED_EDGE ( 'NONE', *, *, #2637, .F. ) ;
#268 = CARTESIAN_POINT ( 'NONE',  ( 16.26447788644215800, 5.200000000000051700, 4.000000000000000900 ) ) ;
#269 = FACE_OUTER_BOUND ( 'NONE', #406, .T. ) ;
#270 = B_SPLINE_CURVE_WITH_KNOTS ( 'NONE', 3,
 ( #3140, #426, #780, #2003 ),
 .UNSPECIFIED., .F., .F.,
 ( 4, 4 ),
 ( 0.02750104792802424800, 0.02954743837477216700 ),
 .UNSPECIFIED. ) ;
#271 = CARTESIAN_POINT ( 'NONE',  ( 15.38043948444399000, 9.148951113097755400, -5.483076687327517200 ) ) ;
#272 = CARTESIAN_POINT ( 'NONE',  ( -6.999999999999999100, 8.444129289740658400, 16.43434076040400900 ) ) ;
#273 = DIRECTION ( 'NONE',  ( 0.0000000000000000000, 0.2063564246127676200, 0.9784768908978052100 ) ) ;
#274 = CARTESIAN_POINT ( 'NONE',  ( 6.999999999999999100, 8.549371066293169000, 16.93336397476188900 ) ) ;
#275 = DIRECTION ( 'NONE',  ( 0.0000000000000000000, 1.000000000000000000, 0.0000000000000000000 ) ) ;
#276 = CARTESIAN_POINT ( 'NONE',  ( 1.155611398462768700, 8.444129289740658400, 16.43434076040400900 ) ) ;
#277 = DIRECTION ( 'NONE',  ( 0.0000000000000000000, 0.2063564246127676200, 0.9784768908978052100 ) ) ;
#278 = EDGE_CURVE ( 'NONE', #830, #3082, #657, .T. ) ;
#279 = CARTESIAN_POINT ( 'NONE',  ( 0.0000000000000000000, 0.7999999999999999300, 0.0000000000000000000 ) ) ;
#280 = CARTESIAN_POINT ( 'NONE',  ( 16.22219216627276600, 7.336686634119183200, -4.000000000000000000 ) ) ;
#281 = CARTESIAN_POINT ( 'NONE',  ( 0.0000000000000000000, 7.000000000000000000, -16.77894736842105400 ) ) ;
#282 = DIRECTION ( 'NONE',  ( 0.0000000000000000000, -0.0000000000000000000, -1.000000000000000000 ) ) ;
#283 = DIRECTION ( 'NONE',  ( 0.0000000000000000000, -0.9784768908978054300, 0.2063564246127662900 ) ) ;
#284 = SHAPE_DEFINITION_REPRESENTATION ( #1040, #1372 ) ;
#285 = CARTESIAN_POINT ( 'NONE',  ( -16.26447788644217200, 5.199999999999998400, 4.000000000000000900 ) ) ;
#286 = VERTEX_POINT ( 'NONE', #519 ) ;
#287 = DIRECTION ( 'NONE',  ( -1.000000000000000000, 0.0000000000000000000, 0.0000000000000000000 ) ) ;
#288 = B_SPLINE_CURVE_WITH_KNOTS ( 'NONE', 3,
 ( #931, #280, #2128, #2406, #3052, #596, #2706, #903, #3026, #1205, #1, #271, #864, #3021 ),
 .UNSPECIFIED., .F., .F.,
 ( 4, 2, 2, 2, 2, 2, 4 ),
 ( 1.734723475976807100E-018, 0.0004134101570229428900, 0.0008268203140458840500, 0.001240230471068825200, 0.001653640628091766400, 0.002480460942137641200, 0.003307281256183516300 ),
 .UNSPECIFIED. ) ;
#289 = PRODUCT_RELATED_PRODUCT_CATEGORY ( 'detail', '', ( #1130 ) ) ;
#290 = ORIENTED_EDGE ( 'NONE', *, *, #2666, .T. ) ;
#291 = PLANE ( 'NONE',  #108 ) ;
#292 = B_SPLINE_CURVE_WITH_KNOTS ( 'NONE', 3,
 ( #3231, #2957, #3854, #2650 ),
 .UNSPECIFIED., .F., .F.,
 ( 4, 4 ),
 ( 0.02750104792802424100, 0.02954743837477222200 ),
 .UNSPECIFIED. ) ;
#293 = CARTESIAN_POINT ( 'NONE',  ( -16.64432408106849000, 5.555256008530256500, 1.000000000000000000 ) ) ;
#294 = ADVANCED_FACE ( 'NONE', ( #740 ), #358, .T. ) ;
#295 = ORIENTED_EDGE ( 'NONE', *, *, #9, .T. ) ;
#296 = TOROIDAL_SURFACE ( 'NONE', #214, 19.19999999999999900, 0.8000000000000000400 ) ;
#297 = CARTESIAN_POINT ( 'NONE',  ( 4.509596575519749400, 8.540068642250329100, 15.39957412272503500 ) ) ;
#298 = CARTESIAN_POINT ( 'NONE',  ( -16.08772991682003100, 3.199999999999999700, 6.000000000000002700 ) ) ;
#299 = ORIENTED_EDGE ( 'NONE', *, *, #1115, .F. ) ;
#300 = PLANE ( 'NONE',  #1857 ) ;
#301 = FACE_OUTER_BOUND ( 'NONE', #1578, .T. ) ;
#302 = DIRECTION ( 'NONE',  ( 2.168404344971008900E-016, 1.000000000000000000, 0.0000000000000000000 ) ) ;
#303 = VERTEX_POINT ( 'NONE', #3 ) ;
#304 = CARTESIAN_POINT ( 'NONE',  ( -16.34293273815623600, 3.393183079884692300, -5.132628805732596600 ) ) ;
#305 = EDGE_CURVE ( 'NONE', #1623, #649, #2024, .T. ) ;
#306 = CIRCLE ( 'NONE', #421, 19.99999999999999600 ) ;
#307 = CARTESIAN_POINT ( 'NONE',  ( 16.37937205421197000, 4.552706130602683900, 4.103044476069171300 ) ) ;
#308 = ORIENTED_EDGE ( 'NONE', *, *, #751, .F. ) ;
#309 = DIRECTION ( 'NONE',  ( 0.0000000000000000000, -1.000000000000000000, 0.0000000000000000000 ) ) ;
#310 = CARTESIAN_POINT ( 'NONE',  ( 15.39588668813732200, 9.199999999999997500, -6.000000000000000000 ) ) ;
#311 = VECTOR ( 'NONE', #1325, 1000.000000000000000 ) ;
#312 = AXIS2_PLACEMENT_3D ( 'NONE', #3203, #814, #1126 ) ;
#313 = ORIENTED_EDGE ( 'NONE', *, *, #877, .F. ) ;
#314 = AXIS2_PLACEMENT_3D ( 'NONE', #2950, #1129, #1427 ) ;
#315 = ORIENTED_EDGE ( 'NONE', *, *, #2239, .T. ) ;
#316 = VERTEX_POINT ( 'NONE', #2120 ) ;
#317 = FACE_OUTER_BOUND ( 'NONE', #2383, .T. ) ;
#318 = DIRECTION ( 'NONE',  ( 0.0000000000000000000, 0.0000000000000000000, 1.000000000000000000 ) ) ;
#319 = DIRECTION ( 'NONE',  ( 0.0000000000000000000, 1.000000000000000000, 0.0000000000000000000 ) ) ;
#320 = AXIS2_PLACEMENT_3D ( 'NONE', #2459, #3683, #43 ) ;
#321 = ADVANCED_FACE ( 'NONE', ( #1962, #3084 ), #300, .T. ) ;
#322 = CARTESIAN_POINT ( 'NONE',  ( -16.80018257456739800, 4.554782136835149800, -4.102325145812002000 ) ) ;
#323 = ORIENTED_EDGE ( 'NONE', *, *, #2727, .T. ) ;
#324 = CARTESIAN_POINT ( 'NONE',  ( 16.41165826525141500, 3.681932639854838700, 4.691185250709339400 ) ) ;
#325 = DIRECTION ( 'NONE',  ( 0.0000000000000000000, -0.0000000000000000000, 1.000000000000000000 ) ) ;
#326 = CARTESIAN_POINT ( 'NONE',  ( 0.0000000000000000000, -13.45654066465862200, 0.0000000000000000000 ) ) ;
#327 = CARTESIAN_POINT ( 'NONE',  ( -16.39636173835440800, 6.533355556528792200, 4.000000000000000000 ) ) ;
#328 = CARTESIAN_POINT ( 'NONE',  ( -6.999999999999999100, 6.144450123971211900, 17.64495041447337100 ) ) ;
#329 = CARTESIAN_POINT ( 'NONE',  ( 0.7767551180859909600, 3.556963567623198800, 17.49086846158561300 ) ) ;
#330 = CARTESIAN_POINT ( 'NONE',  ( -6.999999999999999100, 5.508698617047243400, 17.05341003424231200 ) ) ;
#331 = CARTESIAN_POINT ( 'NONE',  ( -16.18914204850675600, 7.473045753190891800, -4.014212077171710500 ) ) ;
#332 = LINE ( 'NONE', #3563, #3568 ) ;
#333 = CARTESIAN_POINT ( 'NONE',  ( 4.000000000000000000, 7.200000000000000200, 15.81786920383351000 ) ) ;
#334 = EDGE_CURVE ( 'NONE', #1899, #2016, #1136, .T. ) ;
#335 = CARTESIAN_POINT ( 'NONE',  ( -1.155611398462773200, 8.444129289740658400, 16.43434076040400900 ) ) ;
#336 = ADVANCED_FACE ( 'NONE', ( #3893 ), #1641, .F. ) ;
#337 = VERTEX_POINT ( 'NONE', #3055 ) ;
#338 = EDGE_CURVE ( 'NONE', #303, #3381, #1875, .T. ) ;
#339 = CARTESIAN_POINT ( 'NONE',  ( -17.17090562550502100, 5.000000000000000000, -1.000000000000000000 ) ) ;
#340 = VERTEX_POINT ( 'NONE', #1229 ) ;
#341 = PLANE ( 'NONE',  #2474 ) ;
#342 =( GEOMETRIC_REPRESENTATION_CONTEXT ( 3 ) GLOBAL_UNCERTAINTY_ASSIGNED_CONTEXT ( ( #2545 ) ) GLOBAL_UNIT_ASSIGNED_CONTEXT ( ( #918, #3625, #893 ) ) REPRESENTATION_CONTEXT ( 'NONE', 'WORKASPACE' ) );
#343 = VERTEX_POINT ( 'NONE', #32 ) ;
#344 = CARTESIAN_POINT ( 'NONE',  ( -5.008569575658781600, 8.955757917857662100, -15.58415887181258000 ) ) ;
#345 = CIRCLE ( 'NONE', #661, 17.67544236128531000 ) ;
#346 = ORIENTED_EDGE ( 'NONE', *, *, #3117, .F. ) ;
#347 = CARTESIAN_POINT ( 'NONE',  ( 0.0000000000000000000, 14.69999999999999900, 0.0000000000000000000 ) ) ;
#348 = ORIENTED_EDGE ( 'NONE', *, *, #224, .T. ) ;
#349 = LINE ( 'NONE', #3643, #873 ) ;
#350 = ORIENTED_EDGE ( 'NONE', *, *, #2715, .F. ) ;
#351 = CARTESIAN_POINT ( 'NONE',  ( -9.000000000000000000, 5.508698617047243400, 17.05341003424231200 ) ) ;
#352 = FACE_BOUND ( 'NONE', #2547, .T. ) ;
#353 = ADVANCED_FACE ( 'NONE', ( #3268, #2260 ), #2130, .T. ) ;
#354 = CARTESIAN_POINT ( 'NONE',  ( 1.164443744544985800, 3.551744835251633000, 17.46612288346784700 ) ) ;
#355 = ORIENTED_EDGE ( 'NONE', *, *, #1528, .T. ) ;
#356 = CARTESIAN_POINT ( 'NONE',  ( 5.132628805732595700, 3.393183079884692700, -16.34293273815623600 ) ) ;
#357 = EDGE_CURVE ( 'NONE', #1908, #1558, #1446, .T. ) ;
#358 = TOROIDAL_SURFACE ( 'NONE', #227, 15.35088472257062400, 0.8000000000000000400 ) ;
#359 = ORIENTED_EDGE ( 'NONE', *, *, #819, .F. ) ;
#360 = CARTESIAN_POINT ( 'NONE',  ( -4.000000000000000000, 7.200000000000001100, 16.25182708671580700 ) ) ;
#361 = FACE_OUTER_BOUND ( 'NONE', #2187, .T. ) ;
#362 = DIRECTION ( 'NONE',  ( -1.000000000000000000, -0.0000000000000000000, -1.224646799147353200E-016 ) ) ;
#363 = VERTEX_POINT ( 'NONE', #3379 ) ;
#364 = DIRECTION ( 'NONE',  ( 1.000000000000000000, 0.0000000000000000000, 0.0000000000000000000 ) ) ;
#365 = ORIENTED_EDGE ( 'NONE', *, *, #2451, .F. ) ;
#366 = AXIS2_PLACEMENT_3D ( 'NONE', #40, #3114, #648 ) ;
#367 = B_SPLINE_CURVE_WITH_KNOTS ( 'NONE', 3,
 ( #3910, #3559, #2655, #533, #3856, #2966, #1134, #2644, #1440, #3280, #563, #1745, #2674, #851, #3870, #2013 ),
 .UNSPECIFIED., .F., .F.,
 ( 4, 2, 2, 2, 2, 2, 2, 4 ),
 ( 1.734723475976807100E-018, 0.0003973693169443039800, 0.0007947386338886062300, 0.001192107950832908500, 0.001589477267777210700, 0.002384215901665817000, 0.002781585218610120100, 0.003178954535554424100 ),
 .UNSPECIFIED. ) ;
#368 = ORIENTED_EDGE ( 'NONE', *, *, #2776, .T. ) ;
#369 = FACE_OUTER_BOUND ( 'NONE', #3647, .T. ) ;
#370 = AXIS2_PLACEMENT_3D ( 'NONE', #479, #1655, #3235 ) ;
#371 = DIRECTION ( 'NONE',  ( 1.000000000000000000, -2.168404344971008900E-016, -3.134651602192766500E-032 ) ) ;
#372 = AXIS2_PLACEMENT_3D ( 'NONE', #615, #2390, #857 ) ;
#373 = DIRECTION ( 'NONE',  ( 2.522900762084951500E-017, -0.9785497849867490500, 0.2060104810498417400 ) ) ;
#374 = CARTESIAN_POINT ( 'NONE',  ( 0.0000000000000000000, 5.000000000000000000, 0.0000000000000000000 ) ) ;
#375 = CARTESIAN_POINT ( 'NONE',  ( 2.156429123985621500E-015, 1.117595807580062900, 17.60858008600529700 ) ) ;
#376 = DIRECTION ( 'NONE',  ( 0.0000000000000000000, 0.0000000000000000000, -1.000000000000000000 ) ) ;
#377 = ADVANCED_FACE ( 'NONE', ( #3704 ), #3032, .F. ) ;
#378 = CARTESIAN_POINT ( 'NONE',  ( 4.063938553716659500, 4.681454543335649800, 16.78202108935989000 ) ) ;
#379 = CARTESIAN_POINT ( 'NONE',  ( 15.65904627483895000, 7.861585939635857800, 4.107915995866657800 ) ) ;
#380 = EDGE_CURVE ( 'NONE', #653, #2625, #3711, .T. ) ;
#381 = CARTESIAN_POINT ( 'NONE',  ( 0.0000000000000000000, 0.8000000000000003800, 0.0000000000000000000 ) ) ;
#382 = FACE_OUTER_BOUND ( 'NONE', #3580, .T. ) ;
#383 = DIRECTION ( 'NONE',  ( 0.0000000000000000000, 1.000000000000000000, 0.0000000000000000000 ) ) ;
#384 = EDGE_LOOP ( 'NONE', ( #2670, #508, #1021, #1879 ) ) ;
#385 = DIRECTION ( 'NONE',  ( 0.0000000000000000000, 0.0000000000000000000, -1.000000000000000000 ) ) ;
#386 = CARTESIAN_POINT ( 'NONE',  ( -4.000000000000000000, 9.199999999999999300, -19.99999999999999600 ) ) ;
#387 = EDGE_CURVE ( 'NONE', #1970, #76, #1175, .T. ) ;
#388 = DIRECTION ( 'NONE',  ( 0.0000000000000000000, -0.9784768908978048700, 0.2063564246127689000 ) ) ;
#389 = ORIENTED_EDGE ( 'NONE', *, *, #984, .F. ) ;
#390 = CARTESIAN_POINT ( 'NONE',  ( 16.84738269465055500, 3.869797902773511700, 4.500650338408654200 ) ) ;
#391 = AXIS2_PLACEMENT_3D ( 'NONE', #2490, #2177, #687 ) ;
#392 = EDGE_LOOP ( 'NONE', ( #3200, #167, #1805, #582 ) ) ;
#393 = LINE ( 'NONE', #1619, #3879 ) ;
#394 = ADVANCED_FACE ( 'NONE', ( #1776 ), #1553, .T. ) ;
#395 = CARTESIAN_POINT ( 'NONE',  ( 6.000000000000000000, 3.199999999999999700, -16.52329841713565300 ) ) ;
#396 = VERTEX_POINT ( 'NONE', #57 ) ;
#397 = EDGE_LOOP ( 'NONE', ( #1306, #3115 ) ) ;
#398 = CARTESIAN_POINT ( 'NONE',  ( -16.11993979754623800, 5.866689905736722100, -4.000000000000000900 ) ) ;
#399 = EDGE_LOOP ( 'NONE', ( #258, #2375, #2576, #1069 ) ) ;
#400 = FACE_BOUND ( 'NONE', #2395, .T. ) ;
#401 = CARTESIAN_POINT ( 'NONE',  ( 16.26447788644217200, 5.199999999999998400, -4.000000000000000900 ) ) ;
#402 = ORIENTED_EDGE ( 'NONE', *, *, #2727, .F. ) ;
#403 = CARTESIAN_POINT ( 'NONE',  ( 2.164617391126159000E-015, 0.7999999999999999300, 17.67544236128531300 ) ) ;
#404 = CARTESIAN_POINT ( 'NONE',  ( -15.83054006020342900, 7.199999999999996600, 4.000000000000000000 ) ) ;
#405 = FACE_OUTER_BOUND ( 'NONE', #963, .T. ) ;
#406 = EDGE_LOOP ( 'NONE', ( #441, #2922, #913, #3466 ) ) ;
#407 = CARTESIAN_POINT ( 'NONE',  ( -6.999999999999999100, 6.144450123971211900, 17.64495041447337100 ) ) ;
#408 = ORIENTED_EDGE ( 'NONE', *, *, #2284, .F. ) ;
#409 = VECTOR ( 'NONE', #2458, 1000.000000000000000 ) ;
#410 = VERTEX_POINT ( 'NONE', #968 ) ;
#411 = CARTESIAN_POINT ( 'NONE',  ( 12.00000000000000000, 3.199999999999999700, -19.99999999999999600 ) ) ;
#412 = CYLINDRICAL_SURFACE ( 'NONE', #3171, 2.000000000000000000 ) ;
#413 = ORIENTED_EDGE ( 'NONE', *, *, #2600, .T. ) ;
#414 = LINE ( 'NONE', #910, #1171 ) ;
#415 = CARTESIAN_POINT ( 'NONE',  ( -4.000000000000000000, 5.866689905736723000, 16.11993979754623800 ) ) ;
#416 = EDGE_CURVE ( 'NONE', #2062, #2630, #81, .T. ) ;
#417 = CARTESIAN_POINT ( 'NONE',  ( 15.57770091059717100, 8.107022729296877700, -4.212556256859675100 ) ) ;
#418 = ORIENTED_EDGE ( 'NONE', *, *, #1589, .F. ) ;
#419 = PLANE ( 'NONE',  #3412 ) ;
#420 = CARTESIAN_POINT ( 'NONE',  ( -15.10157419627591000, 9.004797439175895600, 5.128539761472536500 ) ) ;
#421 = AXIS2_PLACEMENT_3D ( 'NONE', #2021, #859, #2989 ) ;
#422 = DIRECTION ( 'NONE',  ( -0.0000000000000000000, -0.2063564246127676000, -0.9784768908978052100 ) ) ;
#423 = EDGE_CURVE ( 'NONE', #3083, #2441, #163, .T. ) ;
#424 = AXIS2_PLACEMENT_3D ( 'NONE', #2948, #1453, #504 ) ;
#425 = CARTESIAN_POINT ( 'NONE',  ( 6.999999999999999100, 5.997937062496145400, 16.95023182193593000 ) ) ;
#426 = CARTESIAN_POINT ( 'NONE',  ( -16.39636175775703800, 6.533355467037038600, -4.000000000000000000 ) ) ;
#427 = DIRECTION ( 'NONE',  ( -1.000000000000000000, 2.168404344971008900E-016, 0.0000000000000000000 ) ) ;
#428 = CARTESIAN_POINT ( 'NONE',  ( -15.57770091059717500, 8.107022729296877700, 4.212556256859673300 ) ) ;
#429 = CIRCLE ( 'NONE', #1792, 17.17017920339057500 ) ;
#430 = EDGE_CURVE ( 'NONE', #3367, #2725, #2876, .T. ) ;
#431 = CARTESIAN_POINT ( 'NONE',  ( 4.203759422771363500, 4.310620591714768000, -16.82807578377739700 ) ) ;
#432 = ORIENTED_EDGE ( 'NONE', *, *, #3350, .F. ) ;
#433 = CARTESIAN_POINT ( 'NONE',  ( 6.999999999999999100, 7.304071259003746000, 17.19599216577355700 ) ) ;
#434 = CARTESIAN_POINT ( 'NONE',  ( 14.73205100839540500, 9.199999999999997500, -6.000000000000000000 ) ) ;
#435 = ORIENTED_EDGE ( 'NONE', *, *, #380, .F. ) ;
#436 = AXIS2_PLACEMENT_3D ( 'NONE', #2937, #467, #2301 ) ;
#437 = CARTESIAN_POINT ( 'NONE',  ( 1.000000000000069900, 7.000000000000000000, -20.00000000000006400 ) ) ;
#438 = ADVANCED_FACE ( 'NONE', ( #3212 ), #832, .F. ) ;
#439 = ORIENTED_EDGE ( 'NONE', *, *, #588, .T. ) ;
#440 = DIRECTION ( 'NONE',  ( -0.0000000000000000000, -1.000000000000000000, -0.0000000000000000000 ) ) ;
#441 = ORIENTED_EDGE ( 'NONE', *, *, #595, .F. ) ;
#442 = LINE ( 'NONE', #257, #3494 ) ;
#443 = AXIS2_PLACEMENT_3D ( 'NONE', #3155, #1933, #1326 ) ;
#444 = ORIENTED_EDGE ( 'NONE', *, *, #3004, .F. ) ;
#445 = CIRCLE ( 'NONE', #2571, 17.57894736842105500 ) ;
#446 = CARTESIAN_POINT ( 'NONE',  ( -0.9999999999999428200, 6.777176926155124900, -16.38660501512379900 ) ) ;
#447 = VERTEX_POINT ( 'NONE', #351 ) ;
#448 = CARTESIAN_POINT ( 'NONE',  ( -4.000000000000000000, 5.866689918515107600, -16.11993979477588800 ) ) ;
#449 = CARTESIAN_POINT ( 'NONE',  ( 16.31792195269605000, 4.939029188233083900, -4.012791987758512300 ) ) ;
#450 = LINE ( 'NONE', #1895, #3589 ) ;
#451 = CARTESIAN_POINT ( 'NONE',  ( -4.782936570431147100, 3.591054781191898900, 16.83119818917607800 ) ) ;
#452 = ORIENTED_EDGE ( 'NONE', *, *, #1610, .T. ) ;
#453 = CARTESIAN_POINT ( 'NONE',  ( 16.85280330541018000, 3.961534729267183000, -4.407447064754050500 ) ) ;
#454 = CIRCLE ( 'NONE', #3387, 20.16179316048376400 ) ;
#455 = ORIENTED_EDGE ( 'NONE', *, *, #3545, .F. ) ;
#456 = FACE_OUTER_BOUND ( 'NONE', #3558, .T. ) ;
#457 = DIRECTION ( 'NONE',  ( -1.000000000000000000, -2.168404344971008900E-016, 3.134651602192769200E-032 ) ) ;
#458 = ORIENTED_EDGE ( 'NONE', *, *, #3350, .T. ) ;
#459 = EDGE_CURVE ( 'NONE', #3687, #3175, #3006, .T. ) ;
#460 = ORIENTED_EDGE ( 'NONE', *, *, #716, .T. ) ;
#461 = CIRCLE ( 'NONE', #2599, 2.000000000000000400 ) ;
#462 = ADVANCED_FACE ( 'NONE', ( #747 ), #2972, .T. ) ;
#463 = DIRECTION ( 'NONE',  ( -0.0000000000000000000, -0.0000000000000000000, -1.000000000000000000 ) ) ;
#464 = CARTESIAN_POINT ( 'NONE',  ( -16.76142793844528000, 5.000000000000000000, -1.000000000000000000 ) ) ;
#465 = DIRECTION ( 'NONE',  ( 0.0000000000000000000, 0.2063564246127676000, 0.9784768908978051000 ) ) ;
#466 = EDGE_CURVE ( 'NONE', #2809, #1488, #38, .T. ) ;
#467 = DIRECTION ( 'NONE',  ( 0.0000000000000000000, 0.0000000000000000000, -1.000000000000000000 ) ) ;
#468 = CARTESIAN_POINT ( 'NONE',  ( 1.102182119232617700E-015, 10.69999999999999900, 9.000000000000000000 ) ) ;
#469 = CARTESIAN_POINT ( 'NONE',  ( 6.999999999999999100, 6.144450123971211900, 17.64495041447337100 ) ) ;
#470 = EDGE_CURVE ( 'NONE', #1393, #396, #454, .T. ) ;
#471 = ADVANCED_FACE ( 'NONE', ( #1064 ), #3942, .F. ) ;
#472 = CARTESIAN_POINT ( 'NONE',  ( -16.85280330541017300, 3.961534729267186500, 4.407447064754052200 ) ) ;
#473 = CARTESIAN_POINT ( 'NONE',  ( 1.000000000000058800, 6.799511519855171200, -16.79140473292509500 ) ) ;
#474 = CALENDAR_DATE ( 2019, 25, 4 ) ;
#475 = CARTESIAN_POINT ( 'NONE',  ( -4.696696801283428300, 8.722657908349818400, -15.30334124337719000 ) ) ;
#476 = DIRECTION ( 'NONE',  ( -1.000000000000000000, 0.0000000000000000000, 0.0000000000000000000 ) ) ;
#477 = CARTESIAN_POINT ( 'NONE',  ( 0.0000000000000000000, 5.000000000000000000, 0.0000000000000000000 ) ) ;
#478 = VERTEX_POINT ( 'NONE', #964 ) ;
#479 = CARTESIAN_POINT ( 'NONE',  ( 0.0000000000000000000, 1.117595807580062900, 0.0000000000000000000 ) ) ;
#480 = ORIENTED_EDGE ( 'NONE', *, *, #1087, .F. ) ;
#481 = EDGE_CURVE ( 'NONE', #1963, #2393, #1889, .T. ) ;
#482 = DIRECTION ( 'NONE',  ( 0.0000000000000000000, 0.0000000000000000000, -1.000000000000000000 ) ) ;
#483 = DIRECTION ( 'NONE',  ( -1.000000000000000000, -2.168404344971008900E-016, -3.134651602192766500E-032 ) ) ;
#484 = ORIENTED_EDGE ( 'NONE', *, *, #1537, .F. ) ;
#485 = CARTESIAN_POINT ( 'NONE',  ( 0.0000000000000000000, 1.200000000000000000, 19.19999999999999900 ) ) ;
#486 = FACE_OUTER_BOUND ( 'NONE', #3324, .T. ) ;
#487 = CARTESIAN_POINT ( 'NONE',  ( 16.68512366752353400, 5.199999999999998400, -4.000000000000000900 ) ) ;
#488 = AXIS2_PLACEMENT_3D ( 'NONE', #962, #23, #3425 ) ;
#489 = CARTESIAN_POINT ( 'NONE',  ( -4.266091931785133800, 4.194404368532175900, 16.83770809576557100 ) ) ;
#490 = ORIENTED_EDGE ( 'NONE', *, *, #1181, .F. ) ;
#491 = ORIENTED_EDGE ( 'NONE', *, *, #148, .T. ) ;
#492 = FACE_BOUND ( 'NONE', #876, .T. ) ;
#493 = ORIENTED_EDGE ( 'NONE', *, *, #2314, .T. ) ;
#494 = CARTESIAN_POINT ( 'NONE',  ( -4.000000000000000000, 5.866688162233856500, -16.54079131068126400 ) ) ;
#495 = AXIS2_PLACEMENT_3D ( 'NONE', #279, #3927, #11 ) ;
#496 = LINE ( 'NONE', #1864, #2153 ) ;
#497 = VERTEX_POINT ( 'NONE', #28 ) ;
#498 = CARTESIAN_POINT ( 'NONE',  ( 0.0000000000000000000, -1.400000000000000100, 0.0000000000000000000 ) ) ;
#499 = ORIENTED_EDGE ( 'NONE', *, *, #1528, .F. ) ;
#500 = FACE_OUTER_BOUND ( 'NONE', #1320, .T. ) ;
#501 = CARTESIAN_POINT ( 'NONE',  ( 0.0000000000000000000, 1.200000000000000000, 0.0000000000000000000 ) ) ;
#502 = CARTESIAN_POINT ( 'NONE',  ( 2.234980408443919200E-015, 0.6383835455768402900, -18.25000000000000000 ) ) ;
#503 = ORIENTED_EDGE ( 'NONE', *, *, #1840, .F. ) ;
#504 = DIRECTION ( 'NONE',  ( 0.0000000000000000000, 0.0000000000000000000, 1.000000000000000000 ) ) ;
#505 = DIRECTION ( 'NONE',  ( 0.0000000000000000000, 0.2063564246127676000, 0.9784768908978051000 ) ) ;
#506 = CARTESIAN_POINT ( 'NONE',  ( 0.0000000000000000000, 10.69999999999999900, 15.35088472257062400 ) ) ;
#507 = EDGE_LOOP ( 'NONE', ( #460, #3410, #3692, #3871, #2338, #3787, #2279, #1109 ) ) ;
#508 = ORIENTED_EDGE ( 'NONE', *, *, #3210, .T. ) ;
#509 = CONICAL_SURFACE ( 'NONE', #370, 17.60858008600529700, 0.2074962264352024900 ) ;
#510 = DIRECTION ( 'NONE',  ( 1.000000000000000000, -0.0000000000000000000, 3.491481338843133700E-015 ) ) ;
#511 = CARTESIAN_POINT ( 'NONE',  ( 16.79276338949968700, 3.453971742553318500, -5.015748776069543200 ) ) ;
#512 = ORIENTED_EDGE ( 'NONE', *, *, #2984, .T. ) ;
#513 = EDGE_CURVE ( 'NONE', #2475, #937, #1451, .T. ) ;
#514 = CARTESIAN_POINT ( 'NONE',  ( 1.990451548816372900E-015, 0.8000000000000003800, -14.25654066465862400 ) ) ;
#515 = CARTESIAN_POINT ( 'NONE',  ( -6.999999999999999100, 8.444129289740658400, 16.43434076040400900 ) ) ;
#516 = AXIS2_PLACEMENT_3D ( 'NONE', #2663, #3930, #237 ) ;
#517 = CARTESIAN_POINT ( 'NONE',  ( -4.000000000000000000, 5.068835294942545900, -16.71351971846289800 ) ) ;
#518 = AXIS2_PLACEMENT_3D ( 'NONE', #2125, #1802, #3325 ) ;
#519 = CARTESIAN_POINT ( 'NONE',  ( -16.33960731324719600, 6.999999999999999100, 1.000000000000000000 ) ) ;
#520 = DIRECTION ( 'NONE',  ( -0.0000000000000000000, 0.2063564246127676000, 0.9784768908978051000 ) ) ;
#521 = DIRECTION ( 'NONE',  ( -0.0000000000000000000, 0.2063564246127676000, 0.9784768908978051000 ) ) ;
#522 = PLANE ( 'NONE',  #1330 ) ;
#523 = B_SPLINE_CURVE_WITH_KNOTS ( 'NONE', 3,
 ( #3135, #1035, #1906, #1648 ),
 .UNSPECIFIED., .F., .F.,
 ( 4, 4 ),
 ( 0.02679861557928420200, 0.02884514097287729800 ),
 .UNSPECIFIED. ) ;
#524 = DATE_AND_TIME ( #3237, #1703 ) ;
#525 = CARTESIAN_POINT ( 'NONE',  ( 0.0000000000000000000, 5.000000000000000000, 0.0000000000000000000 ) ) ;
#526 = CARTESIAN_POINT ( 'NONE',  ( -4.425682055898130700, 8.440426895804053600, -15.44560053403322400 ) ) ;
#527 = CARTESIAN_POINT ( 'NONE',  ( 6.999999999999999100, 3.551744835251633000, 17.46612288346784700 ) ) ;
#528 = DIRECTION ( 'NONE',  ( 0.0000000000000000000, 0.0000000000000000000, -1.000000000000000000 ) ) ;
#529 = VERTEX_POINT ( 'NONE', #1588 ) ;
#530 = DIRECTION ( 'NONE',  ( 0.0000000000000000000, 0.0000000000000000000, 1.000000000000000000 ) ) ;
#531 = CARTESIAN_POINT ( 'NONE',  ( 16.22216408689147100, 7.336816146061850400, 4.000000000000000000 ) ) ;
#532 = ORIENTED_EDGE ( 'NONE', *, *, #3183, .T. ) ;
#533 = CARTESIAN_POINT ( 'NONE',  ( -4.063694237192844800, 4.682485322497180700, -16.36097589463261000 ) ) ;
#534 = ORIENTED_EDGE ( 'NONE', *, *, #2212, .F. ) ;
#535 = ORIENTED_EDGE ( 'NONE', *, *, #1059, .T. ) ;
#536 = CARTESIAN_POINT ( 'NONE',  ( 0.0000000000000000000, 6.103178839048657900, 17.44925503629381000 ) ) ;
#537 = EDGE_CURVE ( 'NONE', #1397, #2053, #3903, .T. ) ;
#538 = LINE ( 'NONE', #829, #2377 ) ;
#539 = CARTESIAN_POINT ( 'NONE',  ( 6.000000000000000000, 9.199999999999997500, 15.17250757619137100 ) ) ;
#540 = ORIENTED_EDGE ( 'NONE', *, *, #2048, .T. ) ;
#541 = DIRECTION ( 'NONE',  ( 0.0000000000000000000, 0.2063564246127676200, 0.9784768908978052100 ) ) ;
#542 = DIRECTION ( 'NONE',  ( 0.0000000000000000000, -0.9784768908978054300, 0.2063564246127662900 ) ) ;
#543 = CIRCLE ( 'NONE', #3894, 15.35088472257062400 ) ;
#544 = AXIS2_PLACEMENT_3D ( 'NONE', #2731, #1501, #287 ) ;
#545 = EDGE_LOOP ( 'NONE', ( #836, #1359 ) ) ;
#546 = EDGE_CURVE ( 'NONE', #1830, #639, #1357, .T. ) ;
#547 = VECTOR ( 'NONE', #713, 1000.000000000000100 ) ;
#548 = ORIENTED_EDGE ( 'NONE', *, *, #1881, .F. ) ;
#549 = B_SPLINE_CURVE_WITH_KNOTS ( 'NONE', 3,
 ( #1580, #951, #2771, #1885, #59, #356, #2476, #105, #3456, #3164, #2543, #1944, #1322, #2225, #142, #2526 ),
 .UNSPECIFIED., .F., .F.,
 ( 4, 2, 2, 2, 2, 2, 2, 4 ),
 ( 8.673617379884035500E-019, 0.0003973711453272299500, 0.0007947422906544590300, 0.001192113435981688300, 0.001589484581308917200, 0.002384226871963372300, 0.002781598017290598800, 0.003178969162617824400 ),
 .UNSPECIFIED. ) ;
#550 = CARTESIAN_POINT ( 'NONE',  ( 5.372637920152682200, 3.296510746575782600, 16.28704021057034300 ) ) ;
#551 = CC_DESIGN_PERSON_AND_ORGANIZATION_ASSIGNMENT ( #2605, #1826, ( #3905 ) ) ;
#552 = VERTEX_POINT ( 'NONE', #3685 ) ;
#553 = FACE_BOUND ( 'NONE', #2247, .T. ) ;
#554 = VERTEX_POINT ( 'NONE', #954 ) ;
#555 = CYLINDRICAL_SURFACE ( 'NONE', #3220, 0.9978925415248386400 ) ;
#556 = ORIENTED_EDGE ( 'NONE', *, *, #3069, .F. ) ;
#557 = VERTEX_POINT ( 'NONE', #2781 ) ;
#558 = CARTESIAN_POINT ( 'NONE',  ( -1.159090223426624000, 6.819730132394001400, 16.77691931833651400 ) ) ;
#559 = CIRCLE ( 'NONE', #3509, 0.9978925415248377500 ) ;
#560 = CARTESIAN_POINT ( 'NONE',  ( 6.000000000000000000, 3.199999999999999700, -16.69775595331738700 ) ) ;
#561 = CARTESIAN_POINT ( 'NONE',  ( -1.164443744544990200, 3.551744835251633000, 17.46612288346784700 ) ) ;
#562 = DIRECTION ( 'NONE',  ( 0.0000000000000000000, 0.9784768908978048700, -0.2063564246127689000 ) ) ;
#563 = CARTESIAN_POINT ( 'NONE',  ( -5.011409825015270800, 3.442129830035711300, -16.37112251696215600 ) ) ;
#564 = DIRECTION ( 'NONE',  ( 1.000000000000000000, 0.0000000000000000000, 1.224646799147353200E-016 ) ) ;
#565 = EDGE_CURVE ( 'NONE', #694, #3407, #1443, .T. ) ;
#566 = AXIS2_PLACEMENT_3D ( 'NONE', #2802, #2457, #2760 ) ;
#567 = AXIS2_PLACEMENT_3D ( 'NONE', #1414, #850, #3265 ) ;
#568 = APPROVAL_ROLE ( '' ) ;
#569 = EDGE_CURVE ( 'NONE', #3407, #3840, #2779, .T. ) ;
#570 = DIRECTION ( 'NONE',  ( -1.000000000000000000, 2.181078961694837200E-016, 0.0000000000000000000 ) ) ;
#571 = CARTESIAN_POINT ( 'NONE',  ( -19.99999999999999600, 9.199999999999999300, -4.000000000000000000 ) ) ;
#572 = PRODUCT_DEFINITION ( 'NON CONOSCIUTO', '', #3905, #3479 ) ;
#573 = CARTESIAN_POINT ( 'NONE',  ( 16.31799231754374400, 4.938700009740827600, 4.012796778644598400 ) ) ;
#574 = B_SPLINE_CURVE_WITH_KNOTS ( 'NONE', 3,
 ( #1559, #673, #398, #2793 ),
 .UNSPECIFIED., .F., .F.,
 ( 4, 4 ),
 ( 0.02679861557928420900, 0.02884514097287730100 ),
 .UNSPECIFIED. ) ;
#575 = CARTESIAN_POINT ( 'NONE',  ( 0.0000000000000000000, 0.7999999999999999300, 0.0000000000000000000 ) ) ;
#576 = VERTEX_POINT ( 'NONE', #2739 ) ;
#577 = CARTESIAN_POINT ( 'NONE',  ( -9.000000000000000000, 6.487175507945048400, 16.84705360962954400 ) ) ;
#578 = CARTESIAN_POINT ( 'NONE',  ( 1.000000000000058600, 5.000000000000000000, -16.76142793844527600 ) ) ;
#579 = DIRECTION ( 'NONE',  ( -0.0000000000000000000, -1.000000000000000000, -0.0000000000000000000 ) ) ;
#580 = ORIENTED_EDGE ( 'NONE', *, *, #2031, .F. ) ;
#581 = DIRECTION ( 'NONE',  ( -0.0000000000000000000, -1.000000000000000000, -0.0000000000000000000 ) ) ;
#582 = ORIENTED_EDGE ( 'NONE', *, *, #380, .T. ) ;
#583 = APPLICATION_PROTOCOL_DEFINITION ( 'international standard', 'config_control_design', 1994, #1180 ) ;
#584 = CARTESIAN_POINT ( 'NONE',  ( -6.999999999999999100, 8.549371066293169000, 16.93336397476188900 ) ) ;
#585 = CARTESIAN_POINT ( 'NONE',  ( -0.9999999999999412700, 6.799511519855171200, -16.79140473292509800 ) ) ;
#586 = ORIENTED_EDGE ( 'NONE', *, *, #2314, .F. ) ;
#587 = VECTOR ( 'NONE', #1734, 1000.000000000000000 ) ;
#588 = EDGE_CURVE ( 'NONE', #1441, #916, #664, .T. ) ;
#589 = DIRECTION ( 'NONE',  ( 0.0000000000000000000, 0.2063564246127676000, 0.9784768908978051000 ) ) ;
#590 = CARTESIAN_POINT ( 'NONE',  ( 4.000000000000000000, 5.200000000000000200, -17.11780916419263600 ) ) ;
#591 = EDGE_LOOP ( 'NONE', ( #3901, #208, #60, #355, #3725, #1117, #3532, #2544 ) ) ;
#592 = CIRCLE ( 'NONE', #3145, 0.7500000000000003300 ) ;
#593 = CARTESIAN_POINT ( 'NONE',  ( -15.82569080539037600, 8.538652794522207000, 4.508399443175691500 ) ) ;
#594 = ORIENTED_EDGE ( 'NONE', *, *, #1975, .T. ) ;
#595 = EDGE_CURVE ( 'NONE', #3622, #1397, #2677, .T. ) ;
#596 = CARTESIAN_POINT ( 'NONE',  ( 16.00149071079919600, 8.104955347710209400, -4.211510062945746900 ) ) ;
#597 = VECTOR ( 'NONE', #2008, 1000.000000000000000 ) ;
#598 = ORIENTED_EDGE ( 'NONE', *, *, #3712, .F. ) ;
#599 = DIRECTION ( 'NONE',  ( -0.0000000000000000000, -1.000000000000000000, -0.0000000000000000000 ) ) ;
#600 = AXIS2_PLACEMENT_3D ( 'NONE', #2565, #465, #2580 ) ;
#601 = ORIENTED_EDGE ( 'NONE', *, *, #3556, .T. ) ;
#602 = CIRCLE ( 'NONE', #2548, 0.7500000000000003300 ) ;
#603 = ADVANCED_FACE ( 'NONE', ( #3122 ), #2238, .F. ) ;
#604 = CARTESIAN_POINT ( 'NONE',  ( -0.9999999999999414900, 6.899755774282184000, -16.77026324080426500 ) ) ;
#605 = B_SPLINE_CURVE_WITH_KNOTS ( 'NONE', 3,
 ( #875, #3668, #2999, #2131, #322, #2434, #630, #2745, #1479, #3111, #1251, #643, #34, #3709, #3086, #2488 ),
 .UNSPECIFIED., .F., .F.,
 ( 4, 2, 2, 2, 2, 2, 2, 4 ),
 ( 1.667366176752531800E-016, 0.0003970639118136334600, 0.0007941278236271001600, 0.001191191735440567000, 0.001588255647254033600, 0.002382383470880967100, 0.002779447382694434700, 0.003176511294507902400 ),
 .UNSPECIFIED. ) ;
#606 = EDGE_LOOP ( 'NONE', ( #700, #1999, #87, #1715 ) ) ;
#607 = SPHERICAL_SURFACE ( 'NONE', #1452, 20.16179316048376400 ) ;
#608 = ORIENTED_EDGE ( 'NONE', *, *, #952, .F. ) ;
#609 = DIRECTION ( 'NONE',  ( 0.0000000000000000000, -0.9784768908978049900, 0.2063564246127680400 ) ) ;
#610 = VECTOR ( 'NONE', #589, 1000.000000000000100 ) ;
#611 = CARTESIAN_POINT ( 'NONE',  ( 6.000000000000001800, 3.199999999999999700, 16.08772991682003100 ) ) ;
#612 = DIRECTION ( 'NONE',  ( -0.0000000000000000000, 1.000000000000000000, -0.0000000000000000000 ) ) ;
#613 = VERTEX_POINT ( 'NONE', #3775 ) ;
#614 = DIRECTION ( 'NONE',  ( -0.0000000000000000000, 1.000000000000000000, -0.0000000000000000000 ) ) ;
#615 = CARTESIAN_POINT ( 'NONE',  ( 0.0000000000000000000, 7.000000000000000000, 0.0000000000000000000 ) ) ;
#616 = DIRECTION ( 'NONE',  ( 0.0000000000000000000, -0.0000000000000000000, 1.000000000000000000 ) ) ;
#617 = CARTESIAN_POINT ( 'NONE',  ( -0.9999999999999301700, 7.000000000000000000, 16.73890120499051500 ) ) ;
#618 = CARTESIAN_POINT ( 'NONE',  ( 4.508465717800389100, 8.538802974850638000, -15.82564334176878300 ) ) ;
#619 = CARTESIAN_POINT ( 'NONE',  ( 16.29293449356879000, 5.068742330359047100, 4.000000000000056000 ) ) ;
#620 = CARTESIAN_POINT ( 'NONE',  ( -6.000000000000000000, 9.199999999999997500, -15.17250757619137000 ) ) ;
#621 = EDGE_CURVE ( 'NONE', #3529, #694, #3408, .T. ) ;
#622 = CARTESIAN_POINT ( 'NONE',  ( -16.22219216627276600, 7.336686634119183200, 4.000000000000000900 ) ) ;
#623 = ADVANCED_FACE ( 'NONE', ( #2296 ), #3421, .T. ) ;
#624 = CARTESIAN_POINT ( 'NONE',  ( -15.53564062067734700, 8.221510283062141200, -4.275538034768929100 ) ) ;
#625 = CARTESIAN_POINT ( 'NONE',  ( 3.999999999999998200, 7.337100014679036200, 15.80076976652294900 ) ) ;
#626 = CARTESIAN_POINT ( 'NONE',  ( 0.0000000000000000000, 0.8000000000000003800, 0.0000000000000000000 ) ) ;
#627 = APPROVAL_PERSON_ORGANIZATION ( #3443, #1185, #568 ) ;
#628 = EDGE_CURVE ( 'NONE', #19, #613, #1288, .T. ) ;
#629 = DIRECTION ( 'NONE',  ( 0.0000000000000000000, -0.9784768908978051000, 0.2063564246127676000 ) ) ;
#630 = CARTESIAN_POINT ( 'NONE',  ( -16.83770809576557100, 4.194404368532203400, -4.266091931785118700 ) ) ;
#631 = DIRECTION ( 'NONE',  ( 0.0000000000000000000, -0.9784768908978053200, 0.2063564246127664300 ) ) ;
#632 =( BOUNDED_CURVE ( )  B_SPLINE_CURVE ( 3, ( #335, #3699, #1845, #55 ),
 .UNSPECIFIED., .F., .F. ) 
 B_SPLINE_CURVE_WITH_KNOTS ( ( 4, 4 ),
 ( 3.074439643879350600, 3.141592653589793100 ),
 .UNSPECIFIED. ) 
 CURVE ( )  GEOMETRIC_REPRESENTATION_ITEM ( )  RATIONAL_B_SPLINE_CURVE ( ( 1.000000000000000000, 0.9996242414111714500, 0.9996242414111714500, 1.000000000000000000 ) ) 
 REPRESENTATION_ITEM ( '' )  );
#633 = VERTEX_POINT ( 'NONE', #724 ) ;
#634 = CARTESIAN_POINT ( 'NONE',  ( 0.0000000000000000000, 10.30000000000000100, 0.0000000000000000000 ) ) ;
#635 = CARTESIAN_POINT ( 'NONE',  ( -4.786846227039619700, 8.811121356308950300, -15.68474223228237500 ) ) ;
#636 = ORIENTED_EDGE ( 'NONE', *, *, #2379, .T. ) ;
#637 = DIRECTION ( 'NONE',  ( 1.000000000000000000, 0.0000000000000000000, 0.0000000000000000000 ) ) ;
#638 = CARTESIAN_POINT ( 'NONE',  ( 1.927876298437225900E-015, 10.69999999999999900, -15.35088472257062400 ) ) ;
#639 = VERTEX_POINT ( 'NONE', #1635 ) ;
#640 = CARTESIAN_POINT ( 'NONE',  ( -5.499572003493431000, 3.259460882904476000, 16.25290769462751300 ) ) ;
#641 = CIRCLE ( 'NONE', #1812, 1.227307901828121200 ) ;
#642 = ADVANCED_FACE ( 'NONE', ( #1364 ), #2981, .F. ) ;
#643 = CARTESIAN_POINT ( 'NONE',  ( -16.71721657213499100, 3.296900346763791800, -5.371441759053530200 ) ) ;
#644 = ORIENTED_EDGE ( 'NONE', *, *, #3884, .F. ) ;
#645 = CARTESIAN_POINT ( 'NONE',  ( -16.26447788644215800, 5.200000000000049900, -4.000000000000000900 ) ) ;
#646 = EDGE_CURVE ( 'NONE', #1968, #3267, #3077, .T. ) ;
#647 = CIRCLE ( 'NONE', #136, 16.37017920339057400 ) ;
#648 = DIRECTION ( 'NONE',  ( 0.0000000000000000000, 0.0000000000000000000, 1.000000000000000000 ) ) ;
#649 = VERTEX_POINT ( 'NONE', #2589 ) ;
#650 = CARTESIAN_POINT ( 'NONE',  ( 0.0000000000000000000, -1.400000000000000100, 0.0000000000000000000 ) ) ;
#651 = LINE ( 'NONE', #2803, #1113 ) ;
#652 = VERTEX_POINT ( 'NONE', #3791 ) ;
#653 = VERTEX_POINT ( 'NONE', #3815 ) ;
#654 = AXIS2_PLACEMENT_3D ( 'NONE', #3646, #1239, #1250 ) ;
#655 = DIRECTION ( 'NONE',  ( -1.000000000000000000, 0.0000000000000000000, 0.0000000000000000000 ) ) ;
#656 = EDGE_CURVE ( 'NONE', #529, #3313, #2392, .T. ) ;
#657 = LINE ( 'NONE', #2938, #2171 ) ;
#658 = ORIENTED_EDGE ( 'NONE', *, *, #1515, .F. ) ;
#659 = CYLINDRICAL_SURFACE ( 'NONE', #3715, 2.000000000000000000 ) ;
#660 = ORIENTED_EDGE ( 'NONE', *, *, #1775, .T. ) ;
#661 = AXIS2_PLACEMENT_3D ( 'NONE', #3241, #2894, #1675 ) ;
#662 = CARTESIAN_POINT ( 'NONE',  ( 16.64432408106849000, 5.555256008530256500, -1.000000000000000000 ) ) ;
#663 = EDGE_LOOP ( 'NONE', ( #532, #145 ) ) ;
#664 = LINE ( 'NONE', #3372, #1683 ) ;
#665 = DIRECTION ( 'NONE',  ( 0.0000000000000000000, -0.0000000000000000000, 1.000000000000000000 ) ) ;
#666 = CARTESIAN_POINT ( 'NONE',  ( -15.37871048871145200, 9.150399100736214200, -5.487154003076953200 ) ) ;
#667 = CARTESIAN_POINT ( 'NONE',  ( 6.999999999999999100, 6.592417284497559900, 17.34607682398742400 ) ) ;
#668 = CARTESIAN_POINT ( 'NONE',  ( 4.000000000000000000, 7.200000000000000200, -15.39588668813732200 ) ) ;
#669 = ADVANCED_FACE ( 'NONE', ( #2491, #1599, #3796, #553 ), #509, .F. ) ;
#670 = CARTESIAN_POINT ( 'NONE',  ( -15.80080082645924100, 7.336956975521692600, -3.999999999999999100 ) ) ;
#671 = EDGE_CURVE ( 'NONE', #1603, #337, #2782, .T. ) ;
#672 = DIRECTION ( 'NONE',  ( 2.168404344971008900E-016, 1.000000000000000000, 0.0000000000000000000 ) ) ;
#673 = CARTESIAN_POINT ( 'NONE',  ( -15.97529678390391100, 6.533357300494603900, -4.000000000000000000 ) ) ;
#674 = PLANE ( 'NONE',  #2387 ) ;
#675 = EDGE_CURVE ( 'NONE', #1688, #1865, #128, .T. ) ;
#676 = DIRECTION ( 'NONE',  ( 0.0000000000000000000, -0.9784768908978049900, 0.2063564246127680400 ) ) ;
#677 = B_SPLINE_CURVE_WITH_KNOTS ( 'NONE', 3,
 ( #205, #1990, #1969, #1071 ),
 .UNSPECIFIED., .F., .F.,
 ( 4, 4 ),
 ( 0.02560011188845077700, 0.02764664367505964200 ),
 .UNSPECIFIED. ) ;
#678 = ORIENTED_EDGE ( 'NONE', *, *, #2850, .F. ) ;
#679 = AXIS2_PLACEMENT_3D ( 'NONE', #2189, #2530, #3116 ) ;
#680 = EDGE_CURVE ( 'NONE', #3845, #3684, #2501, .T. ) ;
#681 = CARTESIAN_POINT ( 'NONE',  ( -19.99999999999999600, 5.200000000000000200, 6.000000000000000900 ) ) ;
#682 =( BOUNDED_CURVE ( )  B_SPLINE_CURVE ( 3, ( #1611, #132, #3779, #1349 ),
 .UNSPECIFIED., .F., .F. ) 
 B_SPLINE_CURVE_WITH_KNOTS ( ( 4, 4 ),
 ( 3.141592653589793100, 3.205271982599732900 ),
 .UNSPECIFIED. ) 
 CURVE ( )  GEOMETRIC_REPRESENTATION_ITEM ( )  RATIONAL_B_SPLINE_CURVE ( ( 1.000000000000000000, 0.9996621071348258400, 0.9996621071348258400, 1.000000000000000000 ) ) 
 REPRESENTATION_ITEM ( '' )  );
#683 = ADVANCED_FACE ( 'NONE', ( #3270 ), #1834, .T. ) ;
#684 = CARTESIAN_POINT ( 'NONE',  ( 2.143529605597940400E-015, 3.559574257008956400, 17.50324752484021900 ) ) ;
#685 = ORIENTED_EDGE ( 'NONE', *, *, #2746, .F. ) ;
#686 = ORIENTED_EDGE ( 'NONE', *, *, #1629, .F. ) ;
#687 = DIRECTION ( 'NONE',  ( 0.0000000000000000000, -0.9784768908978049900, 0.2063564246127680400 ) ) ;
#688 = CARTESIAN_POINT ( 'NONE',  ( 0.0000000000000000000, 6.144450123971211900, 17.64495041447337100 ) ) ;
#689 = EDGE_LOOP ( 'NONE', ( #1597, #2419, #3345, #1777, #3103, #3458 ) ) ;
#690 = FACE_OUTER_BOUND ( 'NONE', #689, .T. ) ;
#691 = DIRECTION ( 'NONE',  ( 0.0000000000000000000, 1.000000000000000000, 0.0000000000000000000 ) ) ;
#692 = CARTESIAN_POINT ( 'NONE',  ( 4.795166056688050700, 3.598207155511585300, 16.82550468587195200 ) ) ;
#693 = CIRCLE ( 'NONE', #1617, 15.67544236128531500 ) ;
#694 = VERTEX_POINT ( 'NONE', #2608 ) ;
#695 = CARTESIAN_POINT ( 'NONE',  ( 15.53564062067734700, 8.221510283062139400, 4.275538034768925600 ) ) ;
#696 = CIRCLE ( 'NONE', #874, 16.31578947368420900 ) ;
#697 = DIRECTION ( 'NONE',  ( 0.0000000000000000000, 0.0000000000000000000, -1.000000000000000000 ) ) ;
#698 = ORIENTED_EDGE ( 'NONE', *, *, #3759, .T. ) ;
#699 = EDGE_CURVE ( 'NONE', #1959, #3776, #2886, .T. ) ;
#700 = ORIENTED_EDGE ( 'NONE', *, *, #1404, .T. ) ;
#701 = DIRECTION ( 'NONE',  ( 0.0000000000000000000, 0.2063564246127676000, 0.9784768908978051000 ) ) ;
#702 = FACE_OUTER_BOUND ( 'NONE', #2448, .T. ) ;
#703 = CARTESIAN_POINT ( 'NONE',  ( 4.000000000000000000, 5.200000000000000200, 16.69775595331738700 ) ) ;
#704 = ORIENTED_EDGE ( 'NONE', *, *, #1561, .F. ) ;
#705 = ORIENTED_EDGE ( 'NONE', *, *, #1044, .T. ) ;
#706 = AXIS2_PLACEMENT_3D ( 'NONE', #3003, #3681, #926 ) ;
#707 = EDGE_LOOP ( 'NONE', ( #1674, #1592, #2165 ) ) ;
#708 = TOROIDAL_SURFACE ( 'NONE', #366, 19.19999999999999900, 0.8000000000000000400 ) ;
#709 = CARTESIAN_POINT ( 'NONE',  ( 6.000000000000000000, 3.199999999999999700, 16.52329841713565300 ) ) ;
#710 = ORIENTED_EDGE ( 'NONE', *, *, #2643, .T. ) ;
#711 = CARTESIAN_POINT ( 'NONE',  ( 0.0000000000000000000, 0.0000000000000000000, 0.0000000000000000000 ) ) ;
#712 = CARTESIAN_POINT ( 'NONE',  ( 16.42390110874475400, 3.868823248517856900, -4.501509816783448400 ) ) ;
#713 = DIRECTION ( 'NONE',  ( 0.0000000000000000000, 0.2063564246127676000, 0.9784768908978051000 ) ) ;
#714 = CARTESIAN_POINT ( 'NONE',  ( 5.873933752176992800, 3.199999999999999700, 16.56907604989652700 ) ) ;
#715 = DATE_AND_TIME ( #474, #760 ) ;
#716 = EDGE_CURVE ( 'NONE', #3053, #3848, #1586, .T. ) ;
#717 = DIRECTION ( 'NONE',  ( 0.0000000000000000000, 0.0000000000000000000, 1.000000000000000000 ) ) ;
#718 = FACE_OUTER_BOUND ( 'NONE', #2405, .T. ) ;
#719 = CARTESIAN_POINT ( 'NONE',  ( 16.41010359672953500, 6.665765332425688200, 1.000000000000000000 ) ) ;
#720 = CARTESIAN_POINT ( 'NONE',  ( 15.69657236720982000, 7.735980187606073400, -4.068504162492021500 ) ) ;
#721 = AXIS2_PLACEMENT_3D ( 'NONE', #1172, #2089, #2993 ) ;
#722 = CARTESIAN_POINT ( 'NONE',  ( 6.999999999999999100, 6.144450123971211900, 17.64495041447337100 ) ) ;
#723 = ORIENTED_EDGE ( 'NONE', *, *, #1697, .F. ) ;
#724 = CARTESIAN_POINT ( 'NONE',  ( 0.0000000000000000000, 0.7999999999999999300, -17.67544236128531300 ) ) ;
#725 = ORIENTED_EDGE ( 'NONE', *, *, #675, .T. ) ;
#726 = DIRECTION ( 'NONE',  ( 0.0000000000000000000, -0.9784768908978054300, 0.2063564246127662900 ) ) ;
#727 = ORIENTED_EDGE ( 'NONE', *, *, #2361, .F. ) ;
#728 = LINE ( 'NONE', #3393, #1388 ) ;
#729 = CARTESIAN_POINT ( 'NONE',  ( -1.000000000000058600, 5.000000000000000000, 16.76142793844527600 ) ) ;
#730 = EDGE_LOOP ( 'NONE', ( #783, #3824 ) ) ;
#731 = CARTESIAN_POINT ( 'NONE',  ( 0.0000000000000000000, 16.69999999999999900, -9.000000000000000000 ) ) ;
#732 = FACE_OUTER_BOUND ( 'NONE', #3619, .T. ) ;
#733 = ADVANCED_FACE ( 'NONE', ( #3555 ), #3805, .F. ) ;
#734 = ORIENTED_EDGE ( 'NONE', *, *, #2174, .F. ) ;
#735 = DIRECTION ( 'NONE',  ( 0.0000000000000000000, 0.2063564246127676200, 0.9784768908978052100 ) ) ;
#736 = ORIENTED_EDGE ( 'NONE', *, *, #1018, .F. ) ;
#737 = LINE ( 'NONE', #3369, #1221 ) ;
#738 = EDGE_LOOP ( 'NONE', ( #2529, #1694, #3784, #1444 ) ) ;
#739 = DIRECTION ( 'NONE',  ( 0.0000000000000000000, 1.000000000000000000, 0.0000000000000000000 ) ) ;
#740 = FACE_OUTER_BOUND ( 'NONE', #1212, .T. ) ;
#741 = ORIENTED_EDGE ( 'NONE', *, *, #1561, .T. ) ;
#742 = CIRCLE ( 'NONE', #1783, 1.999999999999998200 ) ;
#743 = EDGE_LOOP ( 'NONE', ( #1316, #1219 ) ) ;
#744 = EDGE_CURVE ( 'NONE', #3250, #3710, #2116, .T. ) ;
#745 = CARTESIAN_POINT ( 'NONE',  ( 15.30334124337718800, 8.722657908349816600, -4.696696801283426500 ) ) ;
#746 = VERTEX_POINT ( 'NONE', #1982 ) ;
#747 = FACE_OUTER_BOUND ( 'NONE', #1943, .T. ) ;
#748 = CARTESIAN_POINT ( 'NONE',  ( -17.17090562550502100, 5.000000000000000000, -1.000000000000000000 ) ) ;
#749 = CARTESIAN_POINT ( 'NONE',  ( -14.83775531609702700, 9.199999999999999300, 5.740459791188767400 ) ) ;
#750 = AXIS2_PLACEMENT_3D ( 'NONE', #103, #141, #3467 ) ;
#751 = EDGE_CURVE ( 'NONE', #1475, #3381, #1279, .T. ) ;
#752 = ADVANCED_FACE ( 'NONE', ( #1507 ), #2792, .T. ) ;
#753 = CARTESIAN_POINT ( 'NONE',  ( 4.500650338408645400, 3.869797902773519200, -16.84738269465055900 ) ) ;
#754 = CARTESIAN_POINT ( 'NONE',  ( -4.424672770441412200, 8.439139855283523100, 15.87094060938086500 ) ) ;
#755 = CARTESIAN_POINT ( 'NONE',  ( -12.00000000000000000, 3.199999999999999700, -19.99999999999999600 ) ) ;
#756 = CARTESIAN_POINT ( 'NONE',  ( 16.37112251696216000, 3.442129830035712200, -5.011409825015272500 ) ) ;
#757 = CARTESIAN_POINT ( 'NONE',  ( -4.102325145812013600, 4.554782136835114200, 16.80018257456740100 ) ) ;
#758 = ADVANCED_FACE ( 'NONE', ( #317 ), #2069, .F. ) ;
#759 = CARTESIAN_POINT ( 'NONE',  ( 16.68512366752353400, 5.199999999999998400, -4.000000000000000900 ) ) ;
#760 = LOCAL_TIME ( 23, 21, 52.00000000000000000, #1415 ) ;
#761 = EDGE_CURVE ( 'NONE', #447, #410, #461, .T. ) ;
#762 = PLANE ( 'NONE',  #2113 ) ;
#763 = ORIENTED_EDGE ( 'NONE', *, *, #1614, .T. ) ;
#764 = VERTEX_POINT ( 'NONE', #146 ) ;
#765 = CARTESIAN_POINT ( 'NONE',  ( -4.254911415022832000, 4.187948843744220700, -16.84204062209541400 ) ) ;
#766 = ORIENTED_EDGE ( 'NONE', *, *, #772, .F. ) ;
#767 = CARTESIAN_POINT ( 'NONE',  ( 16.39636173835440800, 6.533355556528788600, -4.000000000000000000 ) ) ;
#768 = ORIENTED_EDGE ( 'NONE', *, *, #305, .F. ) ;
#769 = AXIS2_PLACEMENT_3D ( 'NONE', #847, #3012, #1464 ) ;
#770 = VERTEX_POINT ( 'NONE', #2068 ) ;
#771 = AXIS2_PLACEMENT_3D ( 'NONE', #469, #1940, #2573 ) ;
#772 = EDGE_CURVE ( 'NONE', #3267, #552, #1971, .T. ) ;
#773 = VERTEX_POINT ( 'NONE', #3881 ) ;
#774 = DIRECTION ( 'NONE',  ( -0.0000000000000000000, -1.000000000000000000, -0.0000000000000000000 ) ) ;
#775 = CIRCLE ( 'NONE', #1735, 20.26179316048376600 ) ;
#776 = ORIENTED_EDGE ( 'NONE', *, *, #656, .F. ) ;
#777 = VECTOR ( 'NONE', #463, 1000.000000000000000 ) ;
#778 = CARTESIAN_POINT ( 'NONE',  ( -4.000000000000001800, 7.336956975521752100, 15.80080082646386700 ) ) ;
#779 = EDGE_LOOP ( 'NONE', ( #2927, #556, #1625, #1966 ) ) ;
#780 = CARTESIAN_POINT ( 'NONE',  ( -16.54079131269814300, 5.866688152917659800, -4.000000000000000900 ) ) ;
#781 = DIRECTION ( 'NONE',  ( 0.0000000000000000000, 0.0000000000000000000, 1.000000000000000000 ) ) ;
#782 = CYLINDRICAL_SURFACE ( 'NONE', #1684, 19.75000000000000000 ) ;
#783 = ORIENTED_EDGE ( 'NONE', *, *, #1361, .T. ) ;
#784 = CIRCLE ( 'NONE', #3297, 9.000000000000000000 ) ;
#785 = EDGE_LOOP ( 'NONE', ( #1780, #1575, #315, #1340 ) ) ;
#786 = LINE ( 'NONE', #240, #2450 ) ;
#787 = ORIENTED_EDGE ( 'NONE', *, *, #2075, .T. ) ;
#788 = EDGE_CURVE ( 'NONE', #3153, #64, #2736, .T. ) ;
#789 = FACE_OUTER_BOUND ( 'NONE', #2882, .T. ) ;
#790 = ORIENTED_EDGE ( 'NONE', *, *, #1001, .F. ) ;
#791 = CIRCLE ( 'NONE', #3863, 0.7999999999999986000 ) ;
#792 = PLANE ( 'NONE',  #1332 ) ;
#793 = ORIENTED_EDGE ( 'NONE', *, *, #2951, .F. ) ;
#794 = CARTESIAN_POINT ( 'NONE',  ( -12.00000000000000000, 5.200000000000000200, -6.000000000000000000 ) ) ;
#795 = EDGE_CURVE ( 'NONE', #830, #3733, #791, .T. ) ;
#796 = CARTESIAN_POINT ( 'NONE',  ( -19.99999999999999600, 9.199999999999999300, -4.000000000000000000 ) ) ;
#797 = DIRECTION ( 'NONE',  ( -1.000000000000000000, 2.168404344971008900E-016, -3.134651602192769200E-032 ) ) ;
#798 = CARTESIAN_POINT ( 'NONE',  ( -5.010104502954029600, 3.442842660839565000, 16.79833180250599500 ) ) ;
#799 = CARTESIAN_POINT ( 'NONE',  ( 16.71687055040314700, 3.296413099450074200, -5.372860740564041400 ) ) ;
#800 = CARTESIAN_POINT ( 'NONE',  ( -4.000000000000000000, 7.199999999999999300, -16.25182708671581000 ) ) ;
#801 = CARTESIAN_POINT ( 'NONE',  ( 16.74912161255759100, 7.000000000000000000, 1.000000000000000000 ) ) ;
#802 = CARTESIAN_POINT ( 'NONE',  ( 0.9999999999999414900, 5.000000000000000000, 16.76142793844528400 ) ) ;
#803 = DIRECTION ( 'NONE',  ( 0.0000000000000000000, -0.9784768908978048700, 0.2063564246127686000 ) ) ;
#804 = CARTESIAN_POINT ( 'NONE',  ( -17.17090562550502100, 5.000000000000000000, 1.000000000000000000 ) ) ;
#805 = CARTESIAN_POINT ( 'NONE',  ( 1.102182119232617700E-015, 16.69999999999999900, 9.000000000000000000 ) ) ;
#806 = CARTESIAN_POINT ( 'NONE',  ( 16.52329841713565300, 3.199999999999999700, -6.000000000000000000 ) ) ;
#807 = VERTEX_POINT ( 'NONE', #3289 ) ;
#808 = EDGE_LOOP ( 'NONE', ( #174, #1469 ) ) ;
#809 = DIRECTION ( 'NONE',  ( -3.491481338843133700E-015, -0.0000000000000000000, 1.000000000000000000 ) ) ;
#810 = EDGE_CURVE ( 'NONE', #1065, #1637, #3657, .T. ) ;
#811 = EDGE_LOOP ( 'NONE', ( #3449, #2535 ) ) ;
#812 = CARTESIAN_POINT ( 'NONE',  ( -6.000000000000000000, 3.199999999999999700, -16.52329841713565300 ) ) ;
#813 = CARTESIAN_POINT ( 'NONE',  ( -6.999999999999999100, 5.997937062496145400, 16.95023182193593000 ) ) ;
#814 = DIRECTION ( 'NONE',  ( -2.168404344971008900E-016, 1.000000000000000000, 0.0000000000000000000 ) ) ;
#815 = AXIS2_PLACEMENT_3D ( 'NONE', #149, #2295, #482 ) ;
#816 = CARTESIAN_POINT ( 'NONE',  ( 1.164443744544985800, 3.551744835251633000, 17.46612288346784700 ) ) ;
#817 = EDGE_LOOP ( 'NONE', ( #2112, #3877, #1590, #948, #658, #1502, #1941, #2233, #3159, #1013, #3239, #3413 ) ) ;
#818 = ORIENTED_EDGE ( 'NONE', *, *, #1424, .T. ) ;
#819 = EDGE_CURVE ( 'NONE', #340, #286, #1118, .T. ) ;
#820 = CARTESIAN_POINT ( 'NONE',  ( 16.18914204850674900, 7.473045753190894500, 4.014212077171708700 ) ) ;
#821 = CIRCLE ( 'NONE', #207, 1.696975314065779900 ) ;
#822 = VERTEX_POINT ( 'NONE', #2343 ) ;
#823 = CARTESIAN_POINT ( 'NONE',  ( -17.11780916419263900, 5.200000000000000200, -4.000000000000000900 ) ) ;
#824 = AXIS2_PLACEMENT_3D ( 'NONE', #1193, #2685, #3342 ) ;
#825 = CIRCLE ( 'NONE', #2519, 17.57894736842105500 ) ;
#826 = ORIENTED_EDGE ( 'NONE', *, *, #2079, .T. ) ;
#827 = CARTESIAN_POINT ( 'NONE',  ( 6.999999999999999100, 6.103178839048657900, 17.44925503629381000 ) ) ;
#828 = CYLINDRICAL_SURFACE ( 'NONE', #706, 1.999999999999999100 ) ;
#829 = CARTESIAN_POINT ( 'NONE',  ( 6.000000000000000000, 3.199999999999999700, 17.11780916419263600 ) ) ;
#830 = VERTEX_POINT ( 'NONE', #1707 ) ;
#831 = CARTESIAN_POINT ( 'NONE',  ( -6.000000000000000000, 7.200000000000000200, -19.99999999999999600 ) ) ;
#832 = CYLINDRICAL_SURFACE ( 'NONE', #2751, 1.999999999999999100 ) ;
#833 = ORIENTED_EDGE ( 'NONE', *, *, #2031, .T. ) ;
#834 = LINE ( 'NONE', #2350, #2109 ) ;
#835 = CARTESIAN_POINT ( 'NONE',  ( -19.99999999999999600, 5.000000000000000000, -1.000000000000000000 ) ) ;
#836 = ORIENTED_EDGE ( 'NONE', *, *, #868, .T. ) ;
#837 = CARTESIAN_POINT ( 'NONE',  ( 0.0000000000000000000, 0.0000000000000000000, 0.0000000000000000000 ) ) ;
#838 = ORIENTED_EDGE ( 'NONE', *, *, #3626, .T. ) ;
#839 = EDGE_CURVE ( 'NONE', #3679, #447, #2304, .T. ) ;
#840 = B_SPLINE_CURVE_WITH_KNOTS ( 'NONE', 3,
 ( #2880, #189, #2281, #2310, #473, #3808, #3832 ),
 .UNSPECIFIED., .F., .F.,
 ( 4, 3, 4 ),
 ( 0.02619389252376597100, 0.02793053603302456100, 0.02823788413921559500 ),
 .UNSPECIFIED. ) ;
#841 = CARTESIAN_POINT ( 'NONE',  ( 0.0000000000000000000, -1.400000000000000100, 19.75000000000000000 ) ) ;
#842 =( BOUNDED_CURVE ( )  B_SPLINE_CURVE ( 3, ( #3875, #2918, #180, #3276 ),
 .UNSPECIFIED., .F., .F. ) 
 B_SPLINE_CURVE_WITH_KNOTS ( ( 4, 4 ),
 ( 4.542362976371253900, 4.594960240854015300 ),
 .UNSPECIFIED. ) 
 CURVE ( )  GEOMETRIC_REPRESENTATION_ITEM ( )  RATIONAL_B_SPLINE_CURVE ( ( 1.000000000000000000, 0.9997694739342027900, 0.9997694739342027900, 1.000000000000000000 ) ) 
 REPRESENTATION_ITEM ( '' )  );
#843 = AXIS2_PLACEMENT_3D ( 'NONE', #374, #3099, #385 ) ;
#844 = CARTESIAN_POINT ( 'NONE',  ( -16.42454742174043900, 3.972857292672987900, 4.415128226388042700 ) ) ;
#845 = AXIS2_PLACEMENT_3D ( 'NONE', #2292, #159, #1079 ) ;
#846 = EDGE_CURVE ( 'NONE', #3422, #3698, #367, .T. ) ;
#847 = CARTESIAN_POINT ( 'NONE',  ( -6.000000000000000000, 5.200000000000000200, -19.99999999999999600 ) ) ;
#848 = DIRECTION ( 'NONE',  ( 0.0000000000000000000, 0.0000000000000000000, -1.000000000000000000 ) ) ;
#849 = AXIS2_PLACEMENT_3D ( 'NONE', #2271, #133, #2828 ) ;
#850 = DIRECTION ( 'NONE',  ( 0.0000000000000000000, 0.2063564246127676000, 0.9784768908978051000 ) ) ;
#851 = CARTESIAN_POINT ( 'NONE',  ( -5.748729898233387200, 3.211760060058368400, -16.17712048148617800 ) ) ;
#852 = B_SPLINE_CURVE_WITH_KNOTS ( 'NONE', 3,
 ( #806, #2585, #3528, #173, #799, #1993, #511, #3539, #3510, #453, #183, #2621, #2940, #3226, #2897, #759 ),
 .UNSPECIFIED., .F., .F.,
 ( 4, 2, 2, 2, 2, 2, 2, 4 ),
 ( 0.0000000000000000000, 0.0003970749598604398600, 0.0007941499197208797100, 0.001191224879581319500, 0.001588299839441759400, 0.002382449759162640300, 0.002779524719023079200, 0.003176599678883517500 ),
 .UNSPECIFIED. ) ;
#853 = CARTESIAN_POINT ( 'NONE',  ( 4.012791987758513200, 4.939029188233084800, 16.31792195269604700 ) ) ;
#854 = FACE_OUTER_BOUND ( 'NONE', #1957, .T. ) ;
#855 = CARTESIAN_POINT ( 'NONE',  ( 4.000000000000000000, 7.199999999999999300, 16.25182708671581000 ) ) ;
#856 = CARTESIAN_POINT ( 'NONE',  ( -16.36097589463261700, 4.682485322497179900, 4.063694237192846600 ) ) ;
#857 = DIRECTION ( 'NONE',  ( 0.0000000000000000000, 0.0000000000000000000, 1.000000000000000000 ) ) ;
#858 = EDGE_LOOP ( 'NONE', ( #2114, #1201, #368, #3291 ) ) ;
#859 = DIRECTION ( 'NONE',  ( -0.0000000000000000000, -1.000000000000000000, -0.0000000000000000000 ) ) ;
#860 = CARTESIAN_POINT ( 'NONE',  ( 1.000000000000069900, 7.000000000000000000, -20.00000000000006400 ) ) ;
#861 = EDGE_CURVE ( 'NONE', #1391, #3250, #3518, .T. ) ;
#862 = CARTESIAN_POINT ( 'NONE',  ( 0.0000000000000000000, -13.45654066465862200, 0.0000000000000000000 ) ) ;
#863 = ORIENTED_EDGE ( 'NONE', *, *, #1351, .T. ) ;
#864 = CARTESIAN_POINT ( 'NONE',  ( 15.27524934419031900, 9.199999999999995700, -5.740191624440754500 ) ) ;
#865 = CARTESIAN_POINT ( 'NONE',  ( -16.41010359672953800, 6.665765332425689100, 1.000000000000000000 ) ) ;
#866 = ORIENTED_EDGE ( 'NONE', *, *, #224, .F. ) ;
#867 = B_SPLINE_CURVE_WITH_KNOTS ( 'NONE', 3,
 ( #3251, #2626, #2983, #3914, #1418, #120, #1031, #2563, #754, #2878, #1626, #3185, #3500, #3033, #1702, #1679 ),
 .UNSPECIFIED., .F., .F.,
 ( 4, 2, 2, 2, 2, 2, 2, 4 ),
 ( 0.0000000000000000000, 0.0008271148954549245100, 0.001240672343182387600, 0.001654229790909851200, 0.002067787238637314500, 0.002481344686364777900, 0.002894902134092241200, 0.003308459581819704500 ),
 .UNSPECIFIED. ) ;
#868 = EDGE_CURVE ( 'NONE', #1391, #2472, #1074, .T. ) ;
#869 = CIRCLE ( 'NONE', #849, 17.57894736842105500 ) ;
#870 = CARTESIAN_POINT ( 'NONE',  ( -4.067548782315976800, 7.732417210040985400, 15.69759410222480700 ) ) ;
#871 = DIRECTION ( 'NONE',  ( 0.0000000000000000000, 0.0000000000000000000, 1.000000000000000000 ) ) ;
#872 = ORIENTED_EDGE ( 'NONE', *, *, #2574, .T. ) ;
#873 = VECTOR ( 'NONE', #1227, 1000.000000000000000 ) ;
#874 = AXIS2_PLACEMENT_3D ( 'NONE', #2064, #1423, #241 ) ;
#875 = CARTESIAN_POINT ( 'NONE',  ( -16.68512366752374000, 5.199999999999034700, -4.000000000000000900 ) ) ;
#876 = EDGE_LOOP ( 'NONE', ( #3193, #2140 ) ) ;
#877 = EDGE_CURVE ( 'NONE', #2660, #2590, #3754, .T. ) ;
#878 = CARTESIAN_POINT ( 'NONE',  ( 15.17250757619137300, 9.199999999999995700, 5.999999999999998200 ) ) ;
#879 = ORIENTED_EDGE ( 'NONE', *, *, #2106, .F. ) ;
#880 = VECTOR ( 'NONE', #2679, 1000.000000000000000 ) ;
#881 = CARTESIAN_POINT ( 'NONE',  ( 16.25290769462751300, 3.259460882904474200, 5.499572003493436300 ) ) ;
#882 = EDGE_LOOP ( 'NONE', ( #1403, #2148, #31, #3635 ) ) ;
#883 = B_SPLINE_CURVE_WITH_KNOTS ( 'NONE', 3,
 ( #878, #3301, #3287, #3246, #2977, #1167, #3607, #3868, #1455, #1127, #1413, #1770, #3920, #820, #531, #3261 ),
 .UNSPECIFIED., .F., .F.,
 ( 4, 2, 2, 2, 2, 2, 2, 4 ),
 ( 0.0000000000000000000, 0.0008271148954549272200, 0.001240672343182389600, 0.001654229790909852300, 0.002067787238637314500, 0.002481344686364777000, 0.002894902134092239900, 0.003308459581819702400 ),
 .UNSPECIFIED. ) ;
#884 = DIRECTION ( 'NONE',  ( 1.000000000000000000, -2.168404344971008900E-016, 3.134651602192769200E-032 ) ) ;
#885 = VECTOR ( 'NONE', #3612, 1000.000000000000100 ) ;
#886 = ORIENTED_EDGE ( 'NONE', *, *, #228, .F. ) ;
#887 = CARTESIAN_POINT ( 'NONE',  ( -16.36310625473750600, 6.888588482176887200, 1.000000000000000000 ) ) ;
#888 = CIRCLE ( 'NONE', #3506, 15.90702130865373600 ) ;
#889 = EDGE_LOOP ( 'NONE', ( #580, #295, #1101, #348 ) ) ;
#890 = DIRECTION ( 'NONE',  ( 0.0000000000000000000, 0.0000000000000000000, -1.000000000000000000 ) ) ;
#891 = ORIENTED_EDGE ( 'NONE', *, *, #1891, .F. ) ;
#892 = CIRCLE ( 'NONE', #2943, 2.000000000000000000 ) ;
#893 =( NAMED_UNIT ( * ) SI_UNIT ( $, .STERADIAN. ) SOLID_ANGLE_UNIT ( ) );
#894 = DIRECTION ( 'NONE',  ( 0.0000000000000000000, 0.2063564246127676200, 0.9784768908978052100 ) ) ;
#895 = CARTESIAN_POINT ( 'NONE',  ( 14.73205100839540500, 9.199999999999997500, -6.000000000000000000 ) ) ;
#896 = ORIENTED_EDGE ( 'NONE', *, *, #1466, .T. ) ;
#897 = DIRECTION ( 'NONE',  ( -1.000000000000000000, 2.168404344971008900E-016, -3.134651602192769200E-032 ) ) ;
#898 = PLANE ( 'NONE',  #3168 ) ;
#899 = CARTESIAN_POINT ( 'NONE',  ( 4.266559501084621800, 4.193579710231460900, 16.41575896104851400 ) ) ;
#900 = EDGE_CURVE ( 'NONE', #2371, #921, #1856, .T. ) ;
#901 = CARTESIAN_POINT ( 'NONE',  ( -6.000000000000001800, 3.199999999999999700, -16.08772991682003100 ) ) ;
#902 = ADVANCED_FACE ( 'NONE', ( #2400 ), #522, .F. ) ;
#903 = CARTESIAN_POINT ( 'NONE',  ( 15.87192830807052100, 8.436903845125485200, -4.422883695233670300 ) ) ;
#904 = CARTESIAN_POINT ( 'NONE',  ( 0.0000000000000000000, 10.06480838483987300, 0.0000000000000000000 ) ) ;
#905 = AXIS2_PLACEMENT_3D ( 'NONE', #2748, #1844, #325 ) ;
#906 = CARTESIAN_POINT ( 'NONE',  ( -6.999999999999999100, 7.345342543926300000, 17.39168754395312200 ) ) ;
#907 = EDGE_CURVE ( 'NONE', #497, #1970, #3222, .T. ) ;
#908 = CARTESIAN_POINT ( 'NONE',  ( -4.691185250709332300, 3.681932639854844000, 16.41165826525141500 ) ) ;
#909 = CARTESIAN_POINT ( 'NONE',  ( 6.000000000000000000, 9.199999999999997500, -15.17250757619137100 ) ) ;
#910 = CARTESIAN_POINT ( 'NONE',  ( 0.0000000000000000000, 1.200000000000000000, -19.99999999999999600 ) ) ;
#911 = FACE_OUTER_BOUND ( 'NONE', #2607, .T. ) ;
#912 = CARTESIAN_POINT ( 'NONE',  ( 4.102507864328832600, 4.554221254920538100, 16.37917768871655300 ) ) ;
#913 = ORIENTED_EDGE ( 'NONE', *, *, #198, .F. ) ;
#914 = CARTESIAN_POINT ( 'NONE',  ( 6.000000000000000000, 5.200000000000000200, -19.99999999999999600 ) ) ;
#915 = CARTESIAN_POINT ( 'NONE',  ( 4.277428906880886400, 8.224638815439686100, 15.53443641575347600 ) ) ;
#916 = VERTEX_POINT ( 'NONE', #1485 ) ;
#917 = CARTESIAN_POINT ( 'NONE',  ( -1.000000000000058600, 7.000000000000000000, 16.73890120499051500 ) ) ;
#918 =( LENGTH_UNIT ( ) NAMED_UNIT ( * ) SI_UNIT ( .MILLI., .METRE. ) );
#919 = ADVANCED_FACE ( 'NONE', ( #2837 ), #898, .F. ) ;
#920 = PLANE ( 'NONE',  #2447 ) ;
#921 = VERTEX_POINT ( 'NONE', #268 ) ;
#922 = CARTESIAN_POINT ( 'NONE',  ( 5.013385626941682100, 8.944467643188437100, -15.58342489097326600 ) ) ;
#923 = EDGE_CURVE ( 'NONE', #1733, #64, #1607, .T. ) ;
#924 = VERTEX_POINT ( 'NONE', #3019 ) ;
#925 = ORIENTED_EDGE ( 'NONE', *, *, #1676, .F. ) ;
#926 = DIRECTION ( 'NONE',  ( 0.0000000000000000000, 0.0000000000000000000, 1.000000000000000000 ) ) ;
#927 = FACE_OUTER_BOUND ( 'NONE', #889, .T. ) ;
#928 = CARTESIAN_POINT ( 'NONE',  ( 0.0000000000000000000, 1.199999999999999700, 0.0000000000000000000 ) ) ;
#929 = ORIENTED_EDGE ( 'NONE', *, *, #2958, .F. ) ;
#930 = DIRECTION ( 'NONE',  ( 0.0000000000000000000, 1.000000000000000000, 0.0000000000000000000 ) ) ;
#931 = CARTESIAN_POINT ( 'NONE',  ( 16.25182708671581000, 7.199999999999995700, -4.000000000000000000 ) ) ;
#932 = CIRCLE ( 'NONE', #1953, 17.17017920339057500 ) ;
#933 = ORIENTED_EDGE ( 'NONE', *, *, #2688, .T. ) ;
#934 = AXIS2_PLACEMENT_3D ( 'NONE', #2339, #1425, #3878 ) ;
#935 = FACE_OUTER_BOUND ( 'NONE', #2496, .T. ) ;
#936 = DIRECTION ( 'NONE',  ( -0.0000000000000000000, -0.2063564246127676000, -0.9784768908978052100 ) ) ;
#937 = VERTEX_POINT ( 'NONE', #3366 ) ;
#938 = CARTESIAN_POINT ( 'NONE',  ( -16.42017763276802000, 4.187103083742744800, -4.255362992035106400 ) ) ;
#939 = ORIENTED_EDGE ( 'NONE', *, *, #761, .T. ) ;
#940 = VERTEX_POINT ( 'NONE', #3960 ) ;
#941 = DIRECTION ( 'NONE',  ( 0.0000000000000000000, -0.0000000000000000000, 1.000000000000000000 ) ) ;
#942 = VECTOR ( 'NONE', #3266, 1000.000000000000000 ) ;
#943 = PERSON ( 'NON SPECIFICATO', 'NON SPECIFICATO', 'NON SPECIFICATO', ('NON SPECIFICATO'), ('NON SPECIFICATO'), ('NON SPECIFICATO') ) ;
#944 = DIRECTION ( 'NONE',  ( -1.224646799147353500E-016, 0.0000000000000000000, 1.000000000000000000 ) ) ;
#945 = ORIENTED_EDGE ( 'NONE', *, *, #2079, .F. ) ;
#946 = CARTESIAN_POINT ( 'NONE',  ( 4.067548782315971500, 7.732417210040964100, -15.69759410222480700 ) ) ;
#947 = ADVANCED_FACE ( 'NONE', ( #3130 ), #3336, .F. ) ;
#948 = ORIENTED_EDGE ( 'NONE', *, *, #3088, .F. ) ;
#949 = CARTESIAN_POINT ( 'NONE',  ( -14.94542278342338400, 9.149169738605031900, -5.484053137301916800 ) ) ;
#950 = DIRECTION ( 'NONE',  ( 0.0000000000000000000, 0.2063564246127676000, 0.9784768908978051000 ) ) ;
#951 = CARTESIAN_POINT ( 'NONE',  ( 5.874246008532291600, 3.199999999999999700, -16.13463050209262000 ) ) ;
#952 = EDGE_CURVE ( 'NONE', #3367, #924, #414, .T. ) ;
#953 = CARTESIAN_POINT ( 'NONE',  ( 6.999999999999999100, 8.444129289740658400, 16.43434076040400900 ) ) ;
#954 = CARTESIAN_POINT ( 'NONE',  ( 1.754582249751181400E-015, 0.8707106781186552100, -14.32725134277727900 ) ) ;
#955 = AXIS2_PLACEMENT_3D ( 'NONE', #2184, #2199, #697 ) ;
#956 = CIRCLE ( 'NONE', #424, 16.37017920339057400 ) ;
#957 = EDGE_CURVE ( 'NONE', #2441, #1959, #1924, .T. ) ;
#958 = ADVANCED_FACE ( 'NONE', ( #2930 ), #1025, .T. ) ;
#959 = DIRECTION ( 'NONE',  ( 0.0000000000000000000, 0.0000000000000000000, 1.000000000000000000 ) ) ;
#960 = ORIENTED_EDGE ( 'NONE', *, *, #430, .F. ) ;
#961 = DIRECTION ( 'NONE',  ( 0.0000000000000000000, -0.9784768908978051000, 0.2063564246127676000 ) ) ;
#962 = CARTESIAN_POINT ( 'NONE',  ( 0.0000000000000000000, 1.199999999999999700, 0.0000000000000000000 ) ) ;
#963 = EDGE_LOOP ( 'NONE', ( #1163, #3426, #1429, #2533 ) ) ;
#964 = CARTESIAN_POINT ( 'NONE',  ( -0.9999999999999430500, 6.999999999999999100, -16.33960731324720000 ) ) ;
#965 = EDGE_LOOP ( 'NONE', ( #1555, #2619, #2952, #1609 ) ) ;
#966 = EDGE_LOOP ( 'NONE', ( #3419, #3873 ) ) ;
#967 = DIRECTION ( 'NONE',  ( 7.204896056858679900E-016, 0.9784768908978051000, -0.2063564246127676000 ) ) ;
#968 = CARTESIAN_POINT ( 'NONE',  ( -6.999999999999999100, 3.551744835251632500, 17.46612288346784700 ) ) ;
#969 = VECTOR ( 'NONE', #3614, 1000.000000000000000 ) ;
#970 = CARTESIAN_POINT ( 'NONE',  ( 16.79140473292509800, 6.799511519855169400, -1.000000000000000000 ) ) ;
#971 = CARTESIAN_POINT ( 'NONE',  ( -15.39588668813732200, 7.199999999999997500, -4.000000000000000000 ) ) ;
#972 = EDGE_CURVE ( 'NONE', #363, #2840, #2542, .T. ) ;
#973 = LINE ( 'NONE', #2797, #1305 ) ;
#974 = DIRECTION ( 'NONE',  ( 0.0000000000000000000, -0.0000000000000000000, -1.000000000000000000 ) ) ;
#975 = ORIENTED_EDGE ( 'NONE', *, *, #334, .F. ) ;
#976 = DIRECTION ( 'NONE',  ( 1.000000000000000000, 2.168404344971008900E-016, -3.134651602192769200E-032 ) ) ;
#977 = ORIENTED_EDGE ( 'NONE', *, *, #1123, .F. ) ;
#978 = DIRECTION ( 'NONE',  ( 0.0000000000000000000, -1.000000000000000000, -0.0000000000000000000 ) ) ;
#979 = FACE_OUTER_BOUND ( 'NONE', #397, .T. ) ;
#980 = ADVANCED_FACE ( 'NONE', ( #369 ), #291, .F. ) ;
#981 = AXIS2_PLACEMENT_3D ( 'NONE', #2638, #2369, #3906 ) ;
#982 = VERTEX_POINT ( 'NONE', #1186 ) ;
#983 = AXIS2_PLACEMENT_3D ( 'NONE', #3514, #2898, #1974 ) ;
#984 = EDGE_CURVE ( 'NONE', #3515, #1226, #2804, .T. ) ;
#985 = LINE ( 'NONE', #3932, #1162 ) ;
#986 = ORIENTED_EDGE ( 'NONE', *, *, #513, .F. ) ;
#987 = CIRCLE ( 'NONE', #3295, 15.67544236128531500 ) ;
#988 = EDGE_LOOP ( 'NONE', ( #2445, #3348, #3451, #3640 ) ) ;
#989 = DIRECTION ( 'NONE',  ( -1.000000000000000000, 0.0000000000000000000, 0.0000000000000000000 ) ) ;
#990 = AXIS2_PLACEMENT_3D ( 'NONE', #1713, #2615, #3864 ) ;
#991 = CARTESIAN_POINT ( 'NONE',  ( 0.0000000000000000000, 5.000000000000000000, -17.19999999999999900 ) ) ;
#992 = VECTOR ( 'NONE', #1914, 1000.000000000000000 ) ;
#993 = ORIENTED_EDGE ( 'NONE', *, *, #278, .F. ) ;
#994 = VECTOR ( 'NONE', #2076, 1000.000000000000000 ) ;
#995 = DIRECTION ( 'NONE',  ( 0.0000000000000000000, 0.2063564246127676000, 0.9784768908978051000 ) ) ;
#996 = CARTESIAN_POINT ( 'NONE',  ( 16.78178975796912200, 4.682913400429996800, 4.063588163106604000 ) ) ;
#997 = EDGE_CURVE ( 'NONE', #3400, #2735, #3438, .T. ) ;
#998 = ADVANCED_FACE ( 'NONE', ( #3849 ), #708, .T. ) ;
#999 = CARTESIAN_POINT ( 'NONE',  ( -15.53319137189992300, 9.004186922511589600, -5.127259221866920000 ) ) ;
#1000 = DIRECTION ( 'NONE',  ( 1.000000000000000000, 0.0000000000000000000, 0.0000000000000000000 ) ) ;
#1001 = EDGE_CURVE ( 'NONE', #1711, #2203, #3031, .T. ) ;
#1002 = LINE ( 'NONE', #2372, #3146 ) ;
#1003 = CARTESIAN_POINT ( 'NONE',  ( -19.99999999999999600, 5.000000000000000000, 1.000000000000000000 ) ) ;
#1004 = EDGE_LOOP ( 'NONE', ( #1428, #2829, #2122, #3750, #2929, #164, #3005 ) ) ;
#1005 = AXIS2_PLACEMENT_3D ( 'NONE', #3201, #1695, #1978 ) ;
#1006 = EDGE_LOOP ( 'NONE', ( #3730, #3842, #2331 ) ) ;
#1007 = DIRECTION ( 'NONE',  ( 1.000000000000000000, 0.0000000000000000000, 0.0000000000000000000 ) ) ;
#1008 = CARTESIAN_POINT ( 'NONE',  ( 15.25352236173356200, 8.804586746989745200, -4.799228138825427900 ) ) ;
#1009 = EDGE_LOOP ( 'NONE', ( #1634, #3586, #2568, #162, #3577, #1296, #2303, #2738, #1383, #1876, #1270, #3151 ) ) ;
#1010 = DIRECTION ( 'NONE',  ( 0.0000000000000000000, 0.2063564246127676200, 0.9784768908978052100 ) ) ;
#1011 = ORIENTED_EDGE ( 'NONE', *, *, #2600, .F. ) ;
#1012 = CIRCLE ( 'NONE', #3303, 16.37017920339057400 ) ;
#1013 = ORIENTED_EDGE ( 'NONE', *, *, #1466, .F. ) ;
#1014 = CIRCLE ( 'NONE', #2359, 19.99999999999999600 ) ;
#1015 = DIRECTION ( 'NONE',  ( 0.0000000000000000000, -1.000000000000000000, -0.0000000000000000000 ) ) ;
#1016 = ORIENTED_EDGE ( 'NONE', *, *, #2239, .F. ) ;
#1017 = CARTESIAN_POINT ( 'NONE',  ( 16.36310625473750600, 6.888588482176888100, 1.000000000000000000 ) ) ;
#1018 = EDGE_CURVE ( 'NONE', #2349, #2636, #1691, .T. ) ;
#1019 = CIRCLE ( 'NONE', #1930, 18.25000000000000000 ) ;
#1020 = CARTESIAN_POINT ( 'NONE',  ( -0.9999999999999414900, 5.000000000000000000, -16.76142793844528400 ) ) ;
#1021 = ORIENTED_EDGE ( 'NONE', *, *, #3806, .F. ) ;
#1022 = CARTESIAN_POINT ( 'NONE',  ( -15.25352236173356600, 8.804586746989745200, 4.799228138825427000 ) ) ;
#1023 = CIRCLE ( 'NONE', #1535, 9.000000000000000000 ) ;
#1024 = EDGE_LOOP ( 'NONE', ( #2536, #1897, #3124, #723 ) ) ;
#1025 = CYLINDRICAL_SURFACE ( 'NONE', #1855, 2.000000000000000400 ) ;
#1026 = EDGE_CURVE ( 'NONE', #101, #121, #2170, .T. ) ;
#1027 = ORIENTED_EDGE ( 'NONE', *, *, #3521, .T. ) ;
#1028 = ORIENTED_EDGE ( 'NONE', *, *, #788, .T. ) ;
#1029 = ADVANCED_FACE ( 'NONE', ( #3469, #269 ), #3132, .T. ) ;
#1030 = CARTESIAN_POINT ( 'NONE',  ( -6.999999999999999100, 5.410592455797856600, 17.79971773293294700 ) ) ;
#1031 = CARTESIAN_POINT ( 'NONE',  ( -4.695304088946309100, 8.721458675129039100, 15.73109448758960100 ) ) ;
#1032 = CARTESIAN_POINT ( 'NONE',  ( -5.740459791188769100, 9.199999999999999300, -14.83775531609702500 ) ) ;
#1033 = CARTESIAN_POINT ( 'NONE',  ( -17.17090562550502100, 5.000000000000000000, 1.000000000000000000 ) ) ;
#1034 = ADVANCED_FACE ( 'NONE', ( #217, #3430 ), #674, .T. ) ;
#1035 = CARTESIAN_POINT ( 'NONE',  ( 15.97529678390391100, 6.533357300494606600, 4.000000000000000000 ) ) ;
#1036 = EDGE_CURVE ( 'NONE', #3313, #2435, #2216, .T. ) ;
#1037 = CYLINDRICAL_SURFACE ( 'NONE', #2523, 2.000000000000000000 ) ;
#1038 = CARTESIAN_POINT ( 'NONE',  ( -5.128539761472536500, 9.004797439175895600, -15.10157419627590700 ) ) ;
#1039 = CARTESIAN_POINT ( 'NONE',  ( 15.65871114893572600, 7.862661683964661000, -4.108301065455242100 ) ) ;
#1040 = PRODUCT_DEFINITION_SHAPE ( 'NONE', 'NONE',  #572 ) ;
#1041 = AXIS2_PLACEMENT_3D ( 'NONE', #3836, #3232, #1696 ) ;
#1042 = CARTESIAN_POINT ( 'NONE',  ( 15.17250757619137300, 9.199999999999995700, 5.999999999999998200 ) ) ;
#1043 = AXIS2_PLACEMENT_3D ( 'NONE', #3228, #1085, #3542 ) ;
#1044 = EDGE_CURVE ( 'NONE', #3400, #131, #2592, .T. ) ;
#1045 = CARTESIAN_POINT ( 'NONE',  ( -15.69657236720982000, 7.735980187606073400, 4.068504162492018800 ) ) ;
#1046 = ORIENTED_EDGE ( 'NONE', *, *, #2768, .F. ) ;
#1047 = CARTESIAN_POINT ( 'NONE',  ( -6.999999999999999100, 3.656986611804144500, 17.96514609782572700 ) ) ;
#1048 = ORIENTED_EDGE ( 'NONE', *, *, #3653, .T. ) ;
#1049 = ADVANCED_FACE ( 'NONE', ( #171 ), #1731, .T. ) ;
#1050 = CARTESIAN_POINT ( 'NONE',  ( 5.371441759053541700, 3.296900346763789200, -16.71721657213499400 ) ) ;
#1051 = DIRECTION ( 'NONE',  ( 0.0000000000000000000, 1.000000000000000000, -1.445602896647340400E-016 ) ) ;
#1052 = CLOSED_SHELL ( 'NONE', ( #1952, #623, #2206, #1334, #642, #2444, #1573, #3719, #2127, #3491, #2577, #462, #394, #1863, #3677, #2558, #1532, #118, #321, #3136, #1665, #2867, #669, #919, #2789, #1657, #3338, #294, #998, #1076, #377, #2620, #2421, #980, #2143, #3496, #2404, #1806, #947, #3427, #49, #63, #2183, #3777, #3813, #603, #3946, #1110, #733, #3361, #3034, #1888, #1595, #1240, #1517, #3191, #2763, #3173, #1282, #1960, #902, #1197, #2462, #3661, #336, #1317, #3399, #26, #471, #758, #1368, #1348, #438, #3071, #1650, #3091, #2168, #3474, #2480, #3701, #3386, #3628, #2931, #1846, #1029, #2099, #155, #958, #1260, #3050, #2744, #1557, #2538, #1222, #3859, #3817, #4, #1049, #353, #2892, #1034, #683 ) ) ;
#1053 = CARTESIAN_POINT ( 'NONE',  ( 16.40649914106424500, 4.309881445522860200, -4.204117055177074600 ) ) ;
#1054 = EDGE_LOOP ( 'NONE', ( #1548, #408 ) ) ;
#1055 = DIRECTION ( 'NONE',  ( 2.168404344971008900E-016, 1.000000000000000000, 0.0000000000000000000 ) ) ;
#1056 = DIRECTION ( 'NONE',  ( 0.0000000000000000000, 0.0000000000000000000, -1.000000000000000000 ) ) ;
#1057 = FACE_OUTER_BOUND ( 'NONE', #1670, .T. ) ;
#1058 = ORIENTED_EDGE ( 'NONE', *, *, #3717, .F. ) ;
#1059 = EDGE_CURVE ( 'NONE', #2209, #2809, #3092, .T. ) ;
#1060 = ORIENTED_EDGE ( 'NONE', *, *, #2899, .F. ) ;
#1061 = FACE_OUTER_BOUND ( 'NONE', #3501, .T. ) ;
#1062 = EDGE_LOOP ( 'NONE', ( #3227, #886 ) ) ;
#1063 = DIRECTION ( 'NONE',  ( 0.0000000000000000000, -0.0000000000000000000, -1.000000000000000000 ) ) ;
#1064 = FACE_OUTER_BOUND ( 'NONE', #215, .T. ) ;
#1065 = VERTEX_POINT ( 'NONE', #2815 ) ;
#1066 = CIRCLE ( 'NONE', #1177, 1.227307901828121200 ) ;
#1067 = DIRECTION ( 'NONE',  ( 0.0000000000000000000, -0.0000000000000000000, -1.000000000000000000 ) ) ;
#1068 = CARTESIAN_POINT ( 'NONE',  ( -4.000000000000000000, 7.200000000000001100, 16.25182708671580700 ) ) ;
#1069 = ORIENTED_EDGE ( 'NONE', *, *, #861, .F. ) ;
#1070 = EDGE_CURVE ( 'NONE', #2654, #1883, #2634, .T. ) ;
#1071 = CARTESIAN_POINT ( 'NONE',  ( 4.000000000000000000, 7.200000000000000200, 15.83054006020342900 ) ) ;
#1072 = ORIENTED_EDGE ( 'NONE', *, *, #810, .T. ) ;
#1073 = ORIENTED_EDGE ( 'NONE', *, *, #2138, .T. ) ;
#1074 = CIRCLE ( 'NONE', #314, 19.75000000000000000 ) ;
#1075 = CARTESIAN_POINT ( 'NONE',  ( -5.371441759053541700, 3.296900346763789200, 16.71721657213499400 ) ) ;
#1076 = ADVANCED_FACE ( 'NONE', ( #500 ), #2844, .F. ) ;
#1077 = CARTESIAN_POINT ( 'NONE',  ( 15.83054006020342900, 7.199999999999995700, -4.000000000000000000 ) ) ;
#1078 = AXIS2_PLACEMENT_3D ( 'NONE', #437, #510, #1145 ) ;
#1079 = DIRECTION ( 'NONE',  ( 0.0000000000000000000, -0.9784768908978054300, 0.2063564246127662900 ) ) ;
#1080 = EDGE_CURVE ( 'NONE', #1854, #2215, #2470, .T. ) ;
#1081 = CARTESIAN_POINT ( 'NONE',  ( -19.99999999999999600, 7.200000000000004600, -6.000000000000000000 ) ) ;
#1082 = CARTESIAN_POINT ( 'NONE',  ( -4.102869331936760000, 4.553246061961747400, -16.80038251206193300 ) ) ;
#1083 = PLANE ( 'NONE',  #1450 ) ;
#1084 = CARTESIAN_POINT ( 'NONE',  ( 4.000000000000000000, 5.866688152917633100, -16.54079131269815100 ) ) ;
#1085 = DIRECTION ( 'NONE',  ( -2.168404344971008900E-016, 1.000000000000000000, 0.0000000000000000000 ) ) ;
#1086 = CYLINDRICAL_SURFACE ( 'NONE', #2124, 0.9978925415248386400 ) ;
#1087 = EDGE_CURVE ( 'NONE', #2045, #2393, #888, .T. ) ;
#1088 = CARTESIAN_POINT ( 'NONE',  ( -6.999999999999999100, 7.345342543926300900, 17.39168754395312200 ) ) ;
#1089 = ORIENTED_EDGE ( 'NONE', *, *, #1881, .T. ) ;
#1090 = CARTESIAN_POINT ( 'NONE',  ( -5.748415452985938100, 3.211815022043560400, -16.61037630902921000 ) ) ;
#1091 = CARTESIAN_POINT ( 'NONE',  ( 0.0000000000000000000, 1.199999999999999700, -18.00000000000000000 ) ) ;
#1092 = ORIENTED_EDGE ( 'NONE', *, *, #3404, .T. ) ;
#1093 = AXIS2_PLACEMENT_3D ( 'NONE', #575, #3904, #2047 ) ;
#1094 = DIRECTION ( 'NONE',  ( 1.224646799147353000E-016, 0.0000000000000000000, -1.000000000000000000 ) ) ;
#1095 = EDGE_CURVE ( 'NONE', #1314, #303, #3125, .T. ) ;
#1096 = CARTESIAN_POINT ( 'NONE',  ( 2.042152711211424300E-015, 10.30000000000000100, 15.67544236128531500 ) ) ;
#1097 = ORIENTED_EDGE ( 'NONE', *, *, #264, .T. ) ;
#1098 = DIRECTION ( 'NONE',  ( -0.0000000000000000000, 1.000000000000000000, -0.0000000000000000000 ) ) ;
#1099 = FACE_OUTER_BOUND ( 'NONE', #1054, .T. ) ;
#1100 = CC_DESIGN_PERSON_AND_ORGANIZATION_ASSIGNMENT ( #3766, #1565, ( #3905 ) ) ;
#1101 = ORIENTED_EDGE ( 'NONE', *, *, #2746, .T. ) ;
#1102 = CYLINDRICAL_SURFACE ( 'NONE', #15, 0.7500000000000003300 ) ;
#1103 = CARTESIAN_POINT ( 'NONE',  ( -19.99999999999999600, 5.000000000000000000, 1.000000000000000000 ) ) ;
#1104 = PLANE ( 'NONE',  #1726 ) ;
#1105 = ORIENTED_EDGE ( 'NONE', *, *, #2808, .T. ) ;
#1106 = CARTESIAN_POINT ( 'NONE',  ( -4.068504162492021500, 7.735980187606078800, -15.69657236720982000 ) ) ;
#1107 = CIRCLE ( 'NONE', #3814, 14.25654066465862400 ) ;
#1108 = CARTESIAN_POINT ( 'NONE',  ( 0.9999999999999401600, 5.000000000000000000, 17.16069231019163200 ) ) ;
#1109 = ORIENTED_EDGE ( 'NONE', *, *, #3398, .T. ) ;
#1110 = ADVANCED_FACE ( 'NONE', ( #3798 ), #3446, .F. ) ;
#1111 = CARTESIAN_POINT ( 'NONE',  ( -6.999999999999999100, 6.144450123971211900, 17.64495041447337100 ) ) ;
#1112 = ORIENTED_EDGE ( 'NONE', *, *, #2220, .F. ) ;
#1113 = VECTOR ( 'NONE', #1307, 1000.000000000000000 ) ;
#1114 = EDGE_LOOP ( 'NONE', ( #1155, #265, #2090, #2500 ) ) ;
#1115 = EDGE_CURVE ( 'NONE', #2630, #2678, #65, .T. ) ;
#1116 = ORIENTED_EDGE ( 'NONE', *, *, #37, .T. ) ;
#1117 = ORIENTED_EDGE ( 'NONE', *, *, #3004, .T. ) ;
#1118 = LINE ( 'NONE', #1170, #3954 ) ;
#1119 = CARTESIAN_POINT ( 'NONE',  ( 5.740459791188768300, 9.199999999999999300, 14.83775531609702400 ) ) ;
#1120 = ORIENTED_EDGE ( 'NONE', *, *, #2106, .T. ) ;
#1121 = AXIS2_PLACEMENT_3D ( 'NONE', #1448, #2994, #3292 ) ;
#1122 = CARTESIAN_POINT ( 'NONE',  ( -4.690103520863412500, 3.682872291618624100, -16.83648183611155600 ) ) ;
#1123 = EDGE_CURVE ( 'NONE', #2454, #1600, #677, .T. ) ;
#1124 = DIRECTION ( 'NONE',  ( 0.0000000000000000000, 0.2063564246127676000, 0.9784768908978051000 ) ) ;
#1125 = CARTESIAN_POINT ( 'NONE',  ( 0.0000000000000000000, 10.69999999999999900, 0.0000000000000000000 ) ) ;
#1126 = DIRECTION ( 'NONE',  ( -1.000000000000000000, -2.126435228616731500E-016, 0.0000000000000000000 ) ) ;
#1127 = CARTESIAN_POINT ( 'NONE',  ( 15.95851218011838700, 8.223312567616554600, 4.276644305403315200 ) ) ;
#1128 = AXIS2_PLACEMENT_3D ( 'NONE', #1800, #2423, #959 ) ;
#1129 = DIRECTION ( 'NONE',  ( 0.0000000000000000000, -1.000000000000000000, 0.0000000000000000000 ) ) ;
#1130 = PRODUCT ( 'Altoparlante', 'Altoparlante', '', ( #1160 ) ) ;
#1131 = CARTESIAN_POINT ( 'NONE',  ( 0.9999999999999428200, 6.777176926155124900, 16.38660501512379900 ) ) ;
#1132 = CARTESIAN_POINT ( 'NONE',  ( 0.0000000000000000000, -1.400000000000000100, 0.0000000000000000000 ) ) ;
#1133 = PLANE ( 'NONE',  #110 ) ;
#1134 = CARTESIAN_POINT ( 'NONE',  ( -4.266559501084621800, 4.193579710231460900, -16.41575896104851400 ) ) ;
#1135 = EDGE_LOOP ( 'NONE', ( #704, #2258, #2341, #1346 ) ) ;
#1136 = B_SPLINE_CURVE_WITH_KNOTS ( 'NONE', 3,
 ( #339, #1208, #1195, #3333, #1556, #2728, #1841 ),
 .UNSPECIFIED., .F., .F.,
 ( 4, 3, 4 ),
 ( 0.02619389252376596800, 0.02793053603302455800, 0.02823788413921559200 ),
 .UNSPECIFIED. ) ;
#1137 = EDGE_CURVE ( 'NONE', #1166, #1854, #3424, .T. ) ;
#1138 = CARTESIAN_POINT ( 'NONE',  ( 4.211510062945745100, 8.104955347710207600, 16.00149071079920300 ) ) ;
#1139 = CARTESIAN_POINT ( 'NONE',  ( -4.788247956980212500, 8.812174322039522800, 15.25622508762977100 ) ) ;
#1140 = ORIENTED_EDGE ( 'NONE', *, *, #430, .T. ) ;
#1141 = CARTESIAN_POINT ( 'NONE',  ( -1.164443744544990200, 3.551744835251633000, 17.46612288346784700 ) ) ;
#1142 = DIRECTION ( 'NONE',  ( 0.0000000000000000000, -1.445602896647339200E-016, 1.000000000000000000 ) ) ;
#1143 = CARTESIAN_POINT ( 'NONE',  ( 1.000000000000058600, 7.000000000000000000, -16.74912161255758700 ) ) ;
#1144 = AXIS2_PLACEMENT_3D ( 'NONE', #1081, #3831, #2945 ) ;
#1145 = DIRECTION ( 'NONE',  ( 3.491481338843133700E-015, 0.0000000000000000000, -1.000000000000000000 ) ) ;
#1146 = ORIENTED_EDGE ( 'NONE', *, *, #3938, .T. ) ;
#1147 = ORIENTED_EDGE ( 'NONE', *, *, #2566, .T. ) ;
#1148 = EDGE_CURVE ( 'NONE', #1539, #101, #83, .T. ) ;
#1149 = DIRECTION ( 'NONE',  ( 1.000000000000000000, -0.0000000000000000000, -0.0000000000000000000 ) ) ;
#1150 = FACE_OUTER_BOUND ( 'NONE', #1256, .T. ) ;
#1151 = EDGE_LOOP ( 'NONE', ( #879, #1140, #1620, #3952 ) ) ;
#1152 = DIRECTION ( 'NONE',  ( 0.0000000000000000000, 0.0000000000000000000, 1.000000000000000000 ) ) ;
#1153 = DIRECTION ( 'NONE',  ( 0.0000000000000000000, 0.9784768908978051000, -0.2063564246127676000 ) ) ;
#1154 = CYLINDRICAL_SURFACE ( 'NONE', #1656, 9.000000000000000000 ) ;
#1155 = ORIENTED_EDGE ( 'NONE', *, *, #2824, .F. ) ;
#1156 = DIRECTION ( 'NONE',  ( -0.0000000000000000000, -1.000000000000000000, -0.0000000000000000000 ) ) ;
#1157 = SPHERICAL_SURFACE ( 'NONE', #3355, 20.26179316048376600 ) ;
#1158 = CARTESIAN_POINT ( 'NONE',  ( 0.0000000000000000000, 0.0000000000000000000, 0.0000000000000000000 ) ) ;
#1159 = VERTEX_POINT ( 'NONE', #1091 ) ;
#1160 = MECHANICAL_CONTEXT ( 'NONE', #1180, 'mechanical' ) ;
#1161 = DIRECTION ( 'NONE',  ( 0.0000000000000000000, -0.0000000000000000000, 1.000000000000000000 ) ) ;
#1162 = VECTOR ( 'NONE', #967, 1000.000000000000000 ) ;
#1163 = ORIENTED_EDGE ( 'NONE', *, *, #2657, .T. ) ;
#1164 = LINE ( 'NONE', #168, #2210 ) ;
#1165 = CARTESIAN_POINT ( 'NONE',  ( -6.999999999999999100, 8.549371066293169000, 16.93336397476188900 ) ) ;
#1166 = VERTEX_POINT ( 'NONE', #3526 ) ;
#1167 = CARTESIAN_POINT ( 'NONE',  ( 15.68214474636033300, 8.803572285320303300, 4.797863899132343200 ) ) ;
#1168 = ORIENTED_EDGE ( 'NONE', *, *, #1044, .F. ) ;
#1169 = ORIENTED_EDGE ( 'NONE', *, *, #3415, .T. ) ;
#1170 = CARTESIAN_POINT ( 'NONE',  ( -19.99999999999999600, 7.000000000000000000, 1.000000000000000000 ) ) ;
#1171 = VECTOR ( 'NONE', #1530, 1000.000000000000000 ) ;
#1172 = CARTESIAN_POINT ( 'NONE',  ( -6.999999999999999100, 6.487175507945048400, 16.84705360962954400 ) ) ;
#1173 = EDGE_CURVE ( 'NONE', #1551, #3595, #2785, .T. ) ;
#1174 = CARTESIAN_POINT ( 'NONE',  ( -16.08161162168676100, 7.860509066871856900, 4.107549681266715600 ) ) ;
#1175 = B_SPLINE_CURVE_WITH_KNOTS ( 'NONE', 3,
 ( #1880, #2196, #3107, #2810, #3726, #2473, #1299 ),
 .UNSPECIFIED., .F., .F.,
 ( 4, 3, 4 ),
 ( 0.02619389252376596800, 0.02793053603302455800, 0.02823788413921559200 ),
 .UNSPECIFIED. ) ;
#1176 = CARTESIAN_POINT ( 'NONE',  ( 4.013862427173937600, 7.470252044855350000, 16.18983395686751000 ) ) ;
#1177 = AXIS2_PLACEMENT_3D ( 'NONE', #827, #1460, #2953 ) ;
#1178 = CARTESIAN_POINT ( 'NONE',  ( -16.31792195269605000, 4.939029188233085700, 4.012791987758513200 ) ) ;
#1179 = AXIS2_PLACEMENT_3D ( 'NONE', #2564, #1370, #3531 ) ;
#1180 = APPLICATION_CONTEXT ( 'configuration controlled 3d designs of mechanical parts and assemblies' ) ;
#1181 = EDGE_CURVE ( 'NONE', #1159, #940, #3706, .T. ) ;
#1182 = CARTESIAN_POINT ( 'NONE',  ( 0.0000000000000000000, 1.199999999999999700, 0.0000000000000000000 ) ) ;
#1183 = DIRECTION ( 'NONE',  ( 0.0000000000000000000, 0.0000000000000000000, 1.000000000000000000 ) ) ;
#1184 = PLANE ( 'NONE',  #3247 ) ;
#1185 = APPROVAL ( #2996, 'NON SPECIFICATO' ) ;
#1186 = CARTESIAN_POINT ( 'NONE',  ( 1.000000000000057100, 7.000000000000000000, -16.33960731324719600 ) ) ;
#1187 = B_SPLINE_CURVE_WITH_KNOTS ( 'NONE', 3,
 ( #812, #221, #1090, #3874, #1410, #3821, #1712, #203, #1122, #2299, #765, #1082, #2321, #166, #517, #2027 ),
 .UNSPECIFIED., .F., .F.,
 ( 4, 2, 2, 2, 2, 2, 2, 4 ),
 ( 0.0000000000000000000, 0.0003970749598604386600, 0.0007941499197208773300, 0.001191224879581316000, 0.001588299839441754700, 0.002382449759162633000, 0.002779524719023071300, 0.003176599678883510600 ),
 .UNSPECIFIED. ) ;
#1188 = DIRECTION ( 'NONE',  ( -1.000000000000000000, 0.0000000000000000000, 0.0000000000000000000 ) ) ;
#1189 = PERSON_AND_ORGANIZATION ( #943, #1417 ) ;
#1190 = CARTESIAN_POINT ( 'NONE',  ( 5.488205412529149300, 9.150644323139506000, 14.94361964808719800 ) ) ;
#1191 = CARTESIAN_POINT ( 'NONE',  ( 2.143529605597940400E-015, 3.559574257008956400, 17.50324752484021900 ) ) ;
#1192 = CARTESIAN_POINT ( 'NONE',  ( -1.162035017639187600, 5.188559286833327500, 17.12092599519694900 ) ) ;
#1193 = CARTESIAN_POINT ( 'NONE',  ( 0.0000000000000000000, 5.000000000000000000, 0.0000000000000000000 ) ) ;
#1194 = FACE_OUTER_BOUND ( 'NONE', #3957, .T. ) ;
#1195 = CARTESIAN_POINT ( 'NONE',  ( -16.93200347631844900, 6.132845712036968600, -1.000000000000000000 ) ) ;
#1196 = ORIENTED_EDGE ( 'NONE', *, *, #2411, .F. ) ;
#1197 = ADVANCED_FACE ( 'NONE', ( #361 ), #1642, .F. ) ;
#1198 = CARTESIAN_POINT ( 'NONE',  ( 0.0000000000000000000, 6.144450123971211900, 17.64495041447337100 ) ) ;
#1199 = CARTESIAN_POINT ( 'NONE',  ( -16.29293449356862300, 5.068742330359854400, -4.000000000000002700 ) ) ;
#1200 = EDGE_CURVE ( 'NONE', #2062, #1488, #2145, .T. ) ;
#1201 = ORIENTED_EDGE ( 'NONE', *, *, #1281, .T. ) ;
#1202 = ORIENTED_EDGE ( 'NONE', *, *, #3398, .F. ) ;
#1203 = EDGE_CURVE ( 'NONE', #576, #3687, #1164, .T. ) ;
#1204 = CYLINDRICAL_SURFACE ( 'NONE', #2420, 2.000000000000000000 ) ;
#1205 = CARTESIAN_POINT ( 'NONE',  ( 15.68474223228237100, 8.811121356308946800, -4.786846227039619700 ) ) ;
#1206 = CARTESIAN_POINT ( 'NONE',  ( -16.28704021057033600, 3.296510746575783000, 5.372637920152683000 ) ) ;
#1207 = VERTEX_POINT ( 'NONE', #506 ) ;
#1208 = CARTESIAN_POINT ( 'NONE',  ( -17.05145656687629000, 5.566423281142705000, -1.000000000000000000 ) ) ;
#1209 = FACE_OUTER_BOUND ( 'NONE', #858, .T. ) ;
#1210 = AXIS2_PLACEMENT_3D ( 'NONE', #1342, #1010, #388 ) ;
#1211 = DIRECTION ( 'NONE',  ( -0.0000000000000000000, 1.000000000000000000, -0.0000000000000000000 ) ) ;
#1212 = EDGE_LOOP ( 'NONE', ( #2452, #1774, #1048, #2799 ) ) ;
#1213 = CARTESIAN_POINT ( 'NONE',  ( 2.449293598294706100E-015, 0.0000000000000000000, 19.99999999999999600 ) ) ;
#1214 = VECTOR ( 'NONE', #2549, 1000.000000000000000 ) ;
#1215 = CARTESIAN_POINT ( 'NONE',  ( 16.13463050209262700, 3.200000000000001500, 5.874246008532295200 ) ) ;
#1216 = EDGE_LOOP ( 'NONE', ( #1169, #2327 ) ) ;
#1217 = B_SPLINE_CURVE_WITH_KNOTS ( 'NONE', 3,
 ( #2570, #1654, #1084, #1356 ),
 .UNSPECIFIED., .F., .F.,
 ( 4, 4 ),
 ( 0.02750104792802424100, 0.02954743837477220200 ),
 .UNSPECIFIED. ) ;
#1218 = CARTESIAN_POINT ( 'NONE',  ( -6.000000000000000000, 9.199999999999997500, -15.17250757619137000 ) ) ;
#1219 = ORIENTED_EDGE ( 'NONE', *, *, #3453, .F. ) ;
#1220 = DIRECTION ( 'NONE',  ( 0.0000000000000000000, 0.0000000000000000000, -1.000000000000000000 ) ) ;
#1221 = VECTOR ( 'NONE', #3385, 1000.000000000000100 ) ;
#1222 = ADVANCED_FACE ( 'NONE', ( #261 ), #3214, .F. ) ;
#1223 = ORIENTED_EDGE ( 'NONE', *, *, #1747, .F. ) ;
#1224 = CARTESIAN_POINT ( 'NONE',  ( 4.068504162492021500, 7.735980187606077900, 15.69657236720982000 ) ) ;
#1225 = ORIENTED_EDGE ( 'NONE', *, *, #459, .T. ) ;
#1226 = VERTEX_POINT ( 'NONE', #2617 ) ;
#1227 = DIRECTION ( 'NONE',  ( -1.000000000000000000, -0.0000000000000000000, -0.0000000000000000000 ) ) ;
#1228 = VECTOR ( 'NONE', #3634, 1000.000000000000100 ) ;
#1229 = CARTESIAN_POINT ( 'NONE',  ( -16.74912161255759100, 7.000000000000000000, 1.000000000000000000 ) ) ;
#1230 = ORIENTED_EDGE ( 'NONE', *, *, #1442, .T. ) ;
#1231 = CARTESIAN_POINT ( 'NONE',  ( 4.797863899132345000, 8.803572285320305100, -15.68214474636033600 ) ) ;
#1232 = DIRECTION ( 'NONE',  ( 0.0000000000000000000, 0.0000000000000000000, -1.000000000000000000 ) ) ;
#1233 = EDGE_CURVE ( 'NONE', #126, #940, #1315, .T. ) ;
#1234 = CARTESIAN_POINT ( 'NONE',  ( -16.11976796865835800, 7.731513134146206700, 4.067314714142527000 ) ) ;
#1235 = DIRECTION ( 'NONE',  ( 1.000000000000000000, -0.0000000000000000000, -0.0000000000000000000 ) ) ;
#1236 = VERTEX_POINT ( 'NONE', #2919 ) ;
#1237 = CARTESIAN_POINT ( 'NONE',  ( 6.999999999999999100, 6.144450123971211900, 17.64495041447337100 ) ) ;
#1238 = EDGE_CURVE ( 'NONE', #340, #1860, #1544, .T. ) ;
#1239 = DIRECTION ( 'NONE',  ( -1.000000000000000000, 0.0000000000000000000, 0.0000000000000000000 ) ) ;
#1240 = ADVANCED_FACE ( 'NONE', ( #456 ), #1714, .F. ) ;
#1241 = PLANE ( 'NONE',  #67 ) ;
#1242 = LOCAL_TIME ( 23, 21, 52.00000000000000000, #3339 ) ;
#1243 = AXIS2_PLACEMENT_3D ( 'NONE', #1750, #2695, #3312 ) ;
#1244 = CARTESIAN_POINT ( 'NONE',  ( 16.08772991682003100, 3.199999999999999700, 6.000000000000002700 ) ) ;
#1245 = CONICAL_SURFACE ( 'NONE', #3149, 18.00000000000000000, 0.2074962264352024900 ) ;
#1246 = CARTESIAN_POINT ( 'NONE',  ( -4.508399443175694200, 8.538652794522208800, -15.82569080539038400 ) ) ;
#1247 = CARTESIAN_POINT ( 'NONE',  ( 0.0000000000000000000, 10.06480838483987300, -16.13372455056002900 ) ) ;
#1248 = CARTESIAN_POINT ( 'NONE',  ( -15.83054006020342900, 7.200000000000004600, -4.000000000000000000 ) ) ;
#1249 = ORIENTED_EDGE ( 'NONE', *, *, #1704, .T. ) ;
#1250 = DIRECTION ( 'NONE',  ( 0.0000000000000000000, 0.0000000000000000000, 1.000000000000000000 ) ) ;
#1251 = CARTESIAN_POINT ( 'NONE',  ( -16.79833180250599900, 3.442842660839573000, -5.010104502954012800 ) ) ;
#1252 = ORIENTED_EDGE ( 'NONE', *, *, #3497, .T. ) ;
#1253 = CARTESIAN_POINT ( 'NONE',  ( -0.9999999999999301700, 7.000000000000000000, -20.00000000000007100 ) ) ;
#1254 = EDGE_CURVE ( 'NONE', #3313, #529, #602, .T. ) ;
#1255 = CARTESIAN_POINT ( 'NONE',  ( 6.999999999999999100, 6.144450123971211900, 17.64495041447337100 ) ) ;
#1256 = EDGE_LOOP ( 'NONE', ( #3020, #1681, #601, #790 ) ) ;
#1257 = CARTESIAN_POINT ( 'NONE',  ( -6.999999999999999100, 6.731794730669499800, 16.79546450347635300 ) ) ;
#1258 = FACE_OUTER_BOUND ( 'NONE', #1151, .T. ) ;
#1259 = CARTESIAN_POINT ( 'NONE',  ( 0.0000000000000000000, 14.69999999999999900, 0.0000000000000000000 ) ) ;
#1260 = ADVANCED_FACE ( 'NONE', ( #3176 ), #1083, .T. ) ;
#1261 = VERTEX_POINT ( 'NONE', #1789 ) ;
#1262 = AXIS2_PLACEMENT_3D ( 'NONE', #2651, #229, #570 ) ;
#1263 = B_SPLINE_CURVE_WITH_KNOTS ( 'NONE', 3,
 ( #3860, #778, #3523, #870, #2629, #1749, #2954, #1740, #2986, #1139, #3293, #3888, #3950, #1494 ),
 .UNSPECIFIED., .F., .F.,
 ( 4, 2, 2, 2, 2, 2, 4 ),
 ( 1.163048003318133800E-015, 0.0004142483445850515000, 0.0008284966891689399800, 0.001242745033752827100, 0.001656993378336714000, 0.002485490067504491100, 0.003313986756672267900 ),
 .UNSPECIFIED. ) ;
#1264 = AXIS2_PLACEMENT_3D ( 'NONE', #2268, #457, #2890 ) ;
#1265 = LINE ( 'NONE', #1283, #3365 ) ;
#1266 = VERTEX_POINT ( 'NONE', #2073 ) ;
#1267 = AXIS2_PLACEMENT_3D ( 'NONE', #3131, #1271, #3693 ) ;
#1268 = VECTOR ( 'NONE', #3143, 1000.000000000000100 ) ;
#1269 = DIRECTION ( 'NONE',  ( 0.0000000000000000000, 0.0000000000000000000, 1.000000000000000000 ) ) ;
#1270 = ORIENTED_EDGE ( 'NONE', *, *, #2133, .F. ) ;
#1271 = DIRECTION ( 'NONE',  ( -0.0000000000000000000, 1.000000000000000000, -0.0000000000000000000 ) ) ;
#1272 = FACE_OUTER_BOUND ( 'NONE', #2780, .T. ) ;
#1273 = EDGE_LOOP ( 'NONE', ( #3928, #2151, #3495, #2282 ) ) ;
#1274 = CARTESIAN_POINT ( 'NONE',  ( -4.000000000000000000, 7.200000000000000200, 15.39588668813732200 ) ) ;
#1275 = VECTOR ( 'NONE', #1329, 1000.000000000000100 ) ;
#1276 = ORIENTED_EDGE ( 'NONE', *, *, #1975, .F. ) ;
#1277 = CARTESIAN_POINT ( 'NONE',  ( 0.0000000000000000000, -1.400000000000000100, 18.25000000000000000 ) ) ;
#1278 = ORIENTED_EDGE ( 'NONE', *, *, #795, .T. ) ;
#1279 = LINE ( 'NONE', #137, #3326 ) ;
#1280 = CARTESIAN_POINT ( 'NONE',  ( 15.80080082645924100, 7.336956975521689000, 4.000000000000000000 ) ) ;
#1281 = EDGE_CURVE ( 'NONE', #770, #1236, #2975, .T. ) ;
#1282 = ADVANCED_FACE ( 'NONE', ( #2348 ), #3892, .F. ) ;
#1283 = CARTESIAN_POINT ( 'NONE',  ( 17.11780916419263900, 3.199999999999999700, -6.000000000000000000 ) ) ;
#1284 = DIRECTION ( 'NONE',  ( -0.0000000000000000000, -0.0000000000000000000, -1.000000000000000000 ) ) ;
#1285 = CARTESIAN_POINT ( 'NONE',  ( 9.797174393178825700E-016, 16.69999999999999900, -6.999999999999999100 ) ) ;
#1286 = EDGE_CURVE ( 'NONE', #2840, #2823, #1360, .T. ) ;
#1287 = CARTESIAN_POINT ( 'NONE',  ( 4.000000000000001800, 7.336956975521743200, -15.80080082646308900 ) ) ;
#1288 = B_SPLINE_CURVE_WITH_KNOTS ( 'NONE', 3,
 ( #1909, #3157, #100, #2502, #3764, #2551, #1336 ),
 .UNSPECIFIED., .F., .F.,
 ( 4, 3, 4 ),
 ( 0.02556193666978640700, 0.02726434758186798900, 0.02760593583986973800 ),
 .UNSPECIFIED. ) ;
#1289 = CARTESIAN_POINT ( 'NONE',  ( 15.81786920383351000, 7.199999999999997500, -4.000000000000000000 ) ) ;
#1290 = EDGE_CURVE ( 'NONE', #447, #773, #2588, .T. ) ;
#1291 = CARTESIAN_POINT ( 'NONE',  ( 15.83054006020342900, 7.200000000000003700, 4.000000000000000000 ) ) ;
#1292 = CARTESIAN_POINT ( 'NONE',  ( 16.77026324080426200, 6.899755774282181300, -1.000000000000000000 ) ) ;
#1293 = ORIENTED_EDGE ( 'NONE', *, *, #357, .F. ) ;
#1294 = CARTESIAN_POINT ( 'NONE',  ( -15.81786920383351000, 7.199999999999997500, 4.000000000000000000 ) ) ;
#1295 = CARTESIAN_POINT ( 'NONE',  ( 4.212142499284438700, 8.106224801777253600, -15.57798677772370900 ) ) ;
#1296 = ORIENTED_EDGE ( 'NONE', *, *, #1801, .T. ) ;
#1297 = CARTESIAN_POINT ( 'NONE',  ( 4.254911415022832000, 4.187948843744220700, 16.84204062209541400 ) ) ;
#1298 = EDGE_LOOP ( 'NONE', ( #2322, #170, #2503, #346 ) ) ;
#1299 = CARTESIAN_POINT ( 'NONE',  ( 16.74912161255759100, 7.000000000000000000, 1.000000000000000000 ) ) ;
#1300 = FACE_BOUND ( 'NONE', #1382, .T. ) ;
#1301 = EDGE_LOOP ( 'NONE', ( #534, #3547, #1505, #1579 ) ) ;
#1302 = DIRECTION ( 'NONE',  ( 0.0000000000000000000, -0.0000000000000000000, 1.000000000000000000 ) ) ;
#1303 = EDGE_CURVE ( 'NONE', #192, #2084, #2879, .T. ) ;
#1304 = ORIENTED_EDGE ( 'NONE', *, *, #3521, .F. ) ;
#1305 = VECTOR ( 'NONE', #3101, 1000.000000000000100 ) ;
#1306 = ORIENTED_EDGE ( 'NONE', *, *, #2414, .T. ) ;
#1307 = DIRECTION ( 'NONE',  ( 0.0000000000000000000, -0.0000000000000000000, -1.000000000000000000 ) ) ;
#1308 = CARTESIAN_POINT ( 'NONE',  ( -15.80076976652294900, 7.337100014679035300, 3.999999999999997300 ) ) ;
#1309 = CIRCLE ( 'NONE', #1478, 1.696975314065780800 ) ;
#1310 = AXIS2_PLACEMENT_3D ( 'NONE', #2323, #520, #3876 ) ;
#1311 = VERTEX_POINT ( 'NONE', #2335 ) ;
#1312 = CARTESIAN_POINT ( 'NONE',  ( 16.79833180250599200, 3.442842660839561900, 5.010104502954035900 ) ) ;
#1313 = EDGE_CURVE ( 'NONE', #86, #3175, #1445, .T. ) ;
#1314 = VERTEX_POINT ( 'NONE', #2697 ) ;
#1315 = LINE ( 'NONE', #2020, #1400 ) ;
#1316 = ORIENTED_EDGE ( 'NONE', *, *, #744, .F. ) ;
#1317 = ADVANCED_FACE ( 'NONE', ( #3596 ), #3747, .F. ) ;
#1318 = PLANE ( 'NONE',  #2313 ) ;
#1319 = EDGE_LOOP ( 'NONE', ( #3126, #153, #3378, #734 ) ) ;
#1320 = EDGE_LOOP ( 'NONE', ( #3471, #725, #1667, #2251 ) ) ;
#1321 = VECTOR ( 'NONE', #3844, 1000.000000000000000 ) ;
#1322 = CARTESIAN_POINT ( 'NONE',  ( 4.064042903292856200, 4.681035215468346800, -16.36120402991216900 ) ) ;
#1323 = DIRECTION ( 'NONE',  ( -2.168404344971008900E-016, 1.000000000000000000, 0.0000000000000000000 ) ) ;
#1324 = VERTEX_POINT ( 'NONE', #1143 ) ;
#1325 = DIRECTION ( 'NONE',  ( -0.0000000000000000000, 1.000000000000000000, -0.0000000000000000000 ) ) ;
#1326 = DIRECTION ( 'NONE',  ( 0.0000000000000000000, 0.0000000000000000000, 1.000000000000000000 ) ) ;
#1327 = CARTESIAN_POINT ( 'NONE',  ( 16.83770809576557100, 4.194404368532160800, 4.266091931785142700 ) ) ;
#1328 = EDGE_CURVE ( 'NONE', #2827, #1266, #987, .T. ) ;
#1329 = DIRECTION ( 'NONE',  ( -0.0000000000000000000, -0.2063564246127675700, -0.9784768908978051000 ) ) ;
#1330 = AXIS2_PLACEMENT_3D ( 'NONE', #1506, #2689, #2712 ) ;
#1331 = DIRECTION ( 'NONE',  ( 0.0000000000000000000, 0.7071067811865475700, 0.7071067811865474600 ) ) ;
#1332 = AXIS2_PLACEMENT_3D ( 'NONE', #2595, #1710, #1965 ) ;
#1333 = DIRECTION ( 'NONE',  ( 0.0000000000000000000, -0.9784768908978048700, 0.2063564246127689000 ) ) ;
#1334 = ADVANCED_FACE ( 'NONE', ( #2394 ), #555, .F. ) ;
#1335 = CYLINDRICAL_SURFACE ( 'NONE', #3718, 18.25000000000000000 ) ;
#1336 = CARTESIAN_POINT ( 'NONE',  ( -16.33960731324720000, 7.000000000000000000, -1.000000000000000000 ) ) ;
#1337 = AXIS2_PLACEMENT_3D ( 'NONE', #1259, #2150, #25 ) ;
#1338 = ORIENTED_EDGE ( 'NONE', *, *, #3759, .F. ) ;
#1339 = CARTESIAN_POINT ( 'NONE',  ( 0.0000000000000000000, 0.7999999999999999300, 16.25654066465862300 ) ) ;
#1340 = ORIENTED_EDGE ( 'NONE', *, *, #3816, .F. ) ;
#1341 = DIRECTION ( 'NONE',  ( 0.0000000000000000000, 0.2063564246127676200, 0.9784768908978052100 ) ) ;
#1342 = CARTESIAN_POINT ( 'NONE',  ( -6.999999999999999100, 6.144450123971211900, 17.64495041447337100 ) ) ;
#1343 = ORIENTED_EDGE ( 'NONE', *, *, #2688, .F. ) ;
#1344 = DIRECTION ( 'NONE',  ( -0.0000000000000000000, -0.2063564246127675700, -0.9784768908978051000 ) ) ;
#1345 = CIRCLE ( 'NONE', #1456, 18.25000000000000000 ) ;
#1346 = ORIENTED_EDGE ( 'NONE', *, *, #3435, .F. ) ;
#1347 = CIRCLE ( 'NONE', #2173, 16.79123183496952300 ) ;
#1348 = ADVANCED_FACE ( 'NONE', ( #2257 ), #1964, .F. ) ;
#1349 = CARTESIAN_POINT ( 'NONE',  ( -1.164443744544990200, 3.551744835251633000, 17.46612288346784700 ) ) ;
#1350 = ORIENTED_EDGE ( 'NONE', *, *, #1840, .T. ) ;
#1351 = EDGE_CURVE ( 'NONE', #937, #316, #786, .T. ) ;
#1352 = CARTESIAN_POINT ( 'NONE',  ( -1.000000000000057100, 6.888588482176887200, 16.36310625473750600 ) ) ;
#1353 = FACE_BOUND ( 'NONE', #882, .T. ) ;
#1354 = CARTESIAN_POINT ( 'NONE',  ( -4.000000000000000000, 5.199999999998994800, 16.68512366752375100 ) ) ;
#1355 = EDGE_LOOP ( 'NONE', ( #3650, #1729, #1293, #1027, #891, #1912, #1761, #3320 ) ) ;
#1356 = CARTESIAN_POINT ( 'NONE',  ( 4.000000000000000000, 5.199999999998994800, -16.68512366752375100 ) ) ;
#1357 = LINE ( 'NONE', #12, #259 ) ;
#1358 = AXIS2_PLACEMENT_3D ( 'NONE', #2896, #2305, #1981 ) ;
#1359 = ORIENTED_EDGE ( 'NONE', *, *, #2486, .T. ) ;
#1360 = LINE ( 'NONE', #2039, #2680 ) ;
#1361 = EDGE_CURVE ( 'NONE', #633, #1869, #3513, .T. ) ;
#1362 = EDGE_LOOP ( 'NONE', ( #216, #3219, #2424, #1495 ) ) ;
#1363 = ORIENTED_EDGE ( 'NONE', *, *, #1377, .F. ) ;
#1364 = FACE_OUTER_BOUND ( 'NONE', #2302, .T. ) ;
#1365 = CARTESIAN_POINT ( 'NONE',  ( -16.52329841713565300, 3.199999999999999700, 6.000000000000000900 ) ) ;
#1366 = DIRECTION ( 'NONE',  ( 0.0000000000000000000, -1.000000000000000000, 0.0000000000000000000 ) ) ;
#1367 = CARTESIAN_POINT ( 'NONE',  ( -5.748140956128062300, 3.211818287357210100, 16.61047440523088200 ) ) ;
#1368 = ADVANCED_FACE ( 'NONE', ( #2830 ), #659, .F. ) ;
#1369 = EDGE_CURVE ( 'NONE', #940, #1159, #165, .T. ) ;
#1370 = DIRECTION ( 'NONE',  ( -0.0000000000000000000, -1.000000000000000000, -0.0000000000000000000 ) ) ;
#1371 = CARTESIAN_POINT ( 'NONE',  ( -4.277428906880886400, 8.224638815439687900, -15.53443641575348100 ) ) ;
#1372 = ADVANCED_BREP_SHAPE_REPRESENTATION ( 'Altoparlante', ( #255, #1737, #3633 ), #342 ) ;
#1373 = DIRECTION ( 'NONE',  ( 0.0000000000000000000, 0.0000000000000000000, 1.000000000000000000 ) ) ;
#1374 = AXIS2_PLACEMENT_3D ( 'NONE', #2556, #2567, #427 ) ;
#1375 = DIRECTION ( 'NONE',  ( -3.491481338843133700E-015, -0.0000000000000000000, 1.000000000000000000 ) ) ;
#1376 = AXIS2_PLACEMENT_3D ( 'NONE', #904, #3331, #2694 ) ;
#1377 = EDGE_CURVE ( 'NONE', #1854, #1397, #834, .T. ) ;
#1378 = DIRECTION ( 'NONE',  ( 0.0000000000000000000, 1.000000000000000000, 0.0000000000000000000 ) ) ;
#1379 = EDGE_LOOP ( 'NONE', ( #3592, #2784, #42, #2525 ) ) ;
#1380 = CARTESIAN_POINT ( 'NONE',  ( -19.99999999999999600, 7.000000000000000000, 1.000000000000000000 ) ) ;
#1381 = AXIS2_PLACEMENT_3D ( 'NONE', #813, #2708, #283 ) ;
#1382 = EDGE_LOOP ( 'NONE', ( #3002, #3644 ) ) ;
#1383 = ORIENTED_EDGE ( 'NONE', *, *, #3948, .F. ) ;
#1384 = DIRECTION ( 'NONE',  ( 0.0000000000000000000, -1.000000000000000000, 0.0000000000000000000 ) ) ;
#1385 = CARTESIAN_POINT ( 'NONE',  ( -0.9999999999999419400, 5.555256008530254700, -16.64432408106849700 ) ) ;
#1386 = ORIENTED_EDGE ( 'NONE', *, *, #2025, .F. ) ;
#1387 = CARTESIAN_POINT ( 'NONE',  ( 0.0000000000000000000, 10.69999999999999900, -9.000000000000000000 ) ) ;
#1388 = VECTOR ( 'NONE', #1007, 1000.000000000000000 ) ;
#1389 = DIRECTION ( 'NONE',  ( 0.0000000000000000000, 1.000000000000000000, 0.0000000000000000000 ) ) ;
#1390 = DIRECTION ( 'NONE',  ( -0.0000000000000000000, -0.2063564246127676000, -0.9784768908978052100 ) ) ;
#1391 = VERTEX_POINT ( 'NONE', #841 ) ;
#1392 = CARTESIAN_POINT ( 'NONE',  ( -15.17250757619137000, 9.199999999999995700, 5.999999999999998200 ) ) ;
#1393 = VERTEX_POINT ( 'NONE', #3599 ) ;
#1394 = DIRECTION ( 'NONE',  ( 1.000000000000000000, 0.0000000000000000000, 0.0000000000000000000 ) ) ;
#1395 = EDGE_CURVE ( 'NONE', #2371, #3880, #3318, .T. ) ;
#1396 = LINE ( 'NONE', #805, #597 ) ;
#1397 = VERTEX_POINT ( 'NONE', #2356 ) ;
#1398 = CARTESIAN_POINT ( 'NONE',  ( -16.68412299600180000, 3.259696218200958600, 5.498606416869682400 ) ) ;
#1399 = VERTEX_POINT ( 'NONE', #539 ) ;
#1400 = VECTOR ( 'NONE', #2272, 1000.000000000000000 ) ;
#1401 = DIRECTION ( 'NONE',  ( -0.0000000000000000000, 1.000000000000000000, -0.0000000000000000000 ) ) ;
#1402 = CARTESIAN_POINT ( 'NONE',  ( -4.000000000000000000, 5.199999999999998400, -16.26447788644217200 ) ) ;
#1403 = ORIENTED_EDGE ( 'NONE', *, *, #3912, .T. ) ;
#1404 = EDGE_CURVE ( 'NONE', #639, #1970, #1686, .T. ) ;
#1405 = DIRECTION ( 'NONE',  ( -0.0000000000000000000, 0.0000000000000000000, 1.000000000000000000 ) ) ;
#1406 = FACE_OUTER_BOUND ( 'NONE', #2259, .T. ) ;
#1407 = LINE ( 'NONE', #2382, #880 ) ;
#1408 = AXIS2_PLACEMENT_3D ( 'NONE', #794, #3255, #3216 ) ;
#1409 = EDGE_LOOP ( 'NONE', ( #127, #2854, #2041, #439 ) ) ;
#1410 = CARTESIAN_POINT ( 'NONE',  ( -5.372860740564042300, 3.296413099450072000, -16.71687055040314400 ) ) ;
#1411 = CARTESIAN_POINT ( 'NONE',  ( 4.000000000000000000, 5.199999999999991300, 16.68512366752353400 ) ) ;
#1412 = CARTESIAN_POINT ( 'NONE',  ( 6.999999999999999100, 5.997937062496145400, 16.95023182193593000 ) ) ;
#1413 = CARTESIAN_POINT ( 'NONE',  ( 16.00122729651929300, 8.105694203540775100, 4.211899344301271800 ) ) ;
#1414 = CARTESIAN_POINT ( 'NONE',  ( 0.0000000000000000000, 5.997937062496145400, 16.95023182193593000 ) ) ;
#1415 = COORDINATED_UNIVERSAL_TIME_OFFSET ( 1, 0, .AHEAD. ) ;
#1416 = DIRECTION ( 'NONE',  ( 0.0000000000000000000, -0.9784768908978053200, 0.2063564246127664300 ) ) ;
#1417 = ORGANIZATION ( 'NON SPECIFICATO', 'NON SPECIFICATO', '' ) ;
#1418 = CARTESIAN_POINT ( 'NONE',  ( -5.013385626941682100, 8.944467643188437100, 15.58342489097326400 ) ) ;
#1419 = EDGE_CURVE ( 'NONE', #3840, #1533, #1814, .T. ) ;
#1420 = CARTESIAN_POINT ( 'NONE',  ( -4.108301065455242100, 7.862661683964666400, -15.65871114893572600 ) ) ;
#1421 = ORIENTED_EDGE ( 'NONE', *, *, #1137, .T. ) ;
#1422 = AXIS2_PLACEMENT_3D ( 'NONE', #2686, #262, #2100 ) ;
#1423 = DIRECTION ( 'NONE',  ( -2.168404344971008900E-016, 1.000000000000000000, 0.0000000000000000000 ) ) ;
#1424 = EDGE_CURVE ( 'NONE', #64, #3153, #1602, .T. ) ;
#1425 = DIRECTION ( 'NONE',  ( 0.0000000000000000000, -0.2063564246127676000, -0.9784768908978051000 ) ) ;
#1426 = ORIENTED_EDGE ( 'NONE', *, *, #245, .T. ) ;
#1427 = DIRECTION ( 'NONE',  ( 0.0000000000000000000, 0.0000000000000000000, -1.000000000000000000 ) ) ;
#1428 = ORIENTED_EDGE ( 'NONE', *, *, #2609, .F. ) ;
#1429 = ORIENTED_EDGE ( 'NONE', *, *, #2666, .F. ) ;
#1430 = FACE_OUTER_BOUND ( 'NONE', #730, .T. ) ;
#1431 = CARTESIAN_POINT ( 'NONE',  ( 4.000000000000000000, 5.199999999999991300, 16.68512366752353400 ) ) ;
#1432 = CLOSED_SHELL ( 'NONE', ( #752, #2718, #2242, #139, #3110, #1829 ) ) ;
#1433 = CARTESIAN_POINT ( 'NONE',  ( 0.0000000000000000000, 0.3999999999999998600, 0.0000000000000000000 ) ) ;
#1434 = DIRECTION ( 'NONE',  ( 0.0000000000000000000, 0.0000000000000000000, -1.000000000000000000 ) ) ;
#1435 = CIRCLE ( 'NONE', #3067, 15.90702130865373600 ) ;
#1436 = CARTESIAN_POINT ( 'NONE',  ( -6.000000000000000000, 9.199999999999999300, -14.73205100839540200 ) ) ;
#1437 = ORIENTED_EDGE ( 'NONE', *, *, #751, .T. ) ;
#1438 = DIRECTION ( 'NONE',  ( 0.0000000000000000000, 0.2063564246127676200, 0.9784768908978052100 ) ) ;
#1439 = CIRCLE ( 'NONE', #2855, 2.000000000000000900 ) ;
#1440 = CARTESIAN_POINT ( 'NONE',  ( -4.501509816783449300, 3.868823248517857700, -16.42390110874475400 ) ) ;
#1441 = VERTEX_POINT ( 'NONE', #1721 ) ;
#1442 = EDGE_CURVE ( 'NONE', #1324, #112, #2494, .T. ) ;
#1443 = CIRCLE ( 'NONE', #2956, 17.57894736842105500 ) ;
#1444 = ORIENTED_EDGE ( 'NONE', *, *, #17, .F. ) ;
#1445 = CIRCLE ( 'NONE', #1262, 15.90702130865373600 ) ;
#1446 = B_SPLINE_CURVE_WITH_KNOTS ( 'NONE', 3,
 ( #285, #3344, #2409, #1848 ),
 .UNSPECIFIED., .F., .F.,
 ( 4, 4 ),
 ( 0.02560011188845078300, 0.02764664367505964200 ),
 .UNSPECIFIED. ) ;
#1447 = VERTEX_POINT ( 'NONE', #3561 ) ;
#1448 = CARTESIAN_POINT ( 'NONE',  ( 0.0000000000000000000, 5.000000000000000000, 0.0000000000000000000 ) ) ;
#1449 = ORIENTED_EDGE ( 'NONE', *, *, #565, .F. ) ;
#1450 = AXIS2_PLACEMENT_3D ( 'NONE', #2373, #1728, #2997 ) ;
#1451 = CIRCLE ( 'NONE', #1931, 1.227307901828121200 ) ;
#1452 = AXIS2_PLACEMENT_3D ( 'NONE', #862, #3566, #2324 ) ;
#1453 = DIRECTION ( 'NONE',  ( 0.0000000000000000000, 1.000000000000000000, 0.0000000000000000000 ) ) ;
#1454 = DIRECTION ( 'NONE',  ( 0.0000000000000000000, -0.9784768908978049900, 0.2063564246127680100 ) ) ;
#1455 = CARTESIAN_POINT ( 'NONE',  ( 15.87094060938086100, 8.439139855283519500, 4.424672770441411300 ) ) ;
#1456 = AXIS2_PLACEMENT_3D ( 'NONE', #2947, #2283, #178 ) ;
#1457 = B_SPLINE_CURVE_WITH_KNOTS ( 'NONE', 3,
 ( #3256, #3534, #1131, #204, #1701, #2936, #802 ),
 .UNSPECIFIED., .F., .F.,
 ( 4, 3, 4 ),
 ( 0.02692275975881077900, 0.02726434801377300100, 0.02896675891110505800 ),
 .UNSPECIFIED. ) ;
#1458 = CARTESIAN_POINT ( 'NONE',  ( 4.000000000000000000, 7.200000000000000200, 15.83054006020342900 ) ) ;
#1459 = CARTESIAN_POINT ( 'NONE',  ( -16.52721605827006400, 6.110511138588854900, 1.000000000000000000 ) ) ;
#1460 = DIRECTION ( 'NONE',  ( -0.0000000000000000000, 0.2063564246127676000, 0.9784768908978051000 ) ) ;
#1461 = CARTESIAN_POINT ( 'NONE',  ( -16.40571729836630500, 3.590134302362304000, 4.784125858856593400 ) ) ;
#1462 = CARTESIAN_POINT ( 'NONE',  ( 0.0000000000000000000, 0.0000000000000000000, 0.0000000000000000000 ) ) ;
#1463 = DIRECTION ( 'NONE',  ( 0.0000000000000000000, 0.0000000000000000000, 1.000000000000000000 ) ) ;
#1464 = DIRECTION ( 'NONE',  ( -1.000000000000000000, 0.0000000000000000000, 0.0000000000000000000 ) ) ;
#1465 = CARTESIAN_POINT ( 'NONE',  ( -6.999999999999999100, 6.487175507945048400, 16.84705360962954400 ) ) ;
#1466 = EDGE_CURVE ( 'NONE', #260, #1166, #2298, .T. ) ;
#1467 = CARTESIAN_POINT ( 'NONE',  ( 6.999999999999999100, 6.103178839048657900, 17.44925503629381000 ) ) ;
#1468 = CARTESIAN_POINT ( 'NONE',  ( -15.83054006020342900, 7.199999999999996600, 4.000000000000000000 ) ) ;
#1469 = ORIENTED_EDGE ( 'NONE', *, *, #1997, .T. ) ;
#1470 = CARTESIAN_POINT ( 'NONE',  ( 6.999999999999999100, 3.656986611804144500, 17.96514609782572700 ) ) ;
#1471 = EDGE_CURVE ( 'NONE', #1533, #1399, #3669, .T. ) ;
#1472 = CARTESIAN_POINT ( 'NONE',  ( 5.483076687327517200, 9.148951113097757200, 15.38043948444398800 ) ) ;
#1473 = ORIENTED_EDGE ( 'NONE', *, *, #972, .F. ) ;
#1474 = DIRECTION ( 'NONE',  ( 0.0000000000000000000, 0.0000000000000000000, 1.000000000000000000 ) ) ;
#1475 = VERTEX_POINT ( 'NONE', #2384 ) ;
#1476 = APPROVAL_STATUS ( 'not_yet_approved' ) ;
#1477 = DIRECTION ( 'NONE',  ( 0.0000000000000000000, 1.000000000000000000, 0.0000000000000000000 ) ) ;
#1478 = AXIS2_PLACEMENT_3D ( 'NONE', #3897, #2618, #3285 ) ;
#1479 = CARTESIAN_POINT ( 'NONE',  ( -16.84738269465055900, 3.869797902773541000, -4.500650338408628500 ) ) ;
#1480 = ORIENTED_EDGE ( 'NONE', *, *, #2261, .F. ) ;
#1481 = B_SPLINE_CURVE_WITH_KNOTS ( 'NONE', 3,
 ( #3403, #2426, #3697, #2136, #1583, #2795, #3100, #1531, #1246, #635, #344, #3090, #1853, #620 ),
 .UNSPECIFIED., .F., .F.,
 ( 4, 2, 2, 2, 2, 2, 4 ),
 ( 1.734723475976806900E-018, 0.0004134101570229432200, 0.0008268203140458847000, 0.001240230471068826000, 0.001653640628091767700, 0.002480460942137641600, 0.003307281256183515800 ),
 .UNSPECIFIED. ) ;
#1482 = EDGE_CURVE ( 'NONE', #552, #3267, #1066, .T. ) ;
#1483 = DIRECTION ( 'NONE',  ( 0.0000000000000000000, 0.0000000000000000000, -1.000000000000000000 ) ) ;
#1484 = LINE ( 'NONE', #1568, #3202 ) ;
#1485 = CARTESIAN_POINT ( 'NONE',  ( -16.08772991682003100, 3.199999999999999700, -6.000000000000001800 ) ) ;
#1486 = B_SPLINE_CURVE_WITH_KNOTS ( 'NONE', 3,
 ( #3571, #226, #1178, #856, #2407, #2352, #2649, #844, #3296, #1461, #3601, #1206, #1538, #3674, #3665, #298 ),
 .UNSPECIFIED., .F., .F.,
 ( 4, 2, 2, 2, 2, 2, 2, 4 ),
 ( 1.734723475976807100E-018, 0.0003973693169443045800, 0.0007947386338886074200, 0.001192107950832910400, 0.001589477267777213100, 0.002384215901665819600, 0.002781585218610123100, 0.003178954535554426700 ),
 .UNSPECIFIED. ) ;
#1487 = CARTESIAN_POINT ( 'NONE',  ( 4.501509816783449300, 3.868823248517857700, 16.42390110874475400 ) ) ;
#1488 = VERTEX_POINT ( 'NONE', #2080 ) ;
#1489 = FACE_OUTER_BOUND ( 'NONE', #3943, .T. ) ;
#1490 = CARTESIAN_POINT ( 'NONE',  ( 0.0000000000000000000, 3.199999999999999700, 0.0000000000000000000 ) ) ;
#1491 = ORIENTED_EDGE ( 'NONE', *, *, #716, .F. ) ;
#1492 = CARTESIAN_POINT ( 'NONE',  ( 1.000000000000057700, 6.110511138588854000, -16.52721605827005600 ) ) ;
#1493 = CONICAL_SURFACE ( 'NONE', #679, 17.60858008600529700, 0.2074962264352024900 ) ;
#1494 = CARTESIAN_POINT ( 'NONE',  ( -6.000000000000000000, 9.199999999999999300, 14.73205100839540200 ) ) ;
#1495 = ORIENTED_EDGE ( 'NONE', *, *, #699, .T. ) ;
#1496 = CARTESIAN_POINT ( 'NONE',  ( 9.000000000000000000, 6.487175507945048400, 16.84705360962954400 ) ) ;
#1497 = DIRECTION ( 'NONE',  ( -1.000000000000000000, 0.0000000000000000000, 0.0000000000000000000 ) ) ;
#1498 = CIRCLE ( 'NONE', #2550, 1.696975314065779900 ) ;
#1499 = EDGE_LOOP ( 'NONE', ( #768, #365, #3503, #3800 ) ) ;
#1500 = FACE_BOUND ( 'NONE', #2787, .T. ) ;
#1501 = DIRECTION ( 'NONE',  ( 0.0000000000000000000, 0.0000000000000000000, -1.000000000000000000 ) ) ;
#1502 = ORIENTED_EDGE ( 'NONE', *, *, #3938, .F. ) ;
#1503 = CARTESIAN_POINT ( 'NONE',  ( 5.739926864591114800, 9.199999999999999300, -15.27535404402915400 ) ) ;
#1504 = CIRCLE ( 'NONE', #3224, 15.35088472257062400 ) ;
#1505 = ORIENTED_EDGE ( 'NONE', *, *, #2990, .F. ) ;
#1506 = CARTESIAN_POINT ( 'NONE',  ( -0.9999999999999301700, 5.000000000000000000, -20.00000000000007100 ) ) ;
#1507 = FACE_OUTER_BOUND ( 'NONE', #1006, .T. ) ;
#1508 = CARTESIAN_POINT ( 'NONE',  ( 4.063694237192844800, 4.682485322497180700, 16.36097589463261000 ) ) ;
#1509 = EDGE_CURVE ( 'NONE', #86, #1600, #2455, .T. ) ;
#1510 = CARTESIAN_POINT ( 'NONE',  ( -16.38660501512379500, 6.777176926155124900, 1.000000000000000000 ) ) ;
#1511 = ORIENTED_EDGE ( 'NONE', *, *, #1036, .F. ) ;
#1512 = CARTESIAN_POINT ( 'NONE',  ( 1.000000000000057300, 6.665765332425687400, -16.41010359672953100 ) ) ;
#1513 = AXIS2_PLACEMENT_3D ( 'NONE', #3072, #672, #3127 ) ;
#1514 = DIRECTION ( 'NONE',  ( 0.0000000000000000000, 0.2063564246127676200, 0.9784768908978052100 ) ) ;
#1515 = EDGE_CURVE ( 'NONE', #3517, #982, #3073, .T. ) ;
#1516 = DIRECTION ( 'NONE',  ( 0.0000000000000000000, -1.000000000000000000, 0.0000000000000000000 ) ) ;
#1517 = ADVANCED_FACE ( 'NONE', ( #3945 ), #1522, .F. ) ;
#1518 = CARTESIAN_POINT ( 'NONE',  ( -16.39990310391682700, 3.597310851107302200, -4.796361835374606900 ) ) ;
#1519 = DIRECTION ( 'NONE',  ( 0.0000000000000000000, 1.000000000000000000, 0.0000000000000000000 ) ) ;
#1520 = B_SPLINE_CURVE_WITH_KNOTS ( 'NONE', 3,
 ( #2749, #1287, #1585, #946, #2834, #1295, #1615, #1633, #2204, #2853, #2254, #3480, #3472, #2868 ),
 .UNSPECIFIED., .F., .F.,
 ( 4, 2, 2, 2, 2, 2, 4 ),
 ( 9.685172605826766300E-016, 0.0004142483445848433900, 0.0008284966891687182600, 0.001242745033752593100, 0.001656993378336467900, 0.002485490067504215700, 0.003313986756671963900 ),
 .UNSPECIFIED. ) ;
#1521 = CARTESIAN_POINT ( 'NONE',  ( 4.415128226388042700, 3.972857292672986200, 16.42454742174043500 ) ) ;
#1522 = PLANE ( 'NONE',  #1723 ) ;
#1523 = CARTESIAN_POINT ( 'NONE',  ( -16.68512366752353400, 5.199999999999999300, 4.000000000000000900 ) ) ;
#1524 = CARTESIAN_POINT ( 'NONE',  ( -19.99999999999999600, 7.000000000000000000, -1.000000000000000000 ) ) ;
#1525 = FACE_BOUND ( 'NONE', #591, .T. ) ;
#1526 = CARTESIAN_POINT ( 'NONE',  ( 0.0000000000000000000, 16.69999999999999900, 6.999999999999999100 ) ) ;
#1527 = CARTESIAN_POINT ( 'NONE',  ( 4.000000000000000000, 7.336816146061852200, -16.22216408689147100 ) ) ;
#1528 = EDGE_CURVE ( 'NONE', #1488, #1447, #288, .T. ) ;
#1529 = VERTEX_POINT ( 'NONE', #1808 ) ;
#1530 = DIRECTION ( 'NONE',  ( -0.0000000000000000000, -1.000000000000000000, -0.0000000000000000000 ) ) ;
#1531 = CARTESIAN_POINT ( 'NONE',  ( -4.422883695233672100, 8.436903845125492300, -15.87192830807052400 ) ) ;
#1532 = ADVANCED_FACE ( 'NONE', ( #3843, #2063, #1877, #1500 ), #3641, .F. ) ;
#1533 = VERTEX_POINT ( 'NONE', #2077 ) ;
#1534 = AXIS2_PLACEMENT_3D ( 'NONE', #2648, #1156, #2026 ) ;
#1535 = AXIS2_PLACEMENT_3D ( 'NONE', #3215, #201, #3199 ) ;
#1536 = CARTESIAN_POINT ( 'NONE',  ( -15.15365963067933700, 8.956513031686284900, -5.009986967490900300 ) ) ;
#1537 = EDGE_CURVE ( 'NONE', #1226, #3707, #2925, .T. ) ;
#1538 = CARTESIAN_POINT ( 'NONE',  ( -16.25323233490516700, 3.259720385223076300, 5.498452654974613600 ) ) ;
#1539 = VERTEX_POINT ( 'NONE', #1218 ) ;
#1540 = CARTESIAN_POINT ( 'NONE',  ( -4.255362992035107300, 4.187103083742746500, 16.42017763276802400 ) ) ;
#1541 = FACE_OUTER_BOUND ( 'NONE', #545, .T. ) ;
#1542 = AXIS2_PLACEMENT_3D ( 'NONE', #2442, #978, #376 ) ;
#1543 = ORIENTED_EDGE ( 'NONE', *, *, #338, .T. ) ;
#1544 = B_SPLINE_CURVE_WITH_KNOTS ( 'NONE', 3,
 ( #2006, #2597, #3218, #2581, #191, #2312, #804 ),
 .UNSPECIFIED., .F., .F.,
 ( 4, 3, 4 ),
 ( 0.02762318833073390200, 0.02793053643445225800, 0.02966717993006334800 ),
 .UNSPECIFIED. ) ;
#1545 = CARTESIAN_POINT ( 'NONE',  ( 5.487154003076953200, 9.150399100736214200, -15.37871048871144500 ) ) ;
#1546 = FACE_OUTER_BOUND ( 'NONE', #1024, .T. ) ;
#1547 = CARTESIAN_POINT ( 'NONE',  ( 4.000000000000000000, 5.866689905736723000, -16.11993979754623800 ) ) ;
#1548 = ORIENTED_EDGE ( 'NONE', *, *, #264, .F. ) ;
#1549 = CARTESIAN_POINT ( 'NONE',  ( 16.26447788644217200, 5.199999999999998400, -4.000000000000000900 ) ) ;
#1550 = FACE_OUTER_BOUND ( 'NONE', #194, .T. ) ;
#1551 = VERTEX_POINT ( 'NONE', #2092 ) ;
#1552 = DIRECTION ( 'NONE',  ( 0.0000000000000000000, -0.9784768908978048700, 0.2063564246127689000 ) ) ;
#1553 = CYLINDRICAL_SURFACE ( 'NONE', #3572, 9.000000000000000000 ) ;
#1554 = VECTOR ( 'NONE', #2402, 1000.000000000000000 ) ;
#1555 = ORIENTED_EDGE ( 'NONE', *, *, #2537, .T. ) ;
#1556 = CARTESIAN_POINT ( 'NONE',  ( -16.79140473292509500, 6.799511519855170300, -1.000000000000000000 ) ) ;
#1557 = ADVANCED_FACE ( 'NONE', ( #41 ), #3080, .T. ) ;
#1558 = VERTEX_POINT ( 'NONE', #1468 ) ;
#1559 = CARTESIAN_POINT ( 'NONE',  ( -15.83054006020342900, 7.200000000000004600, -4.000000000000000000 ) ) ;
#1560 = CARTESIAN_POINT ( 'NONE',  ( 6.999999999999999100, 6.731794730669499800, 16.79546450347635300 ) ) ;
#1561 = EDGE_CURVE ( 'NONE', #2454, #3880, #263, .T. ) ;
#1562 = CARTESIAN_POINT ( 'NONE',  ( 2.090087825691037800E-015, 10.06480838483987300, 16.13372455056002900 ) ) ;
#1563 = DIRECTION ( 'NONE',  ( 0.0000000000000000000, 0.0000000000000000000, -1.000000000000000000 ) ) ;
#1564 = ORIENTED_EDGE ( 'NONE', *, *, #3598, .F. ) ;
#1565 = PERSON_AND_ORGANIZATION_ROLE ( 'design_supplier' ) ;
#1566 = EDGE_CURVE ( 'NONE', #236, #3381, #742, .T. ) ;
#1567 = DIRECTION ( 'NONE',  ( 0.0000000000000000000, 0.0000000000000000000, -1.000000000000000000 ) ) ;
#1568 = CARTESIAN_POINT ( 'NONE',  ( -9.000000000000000000, 6.487175507945048400, 16.84705360962954400 ) ) ;
#1569 = CARTESIAN_POINT ( 'NONE',  ( -15.68214474636033600, 8.803572285320305100, -4.797863899132345000 ) ) ;
#1570 = COORDINATED_UNIVERSAL_TIME_OFFSET ( 1, 0, .AHEAD. ) ;
#1571 = CARTESIAN_POINT ( 'NONE',  ( 6.000000000000000000, 9.199999999999999300, -14.73205100839540400 ) ) ;
#1572 = DIRECTION ( 'NONE',  ( 0.0000000000000000000, -0.0000000000000000000, 1.000000000000000000 ) ) ;
#1573 = ADVANCED_FACE ( 'NONE', ( #702 ), #3648, .T. ) ;
#1574 = DIRECTION ( 'NONE',  ( 0.0000000000000000000, 0.0000000000000000000, 1.000000000000000000 ) ) ;
#1575 = ORIENTED_EDGE ( 'NONE', *, *, #1173, .T. ) ;
#1576 = SECURITY_CLASSIFICATION_LEVEL ( 'unclassified' ) ;
#1577 = CARTESIAN_POINT ( 'NONE',  ( 15.57798677772373500, 8.106224801777163000, 4.212142499284390800 ) ) ;
#1578 = EDGE_LOOP ( 'NONE', ( #313, #3729, #3537, #1994 ) ) ;
#1579 = ORIENTED_EDGE ( 'NONE', *, *, #588, .F. ) ;
#1580 = CARTESIAN_POINT ( 'NONE',  ( 6.000000000000001800, 3.199999999999999700, -16.08772991682003100 ) ) ;
#1581 = EDGE_CURVE ( 'NONE', #2349, #1159, #2628, .T. ) ;
#1582 = ORIENTED_EDGE ( 'NONE', *, *, #175, .T. ) ;
#1583 = CARTESIAN_POINT ( 'NONE',  ( -4.107549681266717400, 7.860509066871862200, -16.08161162168675800 ) ) ;
#1584 = CYLINDRICAL_SURFACE ( 'NONE', #1408, 2.000000000000000000 ) ;
#1585 = CARTESIAN_POINT ( 'NONE',  ( 4.013916625854580600, 7.470755655932491000, -15.76824308627206700 ) ) ;
#1586 = B_SPLINE_CURVE_WITH_KNOTS ( 'NONE', 3,
 ( #2276, #494, #2602, #800 ),
 .UNSPECIFIED., .F., .F.,
 ( 4, 4 ),
 ( 0.02622815477299086900, 0.02827455091886908400 ),
 .UNSPECIFIED. ) ;
#1587 = AXIS2_PLACEMENT_3D ( 'NONE', #3493, #774, #2560 ) ;
#1588 = CARTESIAN_POINT ( 'NONE',  ( -6.999999999999999100, 6.731794730669499800, 16.79546450347635300 ) ) ;
#1589 = EDGE_CURVE ( 'NONE', #260, #2053, #2673, .T. ) ;
#1590 = ORIENTED_EDGE ( 'NONE', *, *, #1651, .T. ) ;
#1591 = FACE_OUTER_BOUND ( 'NONE', #104, .T. ) ;
#1592 = ORIENTED_EDGE ( 'NONE', *, *, #1629, .T. ) ;
#1593 = CARTESIAN_POINT ( 'NONE',  ( 15.76824308627208500, 7.470755655932412000, 4.013916625854569100 ) ) ;
#1594 = FACE_OUTER_BOUND ( 'NONE', #2976, .T. ) ;
#1595 = ADVANCED_FACE ( 'NONE', ( #2156 ), #2070, .F. ) ;
#1596 = CARTESIAN_POINT ( 'NONE',  ( 17.05145656687629000, 5.566423281142706800, -1.000000000000000000 ) ) ;
#1597 = ORIENTED_EDGE ( 'NONE', *, *, #2932, .T. ) ;
#1598 = DIRECTION ( 'NONE',  ( 0.0000000000000000000, 1.000000000000000000, 0.0000000000000000000 ) ) ;
#1599 = FACE_BOUND ( 'NONE', #2836, .T. ) ;
#1600 = VERTEX_POINT ( 'NONE', #1458 ) ;
#1601 = CARTESIAN_POINT ( 'NONE',  ( 4.000000000000000000, 7.200000000000003700, -15.83054006020342900 ) ) ;
#1602 = CIRCLE ( 'NONE', #516, 0.9978925415248386400 ) ;
#1603 = VERTEX_POINT ( 'NONE', #3926 ) ;
#1604 = CARTESIAN_POINT ( 'NONE',  ( -15.76754332321776400, 7.473563259921273300, 4.014272406738993700 ) ) ;
#1605 = CIRCLE ( 'NONE', #567, 0.9978925415248377500 ) ;
#1606 = ORIENTED_EDGE ( 'NONE', *, *, #3109, .T. ) ;
#1607 = LINE ( 'NONE', #2425, #1228 ) ;
#1608 = CARTESIAN_POINT ( 'NONE',  ( 4.000000000000000000, 5.199999999999991300, 16.68512366752353400 ) ) ;
#1609 = ORIENTED_EDGE ( 'NONE', *, *, #2801, .F. ) ;
#1610 = EDGE_CURVE ( 'NONE', #3175, #1915, #1828, .T. ) ;
#1611 = CARTESIAN_POINT ( 'NONE',  ( 2.143529605597940400E-015, 3.559574257008956400, 17.50324752484021900 ) ) ;
#1612 = DIRECTION ( 'NONE',  ( 0.0000000000000000000, 1.000000000000000000, 0.0000000000000000000 ) ) ;
#1613 = CARTESIAN_POINT ( 'NONE',  ( 16.42454742174044200, 3.972857292672986200, -4.415128226388040900 ) ) ;
#1614 = EDGE_CURVE ( 'NONE', #1690, #1475, #1019, .T. ) ;
#1615 = CARTESIAN_POINT ( 'NONE',  ( 4.275538034768971800, 8.221510283062214000, -15.53564062067731700 ) ) ;
#1616 = CARTESIAN_POINT ( 'NONE',  ( 16.61047440523088200, 3.211818287357209600, 5.748140956128065900 ) ) ;
#1617 = AXIS2_PLACEMENT_3D ( 'NONE', #2074, #2653, #2376 ) ;
#1618 = CIRCLE ( 'NONE', #2318, 0.8000000000000003800 ) ;
#1619 = CARTESIAN_POINT ( 'NONE',  ( -15.81786920383350800, 9.199999999999997500, -6.000000000000000000 ) ) ;
#1620 = ORIENTED_EDGE ( 'NONE', *, *, #3183, .F. ) ;
#1621 = CARTESIAN_POINT ( 'NONE',  ( -1.000000000000058600, 5.000000000000000000, 16.76142793844527600 ) ) ;
#1622 = CARTESIAN_POINT ( 'NONE',  ( -14.73205100839540400, 9.199999999999997500, 5.999999999999998200 ) ) ;
#1623 = VERTEX_POINT ( 'NONE', #3060 ) ;
#1624 = DIRECTION ( 'NONE',  ( 0.0000000000000000000, 0.9784768908978048700, -0.2063564246127689000 ) ) ;
#1625 = ORIENTED_EDGE ( 'NONE', *, *, #3148, .F. ) ;
#1626 = CARTESIAN_POINT ( 'NONE',  ( -4.211899344301270000, 8.105694203540775100, 16.00122729651928900 ) ) ;
#1627 = ORIENTED_EDGE ( 'NONE', *, *, #3061, .F. ) ;
#1628 = CARTESIAN_POINT ( 'NONE',  ( -4.000000000000000000, 6.533357300494603900, 15.97529678390391100 ) ) ;
#1629 = EDGE_CURVE ( 'NONE', #3794, #396, #1722, .T. ) ;
#1630 = LINE ( 'NONE', #953, #2914 ) ;
#1631 = CARTESIAN_POINT ( 'NONE',  ( 15.39957412272504200, 8.540068642250330900, -4.509596575519751100 ) ) ;
#1632 = EDGE_LOOP ( 'NONE', ( #2009, #52, #3177, #3248, #3936, #3895, #3028, #2659 ) ) ;
#1633 = CARTESIAN_POINT ( 'NONE',  ( 4.423946879448368300, 8.438268504456834400, -15.44657083629321500 ) ) ;
#1634 = ORIENTED_EDGE ( 'NONE', *, *, #2874, .T. ) ;
#1635 = CARTESIAN_POINT ( 'NONE',  ( 17.17090562550502100, 5.000000000000000000, -1.000000000000000000 ) ) ;
#1636 = EDGE_CURVE ( 'NONE', #3083, #3776, #3264, .T. ) ;
#1637 = VERTEX_POINT ( 'NONE', #2737 ) ;
#1638 = LINE ( 'NONE', #3081, #311 ) ;
#1639 = VERTEX_POINT ( 'NONE', #2164 ) ;
#1640 = AXIS2_PLACEMENT_3D ( 'NONE', #626, #614, #2115 ) ;
#1641 = CYLINDRICAL_SURFACE ( 'NONE', #3917, 2.000000000000000000 ) ;
#1642 = CYLINDRICAL_SURFACE ( 'NONE', #436, 2.000000000000000000 ) ;
#1643 = DIRECTION ( 'NONE',  ( -0.0000000000000000000, 1.000000000000000000, -0.0000000000000000000 ) ) ;
#1644 = EDGE_LOOP ( 'NONE', ( #3899, #1350, #3178, #2087 ) ) ;
#1645 = CARTESIAN_POINT ( 'NONE',  ( -1.000000000000057100, 6.999999999999999100, 16.33960731324719300 ) ) ;
#1646 = ORIENTED_EDGE ( 'NONE', *, *, #3483, .F. ) ;
#1647 = DIRECTION ( 'NONE',  ( 0.0000000000000000000, 0.2063564246127676000, 0.9784768908978051000 ) ) ;
#1648 = CARTESIAN_POINT ( 'NONE',  ( 16.26447788644215800, 5.200000000000051700, 4.000000000000000900 ) ) ;
#1649 = CARTESIAN_POINT ( 'NONE',  ( 5.015748776069541400, 3.453971742553315400, 16.79276338949968700 ) ) ;
#1650 = ADVANCED_FACE ( 'NONE', ( #1061 ), #828, .F. ) ;
#1651 = EDGE_CURVE ( 'NONE', #1266, #3630, #2730, .T. ) ;
#1652 = CARTESIAN_POINT ( 'NONE',  ( 4.414381091631820000, 3.973838330205564000, -16.84744678549522200 ) ) ;
#1653 = CARTESIAN_POINT ( 'NONE',  ( 0.9999999999999417100, 7.000000000000000000, 16.73890120499051900 ) ) ;
#1654 = CARTESIAN_POINT ( 'NONE',  ( 4.000000000000000000, 6.533355467037026200, -16.39636175775704200 ) ) ;
#1655 = DIRECTION ( 'NONE',  ( 0.0000000000000000000, -1.000000000000000000, 0.0000000000000000000 ) ) ;
#1656 = AXIS2_PLACEMENT_3D ( 'NONE', #3788, #3804, #2909 ) ;
#1657 = ADVANCED_FACE ( 'NONE', ( #979 ), #1819, .T. ) ;
#1658 = CARTESIAN_POINT ( 'NONE',  ( -6.000000000000000000, 3.199999999999999700, -16.52329841713565300 ) ) ;
#1659 = ORIENTED_EDGE ( 'NONE', *, *, #2465, .F. ) ;
#1660 = DIRECTION ( 'NONE',  ( 0.0000000000000000000, -1.000000000000000000, 0.0000000000000000000 ) ) ;
#1661 = CARTESIAN_POINT ( 'NONE',  ( -4.000000000000000000, 7.200000000000000200, -15.83054006020342900 ) ) ;
#1662 = DIRECTION ( 'NONE',  ( -0.0000000000000000000, 1.000000000000000000, -0.0000000000000000000 ) ) ;
#1663 = ORIENTED_EDGE ( 'NONE', *, *, #3598, .T. ) ;
#1664 = CARTESIAN_POINT ( 'NONE',  ( -0.9999999999999301700, 7.000000000000000000, -20.00000000000007100 ) ) ;
#1665 = ADVANCED_FACE ( 'NONE', ( #2250, #1353, #2443, #3417 ), #161, .T. ) ;
#1666 = PLANE ( 'NONE',  #3739 ) ;
#1667 = ORIENTED_EDGE ( 'NONE', *, *, #1910, .F. ) ;
#1668 = LINE ( 'NONE', #3037, #969 ) ;
#1669 = EDGE_CURVE ( 'NONE', #3848, #1539, #1481, .T. ) ;
#1670 = EDGE_LOOP ( 'NONE', ( #1491, #3508, #3213, #2214 ) ) ;
#1671 = LINE ( 'NONE', #3238, #2289 ) ;
#1672 = CARTESIAN_POINT ( 'NONE',  ( -16.71687055040314700, 3.296413099450074200, 5.372860740564044900 ) ) ;
#1673 = CARTESIAN_POINT ( 'NONE',  ( -0.9999999999999428200, 6.665765332425689100, -16.41010359672954200 ) ) ;
#1674 = ORIENTED_EDGE ( 'NONE', *, *, #2267, .F. ) ;
#1675 = DIRECTION ( 'NONE',  ( 0.0000000000000000000, 0.0000000000000000000, 1.000000000000000000 ) ) ;
#1676 = EDGE_CURVE ( 'NONE', #410, #3845, #737, .T. ) ;
#1677 = CARTESIAN_POINT ( 'NONE',  ( 16.25182708671581000, 7.199999999999995700, -4.000000000000000000 ) ) ;
#1678 = VECTOR ( 'NONE', #1904, 1000.000000000000000 ) ;
#1679 = CARTESIAN_POINT ( 'NONE',  ( -4.000000000000000000, 7.200000000000001100, 16.25182708671580700 ) ) ;
#1680 = DIRECTION ( 'NONE',  ( -1.000000000000000000, 2.126435228616731500E-016, 0.0000000000000000000 ) ) ;
#1681 = ORIENTED_EDGE ( 'NONE', *, *, #9, .F. ) ;
#1682 = DIRECTION ( 'NONE',  ( 0.0000000000000000000, 0.0000000000000000000, -1.000000000000000000 ) ) ;
#1683 = VECTOR ( 'NONE', #2139, 1000.000000000000000 ) ;
#1684 = AXIS2_PLACEMENT_3D ( 'NONE', #2669, #3866, #1183 ) ;
#1685 = EDGE_LOOP ( 'NONE', ( #1480, #535, #2968, #1986, #3074, #3300, #389, #933 ) ) ;
#1686 = CIRCLE ( 'NONE', #1121, 17.19999999999999900 ) ;
#1687 = EDGE_CURVE ( 'NONE', #252, #1603, #1918, .T. ) ;
#1688 = VERTEX_POINT ( 'NONE', #1571 ) ;
#1689 = ORIENTED_EDGE ( 'NONE', *, *, #3588, .T. ) ;
#1690 = VERTEX_POINT ( 'NONE', #61 ) ;
#1691 = CIRCLE ( 'NONE', #843, 17.19999999999999900 ) ;
#1692 = CARTESIAN_POINT ( 'NONE',  ( 0.0000000000000000000, -13.45654066465862200, 0.0000000000000000000 ) ) ;
#1693 = CARTESIAN_POINT ( 'NONE',  ( 0.0000000000000000000, 5.168035332489878000, 17.85087195149018800 ) ) ;
#1694 = ORIENTED_EDGE ( 'NONE', *, *, #1515, .T. ) ;
#1695 = DIRECTION ( 'NONE',  ( 0.0000000000000000000, 0.0000000000000000000, 1.000000000000000000 ) ) ;
#1696 = DIRECTION ( 'NONE',  ( 0.0000000000000000000, 0.0000000000000000000, -1.000000000000000000 ) ) ;
#1697 = EDGE_CURVE ( 'NONE', #1600, #1533, #2487, .T. ) ;
#1698 = DIRECTION ( 'NONE',  ( 0.0000000000000000000, 0.2063564246127676000, 0.9784768908978051000 ) ) ;
#1699 = CALENDAR_DATE ( 2019, 25, 4 ) ;
#1700 = CARTESIAN_POINT ( 'NONE',  ( 6.000000000000000000, 3.199999999999999700, 16.52329841713565300 ) ) ;
#1701 = CARTESIAN_POINT ( 'NONE',  ( 0.9999999999999423800, 6.110511138588854000, 16.52721605827006700 ) ) ;
#1702 = CARTESIAN_POINT ( 'NONE',  ( -4.000000000000000000, 7.336816146061852200, 16.22216408689147100 ) ) ;
#1703 = LOCAL_TIME ( 23, 21, 52.00000000000000000, #2511 ) ;
#1704 = EDGE_CURVE ( 'NONE', #2823, #192, #1439, .T. ) ;
#1705 = ORIENTED_EDGE ( 'NONE', *, *, #2379, .F. ) ;
#1706 = DIRECTION ( 'NONE',  ( 0.0000000000000000000, 1.000000000000000000, 0.0000000000000000000 ) ) ;
#1707 = CARTESIAN_POINT ( 'NONE',  ( 2.449293598294706100E-015, 0.3999999999999998600, 19.99999999999999600 ) ) ;
#1708 = EDGE_LOOP ( 'NONE', ( #3702, #2207, #1105, #2584, #493, #3753, #2347, #1720, #3389, #1753, #1230, #1659 ) ) ;
#1709 = DIRECTION ( 'NONE',  ( 1.000000000000000000, -0.0000000000000000000, -0.0000000000000000000 ) ) ;
#1710 = DIRECTION ( 'NONE',  ( 0.0000000000000000000, 0.2063564246127676000, 0.9784768908978051000 ) ) ;
#1711 = VERTEX_POINT ( 'NONE', #1285 ) ;
#1712 = CARTESIAN_POINT ( 'NONE',  ( -5.015748776069541400, 3.453971742553315400, -16.79276338949968700 ) ) ;
#1713 = CARTESIAN_POINT ( 'NONE',  ( 0.0000000000000000000, 7.000000000000000000, 0.0000000000000000000 ) ) ;
#1714 = PLANE ( 'NONE',  #2885 ) ;
#1715 = ORIENTED_EDGE ( 'NONE', *, *, #2326, .T. ) ;
#1716 = DIRECTION ( 'NONE',  ( 0.0000000000000000000, -0.9784768908978049900, 0.2063564246127681000 ) ) ;
#1717 = FACE_OUTER_BOUND ( 'NONE', #1319, .T. ) ;
#1718 = ORIENTED_EDGE ( 'NONE', *, *, #2497, .T. ) ;
#1719 = EDGE_CURVE ( 'NONE', #2472, #3710, #1638, .T. ) ;
#1720 = ORIENTED_EDGE ( 'NONE', *, *, #1581, .F. ) ;
#1721 = CARTESIAN_POINT ( 'NONE',  ( -16.52329841713565300, 3.199999999999999700, -6.000000000000000000 ) ) ;
#1722 = CIRCLE ( 'NONE', #3437, 20.16179316048376400 ) ;
#1723 = AXIS2_PLACEMENT_3D ( 'NONE', #3664, #13, #2740 ) ;
#1724 = CARTESIAN_POINT ( 'NONE',  ( -3.999999999999999100, 7.337100014679037900, -15.80076976652294900 ) ) ;
#1725 = ORIENTED_EDGE ( 'NONE', *, *, #546, .F. ) ;
#1726 = AXIS2_PLACEMENT_3D ( 'NONE', #3240, #177, #1051 ) ;
#1727 = EDGE_CURVE ( 'NONE', #2195, #2435, #2582, .T. ) ;
#1728 = DIRECTION ( 'NONE',  ( 0.0000000000000000000, -0.9784768908978051000, 0.2063564246127676000 ) ) ;
#1729 = ORIENTED_EDGE ( 'NONE', *, *, #2715, .T. ) ;
#1730 = VERTEX_POINT ( 'NONE', #2495 ) ;
#1731 = CYLINDRICAL_SURFACE ( 'NONE', #93, 1.696975314065780800 ) ;
#1732 = DIRECTION ( 'NONE',  ( 0.0000000000000000000, 0.2063564246127676000, 0.9784768908978051000 ) ) ;
#1733 = VERTEX_POINT ( 'NONE', #2227 ) ;
#1734 = DIRECTION ( 'NONE',  ( -0.0000000000000000000, 0.0000000000000000000, 1.000000000000000000 ) ) ;
#1735 = AXIS2_PLACEMENT_3D ( 'NONE', #2635, #2687, #848 ) ;
#1736 = ORIENTED_EDGE ( 'NONE', *, *, #481, .T. ) ;
#1737 = MANIFOLD_SOLID_BREP ( 'Estrusione-Estrusione8', #1052 ) ;
#1738 = DIRECTION ( 'NONE',  ( -0.0000000000000000000, -1.000000000000000000, -0.0000000000000000000 ) ) ;
#1739 = CARTESIAN_POINT ( 'NONE',  ( 4.786846227039619700, 8.811121356308950300, 15.68474223228237500 ) ) ;
#1740 = CARTESIAN_POINT ( 'NONE',  ( -4.423946879448378100, 8.438268504456850400, 15.44657083629321700 ) ) ;
#1741 = CARTESIAN_POINT ( 'NONE',  ( 6.999999999999999100, 6.487175507945048400, 16.84705360962954400 ) ) ;
#1742 = PLANE ( 'NONE',  #2811 ) ;
#1743 = DIRECTION ( 'NONE',  ( 0.0000000000000000000, -0.9784768908978049900, 0.2063564246127681000 ) ) ;
#1744 = CARTESIAN_POINT ( 'NONE',  ( -6.999999999999999100, 6.103178839048657900, 17.44925503629381000 ) ) ;
#1745 = CARTESIAN_POINT ( 'NONE',  ( -5.372637920152682200, 3.296510746575782600, -16.28704021057034300 ) ) ;
#1746 = CIRCLE ( 'NONE', #372, 16.77894736842105400 ) ;
#1747 = EDGE_CURVE ( 'NONE', #3651, #3848, #651, .T. ) ;
#1748 = CARTESIAN_POINT ( 'NONE',  ( 4.067314714142528800, 7.731513134146212900, 16.11976796865835500 ) ) ;
#1749 = CARTESIAN_POINT ( 'NONE',  ( -4.212142499284448500, 8.106224801777271300, 15.57798677772370200 ) ) ;
#1750 = CARTESIAN_POINT ( 'NONE',  ( 0.0000000000000000000, -1.400000000000000100, 0.0000000000000000000 ) ) ;
#1751 = DIRECTION ( 'NONE',  ( 1.224646799147350700E-016, 0.0000000000000000000, -1.000000000000000000 ) ) ;
#1752 = DIRECTION ( 'NONE',  ( -1.000000000000000000, -0.0000000000000000000, -0.0000000000000000000 ) ) ;
#1753 = ORIENTED_EDGE ( 'NONE', *, *, #17, .T. ) ;
#1754 = DIRECTION ( 'NONE',  ( 1.000000000000000000, -0.0000000000000000000, -0.0000000000000000000 ) ) ;
#1755 = EDGE_CURVE ( 'NONE', #3098, #1908, #3311, .T. ) ;
#1756 = DIRECTION ( 'NONE',  ( -0.0000000000000000000, -0.2063564246127676000, -0.9784768908978052100 ) ) ;
#1757 = ORIENTED_EDGE ( 'NONE', *, *, #1286, .F. ) ;
#1758 = DIRECTION ( 'NONE',  ( 0.0000000000000000000, -0.2063564246127676000, -0.9784768908978051000 ) ) ;
#1759 = DIRECTION ( 'NONE',  ( -1.000000000000000000, 0.0000000000000000000, 0.0000000000000000000 ) ) ;
#1760 = ORIENTED_EDGE ( 'NONE', *, *, #1482, .F. ) ;
#1761 = ORIENTED_EDGE ( 'NONE', *, *, #3278, .F. ) ;
#1762 = VECTOR ( 'NONE', #2991, 1000.000000000000000 ) ;
#1763 = DIRECTION ( 'NONE',  ( 0.0000000000000000000, -1.000000000000000000, 0.0000000000000000000 ) ) ;
#1764 = DIRECTION ( 'NONE',  ( 0.0000000000000000000, 0.0000000000000000000, -1.000000000000000000 ) ) ;
#1765 = APPLICATION_CONTEXT ( 'configuration controlled 3d designs of mechanical parts and assemblies' ) ;
#1766 = DIRECTION ( 'NONE',  ( 0.0000000000000000000, 1.000000000000000000, 0.0000000000000000000 ) ) ;
#1767 = VECTOR ( 'NONE', #364, 1000.000000000000000 ) ;
#1768 = DIRECTION ( 'NONE',  ( 0.0000000000000000000, -1.445602896647339200E-016, 1.000000000000000000 ) ) ;
#1769 = ORIENTED_EDGE ( 'NONE', *, *, #952, .T. ) ;
#1770 = CARTESIAN_POINT ( 'NONE',  ( 16.08124902544839700, 7.861679643566984200, 4.107973046035905200 ) ) ;
#1771 = ORIENTED_EDGE ( 'NONE', *, *, #3857, .F. ) ;
#1772 = FACE_OUTER_BOUND ( 'NONE', #125, .T. ) ;
#1773 = CARTESIAN_POINT ( 'NONE',  ( 16.17702797935261900, 3.211757011548098500, 5.748981945794115600 ) ) ;
#1774 = ORIENTED_EDGE ( 'NONE', *, *, #102, .F. ) ;
#1775 = EDGE_CURVE ( 'NONE', #529, #2195, #3700, .T. ) ;
#1776 = FACE_OUTER_BOUND ( 'NONE', #2014, .T. ) ;
#1777 = ORIENTED_EDGE ( 'NONE', *, *, #1956, .F. ) ;
#1778 = DIRECTION ( 'NONE',  ( 0.0000000000000000000, 0.0000000000000000000, -1.000000000000000000 ) ) ;
#1779 = VECTOR ( 'NONE', #2971, 1000.000000000000100 ) ;
#1780 = ORIENTED_EDGE ( 'NONE', *, *, #2939, .F. ) ;
#1781 = CARTESIAN_POINT ( 'NONE',  ( 6.000000000000000000, 9.199999999999999300, 14.73205100839540400 ) ) ;
#1782 = LINE ( 'NONE', #2973, #992 ) ;
#1783 = AXIS2_PLACEMENT_3D ( 'NONE', #2366, #564, #2413 ) ;
#1784 = ORIENTED_EDGE ( 'NONE', *, *, #628, .T. ) ;
#1785 = VECTOR ( 'NONE', #701, 1000.000000000000100 ) ;
#1786 = AXIS2_PLACEMENT_3D ( 'NONE', #328, #950, #629 ) ;
#1787 = APPROVAL_ROLE ( '' ) ;
#1788 = EDGE_CURVE ( 'NONE', #1529, #3153, #2969, .T. ) ;
#1789 = CARTESIAN_POINT ( 'NONE',  ( -0.9999999999999401600, 5.000000000000000000, -17.17090562550502500 ) ) ;
#1790 = DIRECTION ( 'NONE',  ( -1.000000000000000000, 0.0000000000000000000, 0.0000000000000000000 ) ) ;
#1791 = CARTESIAN_POINT ( 'NONE',  ( 4.000000000000000000, 7.200000000000000200, 5.999999999999998200 ) ) ;
#1792 = AXIS2_PLACEMENT_3D ( 'NONE', #1490, #3620, #1220 ) ;
#1793 = CARTESIAN_POINT ( 'NONE',  ( -15.39588668813732200, 9.199999999999997500, 5.999999999999998200 ) ) ;
#1794 = CARTESIAN_POINT ( 'NONE',  ( -15.95969903330318800, 8.220184244813191700, 4.274760576765948400 ) ) ;
#1795 = CARTESIAN_POINT ( 'NONE',  ( 4.799228138825429600, 8.804586746989741600, 15.25352236173355700 ) ) ;
#1796 = CARTESIAN_POINT ( 'NONE',  ( 6.999999999999999100, 6.144450123971211900, 17.64495041447337100 ) ) ;
#1797 = CARTESIAN_POINT ( 'NONE',  ( 1.879941183957612300E-015, 9.899999999999998600, -15.35088472257062400 ) ) ;
#1798 = CARTESIAN_POINT ( 'NONE',  ( -4.796361835374604300, 3.597310851107303100, 16.39990310391683100 ) ) ;
#1799 = DIRECTION ( 'NONE',  ( 0.0000000000000000000, 0.0000000000000000000, 1.000000000000000000 ) ) ;
#1800 = CARTESIAN_POINT ( 'NONE',  ( 0.0000000000000000000, 6.999999999999999100, 0.0000000000000000000 ) ) ;
#1801 = EDGE_CURVE ( 'NONE', #1166, #1869, #3370, .T. ) ;
#1802 = DIRECTION ( 'NONE',  ( 0.0000000000000000000, -1.000000000000000000, 0.0000000000000000000 ) ) ;
#1803 = APPROVAL_DATE_TIME ( #2135, #1185 ) ;
#1804 = CARTESIAN_POINT ( 'NONE',  ( 5.011409825015270800, 3.442129830035711300, 16.37112251696215600 ) ) ;
#1805 = ORIENTED_EDGE ( 'NONE', *, *, #1891, .T. ) ;
#1806 = ADVANCED_FACE ( 'NONE', ( #1550 ), #91, .F. ) ;
#1807 = EDGE_CURVE ( 'NONE', #3794, #3552, #450, .T. ) ;
#1808 = CARTESIAN_POINT ( 'NONE',  ( 1.222065906871410000E-016, 6.974351853977478500, 16.74431028491911300 ) ) ;
#1809 = ORIENTED_EDGE ( 'NONE', *, *, #37, .F. ) ;
#1810 = CARTESIAN_POINT ( 'NONE',  ( 1.000000000000069900, 5.000000000000000000, -20.00000000000006400 ) ) ;
#1811 = PLANE ( 'NONE',  #2243 ) ;
#1812 = AXIS2_PLACEMENT_3D ( 'NONE', #1796, #273, #3009 ) ;
#1813 = ORIENTED_EDGE ( 'NONE', *, *, #861, .T. ) ;
#1814 = B_SPLINE_CURVE_WITH_KNOTS ( 'NONE', 3,
 ( #1431, #3885, #219, #3253 ),
 .UNSPECIFIED., .F., .F.,
 ( 4, 4 ),
 ( 0.02622815477299086900, 0.02827455091886908400 ),
 .UNSPECIFIED. ) ;
#1815 = CARTESIAN_POINT ( 'NONE',  ( -19.99999999999999600, 7.000000000000000000, 1.000000000000000000 ) ) ;
#1816 = CYLINDRICAL_SURFACE ( 'NONE', #1243, 19.75000000000000000 ) ;
#1817 = EDGE_LOOP ( 'NONE', ( #3138, #2351 ) ) ;
#1818 = B_SPLINE_CURVE_WITH_KNOTS ( 'NONE', 3,
 ( #3576, #2043, #243, #3347, #2456, #304, #2123, #1518, #2733, #3652, #938, #3046, #3678, #2132, #1199, #645 ),
 .UNSPECIFIED., .F., .F.,
 ( 4, 2, 2, 2, 2, 2, 2, 4 ),
 ( 8.673617379884035500E-019, 0.0003973711453272287000, 0.0007947422906544565300, 0.001192113435981684400, 0.001589484581308912200, 0.002384226871963369700, 0.002781598017290596600, 0.003178969162617823500 ),
 .UNSPECIFIED. ) ;
#1819 = PLANE ( 'NONE',  #905 ) ;
#1820 = CIRCLE ( 'NONE', #2142, 1.227307901828121200 ) ;
#1821 = CARTESIAN_POINT ( 'NONE',  ( -16.25182708671581000, 7.199999999999996600, 4.000000000000000000 ) ) ;
#1822 = EDGE_LOOP ( 'NONE', ( #3455, #2367, #1028, #2297 ) ) ;
#1823 = CARTESIAN_POINT ( 'NONE',  ( 4.696696801283426500, 8.722657908349816600, 15.30334124337718600 ) ) ;
#1824 = LINE ( 'NONE', #3169, #2293 ) ;
#1825 = ORIENTED_EDGE ( 'NONE', *, *, #3195, .F. ) ;
#1826 = PERSON_AND_ORGANIZATION_ROLE ( 'creator' ) ;
#1827 = CARTESIAN_POINT ( 'NONE',  ( -5.017000285999222900, 3.453269081513818100, 16.36547648169989000 ) ) ;
#1828 = LINE ( 'NONE', #235, #2054 ) ;
#1829 = ADVANCED_FACE ( 'NONE', ( #3793 ), #1157, .T. ) ;
#1830 = VERTEX_POINT ( 'NONE', #1886 ) ;
#1831 = DIRECTION ( 'NONE',  ( 0.0000000000000000000, -0.9784768908978049900, 0.2063564246127680400 ) ) ;
#1832 = CIRCLE ( 'NONE', #1179, 19.99999999999999600 ) ;
#1833 = DIRECTION ( 'NONE',  ( -1.000000000000000000, -2.168404344971008900E-016, 0.0000000000000000000 ) ) ;
#1834 = CYLINDRICAL_SURFACE ( 'NONE', #771, 1.227307901828121200 ) ;
#1835 = EDGE_CURVE ( 'NONE', #343, #2169, #2534, .T. ) ;
#1836 = CARTESIAN_POINT ( 'NONE',  ( -15.38043948444399300, 9.148951113097755400, 5.483076687327516300 ) ) ;
#1837 = ORIENTED_EDGE ( 'NONE', *, *, #2904, .T. ) ;
#1838 = AXIS2_PLACEMENT_3D ( 'NONE', #515, #2627, #1647 ) ;
#1839 = DIRECTION ( 'NONE',  ( 0.0000000000000000000, 1.000000000000000000, 0.0000000000000000000 ) ) ;
#1840 = EDGE_CURVE ( 'NONE', #807, #1311, #2872, .T. ) ;
#1841 = CARTESIAN_POINT ( 'NONE',  ( -16.74912161255759100, 7.000000000000000000, -1.000000000000000000 ) ) ;
#1842 = CARTESIAN_POINT ( 'NONE',  ( 5.127259221866920800, 9.004186922511591400, -15.53319137189991600 ) ) ;
#1843 = AXIS2_PLACEMENT_3D ( 'NONE', #251, #1759, #3639 ) ;
#1844 = DIRECTION ( 'NONE',  ( 0.0000000000000000000, 1.000000000000000000, 0.0000000000000000000 ) ) ;
#1845 = CARTESIAN_POINT ( 'NONE',  ( -0.3855659170901684600, 8.452323487716284900, 16.47319505521763000 ) ) ;
#1846 = ADVANCED_FACE ( 'NONE', ( #211, #935 ), #419, .T. ) ;
#1847 = CARTESIAN_POINT ( 'NONE',  ( 15.15365963067933700, 8.956513031686284900, 5.009986967490899400 ) ) ;
#1848 = CARTESIAN_POINT ( 'NONE',  ( -15.83054006020342900, 7.199999999999996600, 4.000000000000000000 ) ) ;
#1849 = DIRECTION ( 'NONE',  ( 2.168404344971008900E-016, 1.000000000000000000, 0.0000000000000000000 ) ) ;
#1850 = EDGE_CURVE ( 'NONE', #3840, #2454, #2778, .T. ) ;
#1851 = ORIENTED_EDGE ( 'NONE', *, *, #2355, .T. ) ;
#1852 = CARTESIAN_POINT ( 'NONE',  ( 4.000000000000000000, 5.200000000000049900, -16.26447788644215800 ) ) ;
#1853 = CARTESIAN_POINT ( 'NONE',  ( -5.740191624440759800, 9.200000000000001100, -15.27524934419032700 ) ) ;
#1854 = VERTEX_POINT ( 'NONE', #1621 ) ;
#1855 = AXIS2_PLACEMENT_3D ( 'NONE', #2412, #277, #609 ) ;
#1856 = B_SPLINE_CURVE_WITH_KNOTS ( 'NONE', 3,
 ( #1244, #1215, #1773, #881, #3940, #2438, #3615, #3384, #324, #21, #2702, #307, #3349, #573, #619, #3656 ),
 .UNSPECIFIED., .F., .F.,
 ( 4, 2, 2, 2, 2, 2, 2, 4 ),
 ( 8.673617379884035500E-019, 0.0003973711453272263100, 0.0007947422906544517600, 0.001192113435981677300, 0.001589484581308902700, 0.002384226871963354500, 0.002781598017290581000, 0.003178969162617807500 ),
 .UNSPECIFIED. ) ;
#1857 = AXIS2_PLACEMENT_3D ( 'NONE', #2418, #3666, #616 ) ;
#1858 = CARTESIAN_POINT ( 'NONE',  ( -15.76824308627208500, 7.470755655932413800, -4.013916625854570900 ) ) ;
#1859 = ORIENTED_EDGE ( 'NONE', *, *, #2984, .F. ) ;
#1860 = VERTEX_POINT ( 'NONE', #1033 ) ;
#1861 = CIRCLE ( 'NONE', #3391, 1.696975314065780800 ) ;
#1862 = AXIS2_PLACEMENT_3D ( 'NONE', #711, #1612, #1302 ) ;
#1863 = ADVANCED_FACE ( 'NONE', ( #1872, #352, #3505, #33 ), #1493, .F. ) ;
#1864 = CARTESIAN_POINT ( 'NONE',  ( -19.99999999999999600, 7.000000000000000000, -1.000000000000000000 ) ) ;
#1865 = VERTEX_POINT ( 'NONE', #3154 ) ;
#1866 = CARTESIAN_POINT ( 'NONE',  ( -16.68512366752353400, 5.199999999999999300, 4.000000000000000900 ) ) ;
#1867 = LINE ( 'NONE', #2167, #1767 ) ;
#1868 = CARTESIAN_POINT ( 'NONE',  ( -15.73109448758960500, 8.721458675129033700, -4.695304088946307400 ) ) ;
#1869 = VERTEX_POINT ( 'NONE', #403 ) ;
#1870 = DIRECTION ( 'NONE',  ( 0.0000000000000000000, 0.2063564246127676000, 0.9784768908978051000 ) ) ;
#1871 = PLANE ( 'NONE',  #1542 ) ;
#1872 = FACE_BOUND ( 'NONE', #1355, .T. ) ;
#1873 = ORIENTED_EDGE ( 'NONE', *, *, #772, .T. ) ;
#1874 = CARTESIAN_POINT ( 'NONE',  ( -15.39959997374630200, 8.539959419325063200, -4.509573544530428400 ) ) ;
#1875 = CIRCLE ( 'NONE', #2888, 18.25000000000000000 ) ;
#1876 = ORIENTED_EDGE ( 'NONE', *, *, #62, .F. ) ;
#1877 = FACE_BOUND ( 'NONE', #1062, .T. ) ;
#1878 = VERTEX_POINT ( 'NONE', #1020 ) ;
#1879 = ORIENTED_EDGE ( 'NONE', *, *, #1203, .T. ) ;
#1880 = CARTESIAN_POINT ( 'NONE',  ( 17.17090562550502100, 5.000000000000000000, 1.000000000000000000 ) ) ;
#1881 = EDGE_CURVE ( 'NONE', #1558, #3207, #3939, .T. ) ;
#1882 = VECTOR ( 'NONE', #1698, 1000.000000000000100 ) ;
#1883 = VERTEX_POINT ( 'NONE', #2507 ) ;
#1884 = VECTOR ( 'NONE', #2134, 1000.000000000000100 ) ;
#1885 = CARTESIAN_POINT ( 'NONE',  ( 5.499572003493431000, 3.259460882904476000, -16.25290769462751300 ) ) ;
#1886 = CARTESIAN_POINT ( 'NONE',  ( 16.76142793844528000, 5.000000000000000000, -1.000000000000000000 ) ) ;
#1887 = EDGE_CURVE ( 'NONE', #694, #2371, #1824, .T. ) ;
#1888 = ADVANCED_FACE ( 'NONE', ( #1594 ), #3839, .F. ) ;
#1889 = B_SPLINE_CURVE_WITH_KNOTS ( 'NONE', 3,
 ( #1248, #670, #1858, #3051, #3094, #56, #624, #3409, #1874, #3724, #1536, #949, #3673, #3388 ),
 .UNSPECIFIED., .F., .F.,
 ( 4, 2, 2, 2, 2, 2, 4 ),
 ( 7.806255641895631900E-018, 0.0004142483445838130200, 0.0008284966891676182300, 0.001242745033751423500, 0.001656993378335228600, 0.002485490067502842600, 0.003313986756670456900 ),
 .UNSPECIFIED. ) ;
#1890 = CARTESIAN_POINT ( 'NONE',  ( 5.748415452985938100, 3.211815022043560400, 16.61037630902921000 ) ) ;
#1891 = EDGE_CURVE ( 'NONE', #1623, #653, #932, .T. ) ;
#1892 = CARTESIAN_POINT ( 'NONE',  ( 2.351321854362917700E-015, 0.3999999999999998600, -19.19999999999999900 ) ) ;
#1893 = CARTESIAN_POINT ( 'NONE',  ( 16.52721605827006400, 6.110511138588854900, -1.000000000000000000 ) ) ;
#1894 = CARTESIAN_POINT ( 'NONE',  ( -15.17250757619137000, 9.199999999999995700, -6.000000000000000000 ) ) ;
#1895 = CARTESIAN_POINT ( 'NONE',  ( 0.0000000000000000000, 0.8000000000000003800, 14.25654066465862400 ) ) ;
#1896 = CARTESIAN_POINT ( 'NONE',  ( 4.000000000000000000, 5.068835294942545900, 16.71351971846289800 ) ) ;
#1897 = ORIENTED_EDGE ( 'NONE', *, *, #3898, .F. ) ;
#1898 = CARTESIAN_POINT ( 'NONE',  ( 5.873908345954969700, 3.199999999999999700, -16.56908527549593700 ) ) ;
#1899 = VERTEX_POINT ( 'NONE', #748 ) ;
#1900 = CARTESIAN_POINT ( 'NONE',  ( 1.222065906871410000E-016, 7.120864915452544100, 17.43902887745655800 ) ) ;
#1901 = EDGE_CURVE ( 'NONE', #2435, #2195, #117, .T. ) ;
#1902 = CARTESIAN_POINT ( 'NONE',  ( 16.17712048148618100, 3.211760060058369800, -5.748729898233388100 ) ) ;
#1903 = ORIENTED_EDGE ( 'NONE', *, *, #3278, .T. ) ;
#1904 = DIRECTION ( 'NONE',  ( -1.000000000000000000, -0.0000000000000000000, -0.0000000000000000000 ) ) ;
#1905 = VECTOR ( 'NONE', #72, 1000.000000000000000 ) ;
#1906 = CARTESIAN_POINT ( 'NONE',  ( 16.11993979754623400, 5.866689905736725700, 4.000000000000000900 ) ) ;
#1907 = AXIS2_PLACEMENT_3D ( 'NONE', #3454, #2524, #717 ) ;
#1908 = VERTEX_POINT ( 'NONE', #172 ) ;
#1909 = CARTESIAN_POINT ( 'NONE',  ( -16.76142793844528000, 5.000000000000000000, -1.000000000000000000 ) ) ;
#1910 = EDGE_CURVE ( 'NONE', #1447, #1865, #2007, .T. ) ;
#1911 = LINE ( 'NONE', #1277, #2716 ) ;
#1912 = ORIENTED_EDGE ( 'NONE', *, *, #305, .T. ) ;
#1913 = FACE_OUTER_BOUND ( 'NONE', #1644, .T. ) ;
#1914 = DIRECTION ( 'NONE',  ( 2.522900762084951500E-017, -0.9785497849867490500, 0.2060104810498417400 ) ) ;
#1915 = VERTEX_POINT ( 'NONE', #1042 ) ;
#1916 = ORIENTED_EDGE ( 'NONE', *, *, #253, .F. ) ;
#1917 = DIRECTION ( 'NONE',  ( -1.000000000000000000, 0.0000000000000000000, 0.0000000000000000000 ) ) ;
#1918 = LINE ( 'NONE', #1793, #2385 ) ;
#1919 = CARTESIAN_POINT ( 'NONE',  ( -6.999999999999999100, 6.144450123971211900, 17.64495041447337100 ) ) ;
#1920 = ORIENTED_EDGE ( 'NONE', *, *, #1887, .T. ) ;
#1921 = CARTESIAN_POINT ( 'NONE',  ( -15.30334124337718800, 8.722657908349814800, 4.696696801283424700 ) ) ;
#1922 = ORIENTED_EDGE ( 'NONE', *, *, #1395, .T. ) ;
#1923 = VERTEX_POINT ( 'NONE', #2273 ) ;
#1924 = LINE ( 'NONE', #3047, #610 ) ;
#1925 = DIRECTION ( 'NONE',  ( -7.204896056858679900E-016, -0.9784768908978051000, 0.2063564246127676000 ) ) ;
#1926 = VERTEX_POINT ( 'NONE', #468 ) ;
#1927 = EDGE_CURVE ( 'NONE', #3552, #554, #2772, .T. ) ;
#1928 = CARTESIAN_POINT ( 'NONE',  ( 6.999999999999999100, 5.264079394322791000, 17.10499914039550300 ) ) ;
#1929 = CARTESIAN_POINT ( 'NONE',  ( -1.000000000000057700, 6.110511138588854000, 16.52721605827005600 ) ) ;
#1930 = AXIS2_PLACEMENT_3D ( 'NONE', #650, #309, #1232 ) ;
#1931 = AXIS2_PLACEMENT_3D ( 'NONE', #3104, #2172, #1552 ) ;
#1932 = EDGE_CURVE ( 'NONE', #2735, #652, #2699, .T. ) ;
#1933 = DIRECTION ( 'NONE',  ( -1.000000000000000000, 0.0000000000000000000, 0.0000000000000000000 ) ) ;
#1934 = CARTESIAN_POINT ( 'NONE',  ( -1.000000000000052800, 14.41813497125278700, 15.17444953096264500 ) ) ;
#1935 = FACE_BOUND ( 'NONE', #1632, .T. ) ;
#1936 = DIRECTION ( 'NONE',  ( 0.0000000000000000000, -0.0000000000000000000, 1.000000000000000000 ) ) ;
#1937 = CARTESIAN_POINT ( 'NONE',  ( 6.999999999999999100, 7.345342543926300900, 17.39168754395312200 ) ) ;
#1938 = CARTESIAN_POINT ( 'NONE',  ( -15.53443641575347700, 8.224638815439682600, 4.277428906880883700 ) ) ;
#1939 = ORIENTED_EDGE ( 'NONE', *, *, #3440, .T. ) ;
#1940 = DIRECTION ( 'NONE',  ( -0.0000000000000000000, -0.2063564246127676000, -0.9784768908978052100 ) ) ;
#1941 = ORIENTED_EDGE ( 'NONE', *, *, #2186, .T. ) ;
#1942 = CARTESIAN_POINT ( 'NONE',  ( 16.08772991682003100, 3.199999999999999700, 6.000000000000002700 ) ) ;
#1943 = EDGE_LOOP ( 'NONE', ( #2884, #3128, #3574, #3317 ) ) ;
#1944 = CARTESIAN_POINT ( 'NONE',  ( 4.103044476069166900, 4.552706130602693700, -16.37937205421195600 ) ) ;
#1945 = EDGE_CURVE ( 'NONE', #2610, #1711, #3695, .T. ) ;
#1946 = CIRCLE ( 'NONE', #2672, 18.25000000000000000 ) ;
#1947 = CARTESIAN_POINT ( 'NONE',  ( 16.36097589463261300, 4.682485322497180700, -4.063694237192845700 ) ) ;
#1948 = ORIENTED_EDGE ( 'NONE', *, *, #278, .T. ) ;
#1949 = CARTESIAN_POINT ( 'NONE',  ( -19.99999999999999600, 7.000000000000000000, -1.000000000000000000 ) ) ;
#1950 = CARTESIAN_POINT ( 'NONE',  ( 9.000000000000000000, 5.613940393599754900, 17.55243324860019200 ) ) ;
#1951 = VECTOR ( 'NONE', #1754, 1000.000000000000000 ) ;
#1952 = ADVANCED_FACE ( 'NONE', ( #732 ), #2437, .T. ) ;
#1953 = AXIS2_PLACEMENT_3D ( 'NONE', #3180, #2908, #3812 ) ;
#1954 = ORIENTED_EDGE ( 'NONE', *, *, #2513, .T. ) ;
#1955 = DIRECTION ( 'NONE',  ( -1.000000000000000000, 0.0000000000000000000, -0.0000000000000000000 ) ) ;
#1956 = EDGE_CURVE ( 'NONE', #1639, #478, #2205, .T. ) ;
#1957 = EDGE_LOOP ( 'NONE', ( #84, #3662, #1991, #3260 ) ) ;
#1958 = VECTOR ( 'NONE', #3734, 1000.000000000000000 ) ;
#1959 = VERTEX_POINT ( 'NONE', #1992 ) ;
#1960 = ADVANCED_FACE ( 'NONE', ( #3789 ), #3233, .F. ) ;
#1961 = DIRECTION ( 'NONE',  ( 0.0000000000000000000, 0.2063564246127676000, 0.9784768908978051000 ) ) ;
#1962 = FACE_OUTER_BOUND ( 'NONE', #663, .T. ) ;
#1963 = VERTEX_POINT ( 'NONE', #3536 ) ;
#1964 = CYLINDRICAL_SURFACE ( 'NONE', #2598, 2.000000000000000000 ) ;
#1965 = DIRECTION ( 'NONE',  ( 0.0000000000000000000, -0.9784768908978051000, 0.2063564246127676000 ) ) ;
#1966 = ORIENTED_EDGE ( 'NONE', *, *, #839, .T. ) ;
#1967 = DIRECTION ( 'NONE',  ( 0.0000000000000000000, -1.000000000000000000, 0.0000000000000000000 ) ) ;
#1968 = VERTEX_POINT ( 'NONE', #1937 ) ;
#1969 = CARTESIAN_POINT ( 'NONE',  ( 4.000000000000000000, 6.533357411388662300, 15.97529675982405800 ) ) ;
#1970 = VERTEX_POINT ( 'NONE', #3909 ) ;
#1971 = CIRCLE ( 'NONE', #2805, 1.227307901828121200 ) ;
#1972 = DIRECTION ( 'NONE',  ( -1.000000000000000000, -0.0000000000000000000, -0.0000000000000000000 ) ) ;
#1973 = CARTESIAN_POINT ( 'NONE',  ( 2.017384559610227000E-015, 8.452323487716281400, 16.47319505521762700 ) ) ;
#1974 = DIRECTION ( 'NONE',  ( 0.0000000000000000000, -0.9784768908978054300, 0.2063564246127660400 ) ) ;
#1975 = EDGE_CURVE ( 'NONE', #746, #316, #206, .T. ) ;
#1976 = CARTESIAN_POINT ( 'NONE',  ( -16.82550468587194800, 3.598207155511588400, 4.795166056688050700 ) ) ;
#1977 = CARTESIAN_POINT ( 'NONE',  ( -0.9999999999999430500, 6.888588482176888100, -16.36310625473751300 ) ) ;
#1978 = DIRECTION ( 'NONE',  ( 1.000000000000000000, 0.0000000000000000000, -0.0000000000000000000 ) ) ;
#1979 = AXIS2_PLACEMENT_3D ( 'NONE', #3636, #1758, #1153 ) ;
#1980 = DIRECTION ( 'NONE',  ( 0.0000000000000000000, 1.000000000000000000, 0.0000000000000000000 ) ) ;
#1981 = DIRECTION ( 'NONE',  ( 0.0000000000000000000, 0.0000000000000000000, 1.000000000000000000 ) ) ;
#1982 = CARTESIAN_POINT ( 'NONE',  ( -6.999999999999999100, 7.304071259003746000, 17.19599216577355700 ) ) ;
#1983 = AXIS2_PLACEMENT_3D ( 'NONE', #1741, #3583, #3889 ) ;
#1984 = FACE_BOUND ( 'NONE', #606, .T. ) ;
#1985 = DIRECTION ( 'NONE',  ( 0.0000000000000000000, 0.0000000000000000000, -1.000000000000000000 ) ) ;
#1986 = ORIENTED_EDGE ( 'NONE', *, *, #1115, .T. ) ;
#1987 = PLANE ( 'NONE',  #3093 ) ;
#1988 = CARTESIAN_POINT ( 'NONE',  ( -4.014272406738997200, 7.473563259921276900, -15.76754332321776400 ) ) ;
#1989 = DIRECTION ( 'NONE',  ( 0.0000000000000000000, -1.000000000000000000, -1.445602896647339200E-016 ) ) ;
#1990 = CARTESIAN_POINT ( 'NONE',  ( 4.000000000000000000, 5.866689918515107600, 16.11993979477588800 ) ) ;
#1991 = ORIENTED_EDGE ( 'NONE', *, *, #1036, .T. ) ;
#1992 = CARTESIAN_POINT ( 'NONE',  ( 6.999999999999999100, 5.410592455797856600, 17.79971773293294700 ) ) ;
#1993 = CARTESIAN_POINT ( 'NONE',  ( 16.77113221687326600, 3.393771181850153700, -5.131389503197111100 ) ) ;
#1994 = ORIENTED_EDGE ( 'NONE', *, *, #3653, .F. ) ;
#1995 = CARTESIAN_POINT ( 'NONE',  ( 6.000000000000000000, 9.199999999999999300, -15.81786920383351000 ) ) ;
#1996 = FACE_OUTER_BOUND ( 'NONE', #1379, .T. ) ;
#1997 = EDGE_CURVE ( 'NONE', #807, #2654, #1309, .T. ) ;
#1998 = ORIENTED_EDGE ( 'NONE', *, *, #1755, .T. ) ;
#1999 = ORIENTED_EDGE ( 'NONE', *, *, #387, .T. ) ;
#2000 = VECTOR ( 'NONE', #144, 1000.000000000000000 ) ;
#2001 = DIRECTION ( 'NONE',  ( -0.0000000000000000000, 0.2063564246127676000, 0.9784768908978051000 ) ) ;
#2002 = ORIENTED_EDGE ( 'NONE', *, *, #2609, .T. ) ;
#2003 = CARTESIAN_POINT ( 'NONE',  ( -16.68512366752374000, 5.199999999999034700, -4.000000000000000900 ) ) ;
#2004 = EDGE_CURVE ( 'NONE', #2084, #3600, #3161, .T. ) ;
#2005 = CARTESIAN_POINT ( 'NONE',  ( 0.0000000000000000000, 5.997937062496145400, 16.95023182193593000 ) ) ;
#2006 = CARTESIAN_POINT ( 'NONE',  ( -16.74912161255759100, 7.000000000000000000, 1.000000000000000000 ) ) ;
#2007 = CIRCLE ( 'NONE', #3605, 16.31578947368420900 ) ;
#2008 = DIRECTION ( 'NONE',  ( -0.0000000000000000000, -1.000000000000000000, -0.0000000000000000000 ) ) ;
#2009 = ORIENTED_EDGE ( 'NONE', *, *, #1419, .T. ) ;
#2010 = AXIS2_PLACEMENT_3D ( 'NONE', #97, #3744, #3434 ) ;
#2011 = ORIENTED_EDGE ( 'NONE', *, *, #1148, .F. ) ;
#2012 = VECTOR ( 'NONE', #2656, 1000.000000000000000 ) ;
#2013 = CARTESIAN_POINT ( 'NONE',  ( -6.000000000000001800, 3.199999999999999700, -16.08772991682003100 ) ) ;
#2014 = EDGE_LOOP ( 'NONE', ( #1147, #833, #2158, #685 ) ) ;
#2015 = ORIENTED_EDGE ( 'NONE', *, *, #595, .T. ) ;
#2016 = VERTEX_POINT ( 'NONE', #2029 ) ;
#2017 = VECTOR ( 'NONE', #1416, 1000.000000000000100 ) ;
#2018 = ORIENTED_EDGE ( 'NONE', *, *, #3210, .F. ) ;
#2019 = CARTESIAN_POINT ( 'NONE',  ( 0.0000000000000000000, 0.7999999999999994900, 18.25654066465862300 ) ) ;
#2020 = CARTESIAN_POINT ( 'NONE',  ( 2.204364238465235400E-015, 1.199999999999999700, 18.00000000000000000 ) ) ;
#2021 = CARTESIAN_POINT ( 'NONE',  ( 0.0000000000000000000, 0.3999999999999998600, 0.0000000000000000000 ) ) ;
#2022 = CARTESIAN_POINT ( 'NONE',  ( -4.000000000000000000, 5.200000000000000200, 17.11780916419263600 ) ) ;
#2023 = CARTESIAN_POINT ( 'NONE',  ( 0.0000000000000000000, -1.400000000000000100, 19.75000000000000000 ) ) ;
#2024 = B_SPLINE_CURVE_WITH_KNOTS ( 'NONE', 3,
 ( #2155, #2742, #2461, #640, #3689, #48, #1827, #1798, #908, #2141, #1540, #3359, #2766, #2709, #2755, #3676 ),
 .UNSPECIFIED., .F., .F.,
 ( 4, 2, 2, 2, 2, 2, 2, 4 ),
 ( 8.673617379884035500E-019, 0.0003973711453272299500, 0.0007947422906544590300, 0.001192113435981688300, 0.001589484581308917200, 0.002384226871963372300, 0.002781598017290598800, 0.003178969162617824400 ),
 .UNSPECIFIED. ) ;
#2025 = EDGE_CURVE ( 'NONE', #1830, #497, #1347, .T. ) ;
#2026 = DIRECTION ( 'NONE',  ( 0.0000000000000000000, 0.0000000000000000000, -1.000000000000000000 ) ) ;
#2027 = CARTESIAN_POINT ( 'NONE',  ( -4.000000000000000000, 5.199999999999991300, -16.68512366752353400 ) ) ;
#2028 = DIRECTION ( 'NONE',  ( 0.0000000000000000000, -0.9784768908978048700, 0.2063564246127684000 ) ) ;
#2029 = CARTESIAN_POINT ( 'NONE',  ( -16.74912161255759100, 7.000000000000000000, -1.000000000000000000 ) ) ;
#2030 = CYLINDRICAL_SURFACE ( 'NONE', #2603, 18.25000000000000000 ) ;
#2031 = EDGE_CURVE ( 'NONE', #2541, #1926, #1396, .T. ) ;
#2032 = B_SPLINE_CURVE_WITH_KNOTS ( 'NONE', 3,
 ( #2463, #85, #3691, #3728, #1893, #662, #2812 ),
 .UNSPECIFIED., .F., .F.,
 ( 4, 3, 4 ),
 ( 0.02692275975881077900, 0.02726434801377300100, 0.02896675891110505500 ),
 .UNSPECIFIED. ) ;
#2033 = CC_DESIGN_APPROVAL ( #1185, ( #572 ) ) ;
#2034 = EDGE_LOOP ( 'NONE', ( #490, #2911 ) ) ;
#2035 = CARTESIAN_POINT ( 'NONE',  ( 16.74912161255759100, 7.000000000000000000, -1.000000000000000000 ) ) ;
#2036 = DIRECTION ( 'NONE',  ( -3.491481338843133700E-015, -0.0000000000000000000, 1.000000000000000000 ) ) ;
#2037 = ORIENTED_EDGE ( 'NONE', *, *, #621, .F. ) ;
#2038 = CARTESIAN_POINT ( 'NONE',  ( 15.83054006020342900, 7.199999999999995700, -4.000000000000000000 ) ) ;
#2039 = CARTESIAN_POINT ( 'NONE',  ( 9.000000000000000000, 6.592417284497559900, 17.34607682398742400 ) ) ;
#2040 = CARTESIAN_POINT ( 'NONE',  ( 0.0000000000000000000, 0.8000000000000003800, 0.0000000000000000000 ) ) ;
#2041 = ORIENTED_EDGE ( 'NONE', *, *, #3236, .F. ) ;
#2042 = ORIENTED_EDGE ( 'NONE', *, *, #2004, .F. ) ;
#2043 = CARTESIAN_POINT ( 'NONE',  ( -16.13463050209262300, 3.200000000000000200, -5.874246008532290700 ) ) ;
#2044 = FACE_OUTER_BOUND ( 'NONE', #2294, .T. ) ;
#2045 = VERTEX_POINT ( 'NONE', #1436 ) ;
#2046 = DIRECTION ( 'NONE',  ( -0.0000000000000000000, 0.2063564246127676000, 0.9784768908978051000 ) ) ;
#2047 = DIRECTION ( 'NONE',  ( 0.0000000000000000000, 0.0000000000000000000, 1.000000000000000000 ) ) ;
#2048 = EDGE_CURVE ( 'NONE', #1393, #554, #2825, .T. ) ;
#2049 = FACE_OUTER_BOUND ( 'NONE', #707, .T. ) ;
#2050 = ORIENTED_EDGE ( 'NONE', *, *, #2465, .T. ) ;
#2051 = B_SPLINE_CURVE_WITH_KNOTS ( 'NONE', 3,
 ( #2269, #1977, #446, #1673, #2934, #1385, #3186 ),
 .UNSPECIFIED., .F., .F.,
 ( 4, 3, 4 ),
 ( 0.02692275975881077900, 0.02726434801377300100, 0.02896675891110505800 ),
 .UNSPECIFIED. ) ;
#2052 = CARTESIAN_POINT ( 'NONE',  ( 4.274760576765949300, 8.220184244813195200, 15.95969903330318100 ) ) ;
#2053 = VERTEX_POINT ( 'NONE', #1108 ) ;
#2054 = VECTOR ( 'NONE', #884, 1000.000000000000000 ) ;
#2055 = AXIS2_PLACEMENT_3D ( 'NONE', #2399, #2378, #1833 ) ;
#2056 = CARTESIAN_POINT ( 'NONE',  ( 1.000000000000058600, 5.000000000000000000, -16.76142793844527600 ) ) ;
#2057 = ORIENTED_EDGE ( 'NONE', *, *, #2284, .T. ) ;
#2058 = AXIS2_PLACEMENT_3D ( 'NONE', #1892, #2788, #2182 ) ;
#2059 = DIRECTION ( 'NONE',  ( 0.0000000000000000000, 0.0000000000000000000, 1.000000000000000000 ) ) ;
#2060 = EDGE_CURVE ( 'NONE', #1899, #19, #29, .T. ) ;
#2061 = VECTOR ( 'NONE', #2181, 1000.000000000000000 ) ;
#2062 = VERTEX_POINT ( 'NONE', #3299 ) ;
#2063 = FACE_OUTER_BOUND ( 'NONE', #3790, .T. ) ;
#2064 = CARTESIAN_POINT ( 'NONE',  ( -7.448258691867172100E-016, 9.199999999999999300, 0.0000000000000000000 ) ) ;
#2065 = ORIENTED_EDGE ( 'NONE', *, *, #1080, .T. ) ;
#2066 = AXIS2_PLACEMENT_3D ( 'NONE', #330, #2758, #1831 ) ;
#2067 = ORIENTED_EDGE ( 'NONE', *, *, #3290, .F. ) ;
#2068 = CARTESIAN_POINT ( 'NONE',  ( 6.000000000000000000, 3.199999999999999700, -16.52329841713565300 ) ) ;
#2069 = CYLINDRICAL_SURFACE ( 'NONE', #1264, 2.000000000000000000 ) ;
#2070 = PLANE ( 'NONE',  #3838 ) ;
#2071 = CARTESIAN_POINT ( 'NONE',  ( -4.000000000000000000, 7.200000000000000200, -15.83054006020342900 ) ) ;
#2072 = CARTESIAN_POINT ( 'NONE',  ( 5.740191624440759800, 9.200000000000001100, 15.27524934419032500 ) ) ;
#2073 = CARTESIAN_POINT ( 'NONE',  ( 0.0000000000000000000, 10.30000000000000100, -15.67544236128531500 ) ) ;
#2074 = CARTESIAN_POINT ( 'NONE',  ( 0.0000000000000000000, 10.30000000000000100, 0.0000000000000000000 ) ) ;
#2075 = EDGE_CURVE ( 'NONE', #236, #1314, #1107, .T. ) ;
#2076 = DIRECTION ( 'NONE',  ( 1.000000000000000000, -0.0000000000000000000, -0.0000000000000000000 ) ) ;
#2077 = CARTESIAN_POINT ( 'NONE',  ( 4.000000000000000000, 7.199999999999999300, 16.25182708671581000 ) ) ;
#2078 = CARTESIAN_POINT ( 'NONE',  ( -15.87192830807052400, 8.436903845125485200, 4.422883695233669400 ) ) ;
#2079 = EDGE_CURVE ( 'NONE', #252, #557, #696, .T. ) ;
#2080 = CARTESIAN_POINT ( 'NONE',  ( 16.25182708671581000, 7.199999999999995700, -4.000000000000000000 ) ) ;
#2081 = DIRECTION ( 'NONE',  ( 0.0000000000000000000, 0.0000000000000000000, 1.000000000000000000 ) ) ;
#2082 = CARTESIAN_POINT ( 'NONE',  ( -4.000000000000000000, 7.199999999999999300, -16.25182708671581000 ) ) ;
#2083 = CARTESIAN_POINT ( 'NONE',  ( -6.999999999999999100, 5.997937062496145400, 16.95023182193593000 ) ) ;
#2084 = VERTEX_POINT ( 'NONE', #1165 ) ;
#2085 = AXIS2_PLACEMENT_3D ( 'NONE', #1198, #936, #3334 ) ;
#2086 = CARTESIAN_POINT ( 'NONE',  ( 6.000000000000000000, 5.200000000000000200, -19.99999999999999600 ) ) ;
#2087 = ORIENTED_EDGE ( 'NONE', *, *, #1070, .F. ) ;
#2088 = CARTESIAN_POINT ( 'NONE',  ( -19.99999999999999600, 5.000000000000000000, 1.000000000000000000 ) ) ;
#2089 = DIRECTION ( 'NONE',  ( 0.0000000000000000000, 0.2063564246127676200, 0.9784768908978052100 ) ) ;
#2090 = ORIENTED_EDGE ( 'NONE', *, *, #984, .T. ) ;
#2091 = TOROIDAL_SURFACE ( 'NONE', #3792, 6.999999999999999100, 2.000000000000000000 ) ;
#2092 = CARTESIAN_POINT ( 'NONE',  ( 16.33960731324719600, 6.999999999999999100, 1.000000000000000000 ) ) ;
#2093 = ORIENTED_EDGE ( 'NONE', *, *, #1419, .F. ) ;
#2094 = CARTESIAN_POINT ( 'NONE',  ( 6.999999999999999100, 4.943557704016123800, 17.89821328499362400 ) ) ;
#2095 = DIRECTION ( 'NONE',  ( 0.0000000000000000000, 1.000000000000000000, 0.0000000000000000000 ) ) ;
#2096 = ORIENTED_EDGE ( 'NONE', *, *, #3567, .F. ) ;
#2097 = CARTESIAN_POINT ( 'NONE',  ( 0.0000000000000000000, 0.6383835455768402900, 0.0000000000000000000 ) ) ;
#2098 = CIRCLE ( 'NONE', #2642, 20.26179316048376600 ) ;
#2099 = ADVANCED_FACE ( 'NONE', ( #405 ), #3066, .T. ) ;
#2100 = DIRECTION ( 'NONE',  ( 0.0000000000000000000, 0.0000000000000000000, 1.000000000000000000 ) ) ;
#2101 = ORIENTED_EDGE ( 'NONE', *, *, #1095, .F. ) ;
#2102 = CARTESIAN_POINT ( 'NONE',  ( 6.999999999999999100, 6.731794730669499800, 16.79546450347635300 ) ) ;
#2103 = CYLINDRICAL_SURFACE ( 'NONE', #2085, 1.696975314065780800 ) ;
#2104 = ORIENTED_EDGE ( 'NONE', *, *, #1238, .F. ) ;
#2105 = CARTESIAN_POINT ( 'NONE',  ( 4.204117055177074600, 4.309881445522859300, 16.40649914106424500 ) ) ;
#2106 = EDGE_CURVE ( 'NONE', #3367, #830, #306, .T. ) ;
#2107 = VERTEX_POINT ( 'NONE', #561 ) ;
#2108 = CARTESIAN_POINT ( 'NONE',  ( 0.0000000000000000000, 6.999999999999999100, -16.37017920339057800 ) ) ;
#2109 = VECTOR ( 'NONE', #2036, 1000.000000000000000 ) ;
#2110 = ORIENTED_EDGE ( 'NONE', *, *, #2857, .F. ) ;
#2111 = CARTESIAN_POINT ( 'NONE',  ( 4.014272406738997200, 7.473563259921278700, 15.76754332321776400 ) ) ;
#2112 = ORIENTED_EDGE ( 'NONE', *, *, #134, .F. ) ;
#2113 = AXIS2_PLACEMENT_3D ( 'NONE', #498, #1384, #1063 ) ;
#2114 = ORIENTED_EDGE ( 'NONE', *, *, #2391, .F. ) ;
#2115 = DIRECTION ( 'NONE',  ( 0.0000000000000000000, 0.0000000000000000000, 1.000000000000000000 ) ) ;
#2116 = CIRCLE ( 'NONE', #1587, 19.75000000000000000 ) ;
#2117 = DIRECTION ( 'NONE',  ( 0.0000000000000000000, -1.000000000000000000, 0.0000000000000000000 ) ) ;
#2118 = VERTEX_POINT ( 'NONE', #816 ) ;
#2119 = EDGE_CURVE ( 'NONE', #554, #3552, #2532, .T. ) ;
#2120 = CARTESIAN_POINT ( 'NONE',  ( -6.999999999999999100, 4.902286419093569800, 17.70251790681405900 ) ) ;
#2121 = CARTESIAN_POINT ( 'NONE',  ( 4.000000000000000000, 9.199999999999999300, -19.99999999999999600 ) ) ;
#2122 = ORIENTED_EDGE ( 'NONE', *, *, #58, .T. ) ;
#2123 = CARTESIAN_POINT ( 'NONE',  ( -16.36547648169989000, 3.453269081513818100, -5.017000285999223800 ) ) ;
#2124 = AXIS2_PLACEMENT_3D ( 'NONE', #2005, #541, #190 ) ;
#2125 = CARTESIAN_POINT ( 'NONE',  ( 0.0000000000000000000, 10.06480838483987300, 0.0000000000000000000 ) ) ;
#2126 = CARTESIAN_POINT ( 'NONE',  ( -16.33960731324719600, 6.999999999999999100, 1.000000000000000000 ) ) ;
#2127 = ADVANCED_FACE ( 'NONE', ( #3837 ), #782, .T. ) ;
#2128 = CARTESIAN_POINT ( 'NONE',  ( 16.18983395686751300, 7.470252044855344700, -4.013862427173936700 ) ) ;
#2129 = DIRECTION ( 'NONE',  ( 0.0000000000000000000, 0.0000000000000000000, 1.000000000000000000 ) ) ;
#2130 = PLANE ( 'NONE',  #1786 ) ;
#2131 = CARTESIAN_POINT ( 'NONE',  ( -16.78178975796910800, 4.682913400430054600, -4.063588163106587100 ) ) ;
#2132 = CARTESIAN_POINT ( 'NONE',  ( -16.31799231754373700, 4.938700009740837300, -4.012796778644594800 ) ) ;
#2133 = EDGE_CURVE ( 'NONE', #3630, #478, #3741, .T. ) ;
#2134 = DIRECTION ( 'NONE',  ( 0.0000000000000000000, 0.2063564246127676000, 0.9784768908978051000 ) ) ;
#2135 = DATE_AND_TIME ( #2949, #2417 ) ;
#2136 = CARTESIAN_POINT ( 'NONE',  ( -4.067314714142528800, 7.731513134146213800, -16.11976796865835500 ) ) ;
#2137 = CARTESIAN_POINT ( 'NONE',  ( -16.52329841713565300, 3.199999999999999700, 6.000000000000000900 ) ) ;
#2138 = EDGE_CURVE ( 'NONE', #652, #2625, #825, .T. ) ;
#2139 = DIRECTION ( 'NONE',  ( 1.000000000000000000, 0.0000000000000000000, -0.0000000000000000000 ) ) ;
#2140 = ORIENTED_EDGE ( 'NONE', *, *, #3404, .F. ) ;
#2141 = CARTESIAN_POINT ( 'NONE',  ( -4.408183978791203800, 3.960556582082706400, 16.42998294812604600 ) ) ;
#2142 = AXIS2_PLACEMENT_3D ( 'NONE', #722, #2818, #1333 ) ;
#2143 = ADVANCED_FACE ( 'NONE', ( #3018 ), #920, .F. ) ;
#2144 = ORIENTED_EDGE ( 'NONE', *, *, #2174, .T. ) ;
#2145 = B_SPLINE_CURVE_WITH_KNOTS ( 'NONE', 3,
 ( #487, #3811, #767, #1677 ),
 .UNSPECIFIED., .F., .F.,
 ( 4, 4 ),
 ( 0.02622815477299088700, 0.02827455091886908400 ),
 .UNSPECIFIED. ) ;
#2146 = DIRECTION ( 'NONE',  ( 0.0000000000000000000, -0.0000000000000000000, 1.000000000000000000 ) ) ;
#2147 = CARTESIAN_POINT ( 'NONE',  ( -16.00122729651928900, 8.105694203540773300, -4.211899344301272700 ) ) ;
#2148 = ORIENTED_EDGE ( 'NONE', *, *, #1238, .T. ) ;
#2149 = FACE_OUTER_BOUND ( 'NONE', #785, .T. ) ;
#2150 = DIRECTION ( 'NONE',  ( -0.0000000000000000000, -1.000000000000000000, -0.0000000000000000000 ) ) ;
#2151 = ORIENTED_EDGE ( 'NONE', *, *, #1636, .T. ) ;
#2152 = CARTESIAN_POINT ( 'NONE',  ( 14.94542278342338400, 9.149169738605035500, 5.484053137301912400 ) ) ;
#2153 = VECTOR ( 'NONE', #3380, 1000.000000000000000 ) ;
#2154 = ORIENTED_EDGE ( 'NONE', *, *, #1395, .F. ) ;
#2155 = CARTESIAN_POINT ( 'NONE',  ( -6.000000000000001800, 3.199999999999999700, 16.08772991682003100 ) ) ;
#2156 = FACE_OUTER_BOUND ( 'NONE', #3492, .T. ) ;
#2157 = CARTESIAN_POINT ( 'NONE',  ( 0.3884760064961611500, 3.559574257008957700, 17.50324752484022300 ) ) ;
#2158 = ORIENTED_EDGE ( 'NONE', *, *, #3857, .T. ) ;
#2159 = CARTESIAN_POINT ( 'NONE',  ( 0.0000000000000000000, 7.000000000000000000, 0.0000000000000000000 ) ) ;
#2160 = VECTOR ( 'NONE', #2485, 1000.000000000000000 ) ;
#2161 = ORIENTED_EDGE ( 'NONE', *, *, #1566, .T. ) ;
#2162 = CARTESIAN_POINT ( 'NONE',  ( 0.0000000000000000000, 7.804901253208623900, 17.29476865600662800 ) ) ;
#2163 = VECTOR ( 'NONE', #3908, 1000.000000000000000 ) ;
#2164 = CARTESIAN_POINT ( 'NONE',  ( -0.9999999999999414900, 7.000000000000000000, -16.74912161255759500 ) ) ;
#2165 = ORIENTED_EDGE ( 'NONE', *, *, #470, .F. ) ;
#2166 = EDGE_CURVE ( 'NONE', #3254, #3622, #2722, .T. ) ;
#2167 = CARTESIAN_POINT ( 'NONE',  ( -6.999999999999999100, 3.551744835251633000, 17.46612288346784700 ) ) ;
#2168 = ADVANCED_FACE ( 'NONE', ( #1546 ), #2336, .F. ) ;
#2169 = VERTEX_POINT ( 'NONE', #276 ) ;
#2170 = B_SPLINE_CURVE_WITH_KNOTS ( 'NONE', 3,
 ( #1894, #2202, #666, #999, #3423, #1569, #1868, #2188, #2178, #2794, #2147, #3721, #3732, #331, #2493, #2477 ),
 .UNSPECIFIED., .F., .F.,
 ( 4, 2, 2, 2, 2, 2, 2, 4 ),
 ( 0.0000000000000000000, 0.0008271148954549245100, 0.001240672343182387600, 0.001654229790909851200, 0.002067787238637314500, 0.002481344686364777900, 0.002894902134092241200, 0.003308459581819704500 ),
 .UNSPECIFIED. ) ;
#2171 = VECTOR ( 'NONE', #1738, 1000.000000000000000 ) ;
#2172 = DIRECTION ( 'NONE',  ( 0.0000000000000000000, 0.2063564246127676200, 0.9784768908978052100 ) ) ;
#2173 = AXIS2_PLACEMENT_3D ( 'NONE', #3575, #230, #223 ) ;
#2174 = EDGE_CURVE ( 'NONE', #1639, #1261, #3958, .T. ) ;
#2175 = CARTESIAN_POINT ( 'NONE',  ( 6.999999999999999100, 5.997937062496145400, 16.95023182193593000 ) ) ;
#2176 = CARTESIAN_POINT ( 'NONE',  ( 2.204364238465235400E-015, 1.199999999999999700, 18.00000000000000000 ) ) ;
#2177 = DIRECTION ( 'NONE',  ( 0.0000000000000000000, 0.2063564246127676000, 0.9784768908978051000 ) ) ;
#2178 = CARTESIAN_POINT ( 'NONE',  ( -15.87094060938086100, 8.439139855283519500, -4.424672770441413000 ) ) ;
#2179 = CARTESIAN_POINT ( 'NONE',  ( 0.0000000000000000000, -13.45654066465862200, 0.0000000000000000000 ) ) ;
#2180 = CARTESIAN_POINT ( 'NONE',  ( 6.999999999999999100, 5.613940393599754900, 17.55243324860019200 ) ) ;
#2181 = DIRECTION ( 'NONE',  ( 1.000000000000000000, 0.0000000000000000000, 0.0000000000000000000 ) ) ;
#2182 = DIRECTION ( 'NONE',  ( 1.224646799147353500E-016, 0.0000000000000000000, -1.000000000000000000 ) ) ;
#2183 = ADVANCED_FACE ( 'NONE', ( #2920 ), #1241, .F. ) ;
#2184 = CARTESIAN_POINT ( 'NONE',  ( 0.0000000000000000000, -13.45654066465862200, 0.0000000000000000000 ) ) ;
#2185 = CARTESIAN_POINT ( 'NONE',  ( 0.9999999999999430500, 7.000000000000000000, 16.33960731324720300 ) ) ;
#2186 = EDGE_CURVE ( 'NONE', #3858, #633, #3461, .T. ) ;
#2187 = EDGE_LOOP ( 'NONE', ( #444, #3271, #1343, #267 ) ) ;
#2188 = CARTESIAN_POINT ( 'NONE',  ( -15.82564334176878700, 8.538802974850634400, -4.508465717800388200 ) ) ;
#2189 = CARTESIAN_POINT ( 'NONE',  ( 0.0000000000000000000, 1.117595807580062900, 0.0000000000000000000 ) ) ;
#2190 = ORIENTED_EDGE ( 'NONE', *, *, #1200, .F. ) ;
#2191 = AXIS2_PLACEMENT_3D ( 'NONE', #525, #1763, #2330 ) ;
#2192 = ORIENTED_EDGE ( 'NONE', *, *, #1351, .F. ) ;
#2193 = AXIS2_PLACEMENT_3D ( 'NONE', #347, #930, #1574 ) ;
#2194 = CARTESIAN_POINT ( 'NONE',  ( 4.690103520863412500, 3.682872291618624100, 16.83648183611155600 ) ) ;
#2195 = VERTEX_POINT ( 'NONE', #2698 ) ;
#2196 = CARTESIAN_POINT ( 'NONE',  ( 17.05145656687629000, 5.566423281142705000, 1.000000000000000000 ) ) ;
#2197 = CIRCLE ( 'NONE', #1128, 16.37017920339057400 ) ;
#2198 = SECURITY_CLASSIFICATION ( '', '', #1576 ) ;
#2199 = DIRECTION ( 'NONE',  ( -1.000000000000000000, 0.0000000000000000000, -0.0000000000000000000 ) ) ;
#2200 = ORIENTED_EDGE ( 'NONE', *, *, #1328, .F. ) ;
#2201 = FACE_OUTER_BOUND ( 'NONE', #1004, .T. ) ;
#2202 = CARTESIAN_POINT ( 'NONE',  ( -15.27535404402915400, 9.199999999999999300, -5.739926864591114800 ) ) ;
#2203 = VERTEX_POINT ( 'NONE', #1526 ) ;
#2204 = CARTESIAN_POINT ( 'NONE',  ( 4.509573544530471000, 8.539959419325112900, -15.39959997374627700 ) ) ;
#2205 = LINE ( 'NONE', #1664, #3119 ) ;
#2206 = ADVANCED_FACE ( 'NONE', ( #1913 ), #2103, .T. ) ;
#2207 = ORIENTED_EDGE ( 'NONE', *, *, #2308, .T. ) ;
#2208 = CARTESIAN_POINT ( 'NONE',  ( 5.498606416869680700, 3.259696218200958600, 16.68412299600179700 ) ) ;
#2209 = VERTEX_POINT ( 'NONE', #895 ) ;
#2210 = VECTOR ( 'NONE', #797, 1000.000000000000000 ) ;
#2211 = ORIENTED_EDGE ( 'NONE', *, *, #2232, .F. ) ;
#2212 = EDGE_CURVE ( 'NONE', #1637, #1441, #605, .T. ) ;
#2213 = CARTESIAN_POINT ( 'NONE',  ( 4.266091931785133800, 4.194404368532175900, -16.83770809576557100 ) ) ;
#2214 = ORIENTED_EDGE ( 'NONE', *, *, #1747, .T. ) ;
#2215 = VERTEX_POINT ( 'NONE', #3045 ) ;
#2216 = LINE ( 'NONE', #2506, #1785 ) ;
#2217 = CARTESIAN_POINT ( 'NONE',  ( 16.13463942524540700, 3.199999999999999300, -5.874222082986950300 ) ) ;
#2218 = EDGE_LOOP ( 'NONE', ( #3001, #2380, #197 ) ) ;
#2219 = DIRECTION ( 'NONE',  ( -1.000000000000000000, -2.168404344971008900E-016, 0.0000000000000000000 ) ) ;
#2220 = EDGE_CURVE ( 'NONE', #1399, #1915, #2624, .T. ) ;
#2221 = DIRECTION ( 'NONE',  ( 0.0000000000000000000, 0.0000000000000000000, 1.000000000000000000 ) ) ;
#2222 = DIRECTION ( 'NONE',  ( 0.0000000000000000000, -1.000000000000000000, -0.0000000000000000000 ) ) ;
#2223 = AXIS2_PLACEMENT_3D ( 'NONE', #2639, #2357, #1764 ) ;
#2224 = CARTESIAN_POINT ( 'NONE',  ( 4.102325145812013600, 4.554782136835114200, -16.80018257456740100 ) ) ;
#2225 = CARTESIAN_POINT ( 'NONE',  ( 4.012796778644594800, 4.938700009740838200, -16.31799231754373700 ) ) ;
#2226 = DIRECTION ( 'NONE',  ( 0.0000000000000000000, 0.0000000000000000000, 1.000000000000000000 ) ) ;
#2227 = CARTESIAN_POINT ( 'NONE',  ( 0.0000000000000000000, 5.021522271014812400, 17.15615335895274300 ) ) ;
#2228 = CARTESIAN_POINT ( 'NONE',  ( 16.80018257456740100, 4.554782136835095600, 4.102325145812020700 ) ) ;
#2229 = DIRECTION ( 'NONE',  ( 0.0000000000000000000, 0.0000000000000000000, -1.000000000000000000 ) ) ;
#2230 = ORIENTED_EDGE ( 'NONE', *, *, #923, .T. ) ;
#2231 = CARTESIAN_POINT ( 'NONE',  ( 16.33960731324719600, 6.999999999999999100, 1.000000000000000000 ) ) ;
#2232 = EDGE_CURVE ( 'NONE', #3595, #1830, #2032, .T. ) ;
#2233 = ORIENTED_EDGE ( 'NONE', *, *, #3383, .F. ) ;
#2234 = DIRECTION ( 'NONE',  ( 0.0000000000000000000, 0.9784768908978051000, -0.2063564246127676000 ) ) ;
#2235 = CARTESIAN_POINT ( 'NONE',  ( 0.0000000000000000000, 0.8000000000000003800, 0.0000000000000000000 ) ) ;
#2236 = AXIS2_PLACEMENT_3D ( 'NONE', #3956, #1211, #1799 ) ;
#2237 = ORIENTED_EDGE ( 'NONE', *, *, #2593, .T. ) ;
#2238 = PLANE ( 'NONE',  #2614 ) ;
#2239 = EDGE_CURVE ( 'NONE', #3595, #242, #496, .T. ) ;
#2240 = CIRCLE ( 'NONE', #391, 2.000000000000000400 ) ;
#2241 = EDGE_LOOP ( 'NONE', ( #945, #2681, #44, #2832 ) ) ;
#2242 = ADVANCED_FACE ( 'NONE', ( #2049 ), #3642, .F. ) ;
#2243 = AXIS2_PLACEMENT_3D ( 'NONE', #1524, #3931, #2726 ) ;
#2244 = ORIENTED_EDGE ( 'NONE', *, *, #3322, .T. ) ;
#2245 = VECTOR ( 'NONE', #373, 1000.000000000000000 ) ;
#2246 = CARTESIAN_POINT ( 'NONE',  ( 4.000000000000000000, 5.199999999998994800, -16.68512366752375100 ) ) ;
#2247 = EDGE_LOOP ( 'NONE', ( #1046, #1225, #68, #3780, #977, #741, #2154, #2275 ) ) ;
#2248 = CARTESIAN_POINT ( 'NONE',  ( 16.52721605827006000, 6.110511138588854000, 1.000000000000000000 ) ) ;
#2249 = CARTESIAN_POINT ( 'NONE',  ( -7.261653499206554600E-016, 9.200000000000001100, 0.0000000000000000000 ) ) ;
#2250 = FACE_OUTER_BOUND ( 'NONE', #2770, .T. ) ;
#2251 = ORIENTED_EDGE ( 'NONE', *, *, #3712, .T. ) ;
#2252 = DIRECTION ( 'NONE',  ( -0.0000000000000000000, 0.0000000000000000000, -1.000000000000000000 ) ) ;
#2253 = ORIENTED_EDGE ( 'NONE', *, *, #3415, .F. ) ;
#2254 = CARTESIAN_POINT ( 'NONE',  ( 5.009986967490935900, 8.956513031686308000, -15.15365963067931600 ) ) ;
#2255 = VECTOR ( 'NONE', #1344, 1000.000000000000100 ) ;
#2256 = ORIENTED_EDGE ( 'NONE', *, *, #1377, .T. ) ;
#2257 = FACE_OUTER_BOUND ( 'NONE', #1499, .T. ) ;
#2258 = ORIENTED_EDGE ( 'NONE', *, *, #1850, .F. ) ;
#2259 = EDGE_LOOP ( 'NONE', ( #290, #1757, #1473, #3541 ) ) ;
#2260 = FACE_BOUND ( 'NONE', #1817, .T. ) ;
#2261 = EDGE_CURVE ( 'NONE', #2209, #1688, #1435, .T. ) ;
#2262 = CARTESIAN_POINT ( 'NONE',  ( 0.0000000000000000000, 0.0000000000000000000, 19.75000000000000000 ) ) ;
#2263 = CARTESIAN_POINT ( 'NONE',  ( 16.40571729836630500, 3.590134302362303100, -4.784125858856591600 ) ) ;
#2264 = AXIS2_PLACEMENT_3D ( 'NONE', #3713, #75, #3401 ) ;
#2265 = CARTESIAN_POINT ( 'NONE',  ( -4.500650338408645400, 3.869797902773519200, 16.84738269465055900 ) ) ;
#2266 = AXIS2_PLACEMENT_3D ( 'NONE', #129, #735, #2856 ) ;
#2267 = EDGE_CURVE ( 'NONE', #3794, #1393, #3543, .T. ) ;
#2268 = CARTESIAN_POINT ( 'NONE',  ( -4.000000000000000000, 7.200000000000000200, 5.999999999999998200 ) ) ;
#2269 = CARTESIAN_POINT ( 'NONE',  ( -0.9999999999999430500, 6.999999999999999100, -16.33960731324720000 ) ) ;
#2270 = APPROVAL_PERSON_ORGANIZATION ( #1189, #3767, #1787 ) ;
#2271 = CARTESIAN_POINT ( 'NONE',  ( 0.0000000000000000000, 3.199999999999999700, 0.0000000000000000000 ) ) ;
#2272 = DIRECTION ( 'NONE',  ( 2.522900762084951500E-017, -0.9785497849867490500, 0.2060104810498417400 ) ) ;
#2273 = CARTESIAN_POINT ( 'NONE',  ( 16.52329841713565300, 3.199999999999999700, -6.000000000000000000 ) ) ;
#2274 = DIRECTION ( 'NONE',  ( -0.0000000000000000000, -1.000000000000000000, -0.0000000000000000000 ) ) ;
#2275 = ORIENTED_EDGE ( 'NONE', *, *, #900, .T. ) ;
#2276 = CARTESIAN_POINT ( 'NONE',  ( -4.000000000000000000, 5.199999999999991300, -16.68512366752353400 ) ) ;
#2277 = EDGE_CURVE ( 'NONE', #2678, #1923, #1265, .T. ) ;
#2278 = ORIENTED_EDGE ( 'NONE', *, *, #1669, .F. ) ;
#2279 = ORIENTED_EDGE ( 'NONE', *, *, #3236, .T. ) ;
#2280 = CARTESIAN_POINT ( 'NONE',  ( -16.83648183611155200, 3.682872291618626700, 4.690103520863410800 ) ) ;
#2281 = CARTESIAN_POINT ( 'NONE',  ( 1.000000000000059300, 6.132845712036970400, -16.93200347631844900 ) ) ;
#2282 = ORIENTED_EDGE ( 'NONE', *, *, #957, .F. ) ;
#2283 = DIRECTION ( 'NONE',  ( 0.0000000000000000000, -1.000000000000000000, 0.0000000000000000000 ) ) ;
#2284 = EDGE_CURVE ( 'NONE', #3082, #924, #1014, .T. ) ;
#2285 = FACE_BOUND ( 'NONE', #743, .T. ) ;
#2286 = CARTESIAN_POINT ( 'NONE',  ( 8.572527594031472200E-016, 14.69999999999999900, -6.999999999999999100 ) ) ;
#2287 = ORIENTED_EDGE ( 'NONE', *, *, #1610, .F. ) ;
#2288 = DIRECTION ( 'NONE',  ( -0.0000000000000000000, -1.000000000000000000, -0.0000000000000000000 ) ) ;
#2289 = VECTOR ( 'NONE', #3850, 1000.000000000000000 ) ;
#2290 = AXIS2_PLACEMENT_3D ( 'NONE', #381, #2505, #3097 ) ;
#2291 = ORIENTED_EDGE ( 'NONE', *, *, #513, .T. ) ;
#2292 = CARTESIAN_POINT ( 'NONE',  ( -6.999999999999999100, 5.997937062496145400, 16.95023182193593000 ) ) ;
#2293 = VECTOR ( 'NONE', #1972, 1000.000000000000000 ) ;
#2294 = EDGE_LOOP ( 'NONE', ( #3924, #2344, #3371, #2562 ) ) ;
#2295 = DIRECTION ( 'NONE',  ( 0.0000000000000000000, -1.000000000000000000, 0.0000000000000000000 ) ) ;
#2296 = FACE_OUTER_BOUND ( 'NONE', #2572, .T. ) ;
#2297 = ORIENTED_EDGE ( 'NONE', *, *, #923, .F. ) ;
#2298 = CIRCLE ( 'NONE', #2191, 16.79123183496952300 ) ;
#2299 = CARTESIAN_POINT ( 'NONE',  ( -4.407447064754054900, 3.961534729267183000, -16.85280330541018000 ) ) ;
#2300 = ORIENTED_EDGE ( 'NONE', *, *, #416, .F. ) ;
#2301 = DIRECTION ( 'NONE',  ( -1.000000000000000000, 0.0000000000000000000, 0.0000000000000000000 ) ) ;
#2302 = EDGE_LOOP ( 'NONE', ( #776, #660, #3165, #1511 ) ) ;
#2303 = ORIENTED_EDGE ( 'NONE', *, *, #1361, .F. ) ;
#2304 = LINE ( 'NONE', #2941, #2017 ) ;
#2305 = DIRECTION ( 'NONE',  ( -0.0000000000000000000, 1.000000000000000000, -0.0000000000000000000 ) ) ;
#2306 = CARTESIAN_POINT ( 'NONE',  ( 4.000000000000000000, 7.200000000000001100, -16.25182708671580700 ) ) ;
#2307 = ORIENTED_EDGE ( 'NONE', *, *, #3477, .T. ) ;
#2308 = EDGE_CURVE ( 'NONE', #2590, #3217, #3882, .T. ) ;
#2309 = CARTESIAN_POINT ( 'NONE',  ( -16.73859870148045900, 4.938895689117598100, 4.012778861512740200 ) ) ;
#2310 = CARTESIAN_POINT ( 'NONE',  ( 1.000000000000058800, 6.699267237043145900, -16.81254609045453600 ) ) ;
#2311 = CARTESIAN_POINT ( 'NONE',  ( -4.000000000000000000, 7.200000000000000200, -15.83054006020342900 ) ) ;
#2312 = CARTESIAN_POINT ( 'NONE',  ( -17.05145656687629000, 5.566423281142706800, 1.000000000000000000 ) ) ;
#2313 = AXIS2_PLACEMENT_3D ( 'NONE', #411, #1015, #2229 ) ;
#2314 = EDGE_CURVE ( 'NONE', #2118, #126, #2363, .T. ) ;
#2315 = CARTESIAN_POINT ( 'NONE',  ( -6.999999999999999100, 3.551744835251633000, 17.46612288346784700 ) ) ;
#2316 = DIRECTION ( 'NONE',  ( 0.0000000000000000000, 0.9784768908978048700, -0.2063564246127689000 ) ) ;
#2317 = B_SPLINE_CURVE_WITH_KNOTS ( 'NONE', 3,
 ( #2631, #222, #3891, #2038 ),
 .UNSPECIFIED., .F., .F.,
 ( 4, 4 ),
 ( 0.02560011188845077700, 0.02764664367505963900 ),
 .UNSPECIFIED. ) ;
#2318 = AXIS2_PLACEMENT_3D ( 'NONE', #1797, #2665, #1751 ) ;
#2319 = VECTOR ( 'NONE', #3337, 1000.000000000000000 ) ;
#2320 = DIRECTION ( 'NONE',  ( -0.0000000000000000000, -1.000000000000000000, -0.0000000000000000000 ) ) ;
#2321 = CARTESIAN_POINT ( 'NONE',  ( -4.063938553716659500, 4.681454543335649800, -16.78202108935989000 ) ) ;
#2322 = ORIENTED_EDGE ( 'NONE', *, *, #1026, .F. ) ;
#2323 = CARTESIAN_POINT ( 'NONE',  ( -6.999999999999999100, 6.103178839048657900, 17.44925503629381000 ) ) ;
#2324 = DIRECTION ( 'NONE',  ( 0.0000000000000000000, 0.0000000000000000000, -1.000000000000000000 ) ) ;
#2325 = ORIENTED_EDGE ( 'NONE', *, *, #1788, .F. ) ;
#2326 = EDGE_CURVE ( 'NONE', #242, #639, #2942, .T. ) ;
#2327 = ORIENTED_EDGE ( 'NONE', *, *, #2692, .T. ) ;
#2328 = EDGE_LOOP ( 'NONE', ( #838, #2707, #359, #3549 ) ) ;
#2329 = CIRCLE ( 'NONE', #3464, 16.79123183496952300 ) ;
#2330 = DIRECTION ( 'NONE',  ( 0.0000000000000000000, 0.0000000000000000000, -1.000000000000000000 ) ) ;
#2331 = ORIENTED_EDGE ( 'NONE', *, *, #2978, .F. ) ;
#2332 = AXIS2_PLACEMENT_3D ( 'NONE', #3315, #1477, #3432 ) ;
#2333 = DIRECTION ( 'NONE',  ( 0.0000000000000000000, 0.0000000000000000000, 1.000000000000000000 ) ) ;
#2334 = CARTESIAN_POINT ( 'NONE',  ( -19.99999999999999600, 9.199999999999992200, 4.000000000000000000 ) ) ;
#2335 = CARTESIAN_POINT ( 'NONE',  ( 2.078195386602732400E-016, 4.442727709811245900, 17.79943679476055300 ) ) ;
#2336 = CYLINDRICAL_SURFACE ( 'NONE', #544, 2.000000000000000000 ) ;
#2337 = DIRECTION ( 'NONE',  ( 8.659560562354931600E-017, 0.7071067811865475700, -0.7071067811865474600 ) ) ;
#2338 = ORIENTED_EDGE ( 'NONE', *, *, #3358, .T. ) ;
#2339 = CARTESIAN_POINT ( 'NONE',  ( 6.999999999999999100, 6.487175507945048400, 16.84705360962954400 ) ) ;
#2340 = AXIS2_PLACEMENT_3D ( 'NONE', #3058, #3382, #1483 ) ;
#2341 = ORIENTED_EDGE ( 'NONE', *, *, #569, .F. ) ;
#2342 = VECTOR ( 'NONE', #109, 1000.000000000000100 ) ;
#2343 = CARTESIAN_POINT ( 'NONE',  ( 2.004768756290083700E-015, 6.999999999999999100, 16.37017920339057800 ) ) ;
#2344 = ORIENTED_EDGE ( 'NONE', *, *, #3567, .T. ) ;
#2345 = B_SPLINE_CURVE_WITH_KNOTS ( 'NONE', 3,
 ( #3470, #2843, #2248, #719, #3487, #1017, #2231 ),
 .UNSPECIFIED., .F., .F.,
 ( 4, 3, 4 ),
 ( 0.02556193666978640700, 0.02726434758186798900, 0.02760593583986973800 ),
 .UNSPECIFIED. ) ;
#2346 = CIRCLE ( 'NONE', #3716, 19.99999999999999600 ) ;
#2347 = ORIENTED_EDGE ( 'NONE', *, *, #1369, .T. ) ;
#2348 = FACE_OUTER_BOUND ( 'NONE', #2924, .T. ) ;
#2349 = VERTEX_POINT ( 'NONE', #991 ) ;
#2350 = CARTESIAN_POINT ( 'NONE',  ( -0.9999999999999301700, 5.000000000000000000, -20.00000000000007100 ) ) ;
#2351 = ORIENTED_EDGE ( 'NONE', *, *, #1727, .F. ) ;
#2352 = CARTESIAN_POINT ( 'NONE',  ( -16.40649914106424500, 4.309881445522860200, 4.204117055177076300 ) ) ;
#2353 = DIRECTION ( 'NONE',  ( -0.0000000000000000000, 1.000000000000000000, -0.0000000000000000000 ) ) ;
#2354 = DIRECTION ( 'NONE',  ( 0.0000000000000000000, -0.9784768908978048700, 0.2063564246127684000 ) ) ;
#2355 = EDGE_CURVE ( 'NONE', #1207, #3597, #543, .T. ) ;
#2356 = CARTESIAN_POINT ( 'NONE',  ( -1.000000000000060000, 5.000000000000000000, 17.16069231019163200 ) ) ;
#2357 = DIRECTION ( 'NONE',  ( 1.000000000000000000, -0.0000000000000000000, 0.0000000000000000000 ) ) ;
#2358 = CARTESIAN_POINT ( 'NONE',  ( 6.000000000000001800, 3.199999999999999700, 16.08772991682003100 ) ) ;
#2359 = AXIS2_PLACEMENT_3D ( 'NONE', #2453, #3392, #1269 ) ;
#2360 = CALENDAR_DATE ( 2019, 25, 4 ) ;
#2361 = EDGE_CURVE ( 'NONE', #613, #286, #647, .T. ) ;
#2362 = PLANE ( 'NONE',  #934 ) ;
#2363 =( BOUNDED_CURVE ( )  B_SPLINE_CURVE ( 3, ( #354, #329, #2157, #684 ),
 .UNSPECIFIED., .F., .F. ) 
 B_SPLINE_CURVE_WITH_KNOTS ( ( 4, 4 ),
 ( 3.077913324579853800, 3.141592653589793100 ),
 .UNSPECIFIED. ) 
 CURVE ( )  GEOMETRIC_REPRESENTATION_ITEM ( )  RATIONAL_B_SPLINE_CURVE ( ( 1.000000000000000000, 0.9996621071348258400, 0.9996621071348258400, 1.000000000000000000 ) ) 
 REPRESENTATION_ITEM ( '' )  );
#2364 = DIRECTION ( 'NONE',  ( -3.491481338843133700E-015, -0.0000000000000000000, 1.000000000000000000 ) ) ;
#2365 = DIRECTION ( 'NONE',  ( 1.000000000000000000, -0.0000000000000000000, -0.0000000000000000000 ) ) ;
#2366 = CARTESIAN_POINT ( 'NONE',  ( 1.990852049018296900E-015, 0.7999999999999999300, -16.25654066465862300 ) ) ;
#2367 = ORIENTED_EDGE ( 'NONE', *, *, #1788, .T. ) ;
#2368 = DIRECTION ( 'NONE',  ( 0.0000000000000000000, 0.0000000000000000000, -1.000000000000000000 ) ) ;
#2369 = DIRECTION ( 'NONE',  ( 0.0000000000000000000, 1.000000000000000000, 0.0000000000000000000 ) ) ;
#2370 = EDGE_LOOP ( 'NONE', ( #1426, #2015, #1363, #2065 ) ) ;
#2371 = VERTEX_POINT ( 'NONE', #1942 ) ;
#2372 = CARTESIAN_POINT ( 'NONE',  ( 6.000000000000000000, 9.199999999999999300, 15.39588668813732200 ) ) ;
#2373 = CARTESIAN_POINT ( 'NONE',  ( -6.999999999999999100, 3.551744835251633000, 17.46612288346784700 ) ) ;
#2374 = CARTESIAN_POINT ( 'NONE',  ( -0.9999999999999406000, 5.566423281142708600, -17.05145656687629700 ) ) ;
#2375 = ORIENTED_EDGE ( 'NONE', *, *, #1719, .T. ) ;
#2376 = DIRECTION ( 'NONE',  ( 0.0000000000000000000, 0.0000000000000000000, 1.000000000000000000 ) ) ;
#2377 = VECTOR ( 'NONE', #2081, 1000.000000000000000 ) ;
#2378 = DIRECTION ( 'NONE',  ( -2.168404344971008900E-016, 1.000000000000000000, 0.0000000000000000000 ) ) ;
#2379 = EDGE_CURVE ( 'NONE', #126, #2107, #682, .T. ) ;
#2380 = ORIENTED_EDGE ( 'NONE', *, *, #1927, .T. ) ;
#2381 = LINE ( 'NONE', #2022, #587 ) ;
#2382 = CARTESIAN_POINT ( 'NONE',  ( -19.99999999999999600, 7.000000000000000000, -1.000000000000000000 ) ) ;
#2383 = EDGE_LOOP ( 'NONE', ( #1058, #548, #350, #3294 ) ) ;
#2384 = CARTESIAN_POINT ( 'NONE',  ( 2.234980408443919200E-015, -1.400000000000000100, -18.25000000000000000 ) ) ;
#2385 = VECTOR ( 'NONE', #976, 1000.000000000000000 ) ;
#2386 = CARTESIAN_POINT ( 'NONE',  ( 0.0000000000000000000, 9.899999999999998600, 0.0000000000000000000 ) ) ;
#2387 = AXIS2_PLACEMENT_3D ( 'NONE', #1255, #2773, #961 ) ;
#2388 = VERTEX_POINT ( 'NONE', #96 ) ;
#2389 = AXIS2_PLACEMENT_3D ( 'NONE', #2871, #1955, #3520 ) ;
#2390 = DIRECTION ( 'NONE',  ( 0.0000000000000000000, 1.000000000000000000, 0.0000000000000000000 ) ) ;
#2391 = EDGE_CURVE ( 'NONE', #770, #1923, #445, .T. ) ;
#2392 = CIRCLE ( 'NONE', #845, 0.7500000000000003300 ) ;
#2393 = VERTEX_POINT ( 'NONE', #3139 ) ;
#2394 = FACE_OUTER_BOUND ( 'NONE', #1822, .T. ) ;
#2395 = EDGE_LOOP ( 'NONE', ( #866, #1771 ) ) ;
#2396 = CC_DESIGN_PERSON_AND_ORGANIZATION_ASSIGNMENT ( #185, #3414, ( #2198 ) ) ;
#2397 = CIRCLE ( 'NONE', #45, 14.25654066465862400 ) ;
#2398 = ORIENTED_EDGE ( 'NONE', *, *, #1835, .F. ) ;
#2399 = CARTESIAN_POINT ( 'NONE',  ( -4.000000000000000000, 9.199999999999999300, -19.99999999999999600 ) ) ;
#2400 = FACE_OUTER_BOUND ( 'NONE', #2961, .T. ) ;
#2401 = B_SPLINE_CURVE_WITH_KNOTS ( 'NONE', 3,
 ( #1365, #3198, #3807, #1398, #1672, #176, #3818, #1976, #2280, #472, #187, #2900, #2604, #2309, #2611, #2933 ),
 .UNSPECIFIED., .F., .F.,
 ( 4, 2, 2, 2, 2, 2, 2, 4 ),
 ( 0.0000000000000000000, 0.0003970749598604392600, 0.0007941499197208785200, 0.001191224879581317800, 0.001588299839441757000, 0.002382449759162636900, 0.002779524719023077400, 0.003176599678883518400 ),
 .UNSPECIFIED. ) ;
#2402 = DIRECTION ( 'NONE',  ( -0.0000000000000000000, 0.0000000000000000000, -1.000000000000000000 ) ) ;
#2403 = CARTESIAN_POINT ( 'NONE',  ( 15.83054006020342900, 7.200000000000003700, 4.000000000000000000 ) ) ;
#2404 = ADVANCED_FACE ( 'NONE', ( #1057 ), #119, .F. ) ;
#2405 = EDGE_LOOP ( 'NONE', ( #2587, #3852, #2190, #2865 ) ) ;
#2406 = CARTESIAN_POINT ( 'NONE',  ( 16.11976796865835800, 7.731513134146206700, -4.067314714142528800 ) ) ;
#2407 = CARTESIAN_POINT ( 'NONE',  ( -16.37917768871655300, 4.554221254920538100, 4.102507864328834400 ) ) ;
#2408 = DIRECTION ( 'NONE',  ( 0.0000000000000000000, -0.0000000000000000000, -1.000000000000000000 ) ) ;
#2409 = CARTESIAN_POINT ( 'NONE',  ( -15.97529675982405500, 6.533357411388661400, 4.000000000000000000 ) ) ;
#2410 = CARTESIAN_POINT ( 'NONE',  ( 4.276644305403316100, 8.223312567616552800, -15.95851218011838700 ) ) ;
#2411 = EDGE_CURVE ( 'NONE', #3707, #770, #3049, .T. ) ;
#2412 = CARTESIAN_POINT ( 'NONE',  ( 6.999999999999999100, 5.508698617047243400, 17.05341003424231200 ) ) ;
#2413 = DIRECTION ( 'NONE',  ( 1.224646799147353500E-016, 0.0000000000000000000, -1.000000000000000000 ) ) ;
#2414 = EDGE_CURVE ( 'NONE', #2203, #1711, #250, .T. ) ;
#2415 = CARTESIAN_POINT ( 'NONE',  ( 4.108301065455243000, 7.862661683964669900, 15.65871114893574000 ) ) ;
#2416 = CARTESIAN_POINT ( 'NONE',  ( 0.0000000000000000000, 10.69999999999999900, 0.0000000000000000000 ) ) ;
#2417 = LOCAL_TIME ( 23, 21, 52.00000000000000000, #3675 ) ;
#2418 = CARTESIAN_POINT ( 'NONE',  ( 0.0000000000000000000, 1.200000000000000000, 0.0000000000000000000 ) ) ;
#2419 = ORIENTED_EDGE ( 'NONE', *, *, #3088, .T. ) ;
#2420 = AXIS2_PLACEMENT_3D ( 'NONE', #1791, #897, #7 ) ;
#2421 = ADVANCED_FACE ( 'NONE', ( #3252 ), #1318, .F. ) ;
#2422 = DIRECTION ( 'NONE',  ( -1.000000000000000000, 2.168404344971008900E-016, 0.0000000000000000000 ) ) ;
#2423 = DIRECTION ( 'NONE',  ( 0.0000000000000000000, 1.000000000000000000, 0.0000000000000000000 ) ) ;
#2424 = ORIENTED_EDGE ( 'NONE', *, *, #957, .T. ) ;
#2425 = CARTESIAN_POINT ( 'NONE',  ( 0.0000000000000000000, 5.021522271014812400, 17.15615335895274300 ) ) ;
#2426 = CARTESIAN_POINT ( 'NONE',  ( -4.000000000000000000, 7.336686634119184100, -16.22219216627276200 ) ) ;
#2427 = CARTESIAN_POINT ( 'NONE',  ( -16.18983395686751300, 7.470252044855344700, 4.013862427173933200 ) ) ;
#2428 = ORIENTED_EDGE ( 'NONE', *, *, #3272, .F. ) ;
#2429 = CARTESIAN_POINT ( 'NONE',  ( 5.014709398914079400, 8.945208905150186900, 15.15286534964698200 ) ) ;
#2430 = CARTESIAN_POINT ( 'NONE',  ( -16.54079131068126100, 5.866688162233869800, 4.000000000000000900 ) ) ;
#2431 = ORIENTED_EDGE ( 'NONE', *, *, #89, .F. ) ;
#2432 = FACE_OUTER_BOUND ( 'NONE', #1273, .T. ) ;
#2433 = CARTESIAN_POINT ( 'NONE',  ( -4.000000000000000000, 7.200000000000004600, 15.83054006020342900 ) ) ;
#2434 = CARTESIAN_POINT ( 'NONE',  ( -16.82807578377739300, 4.310620591714799900, -4.203759422771346600 ) ) ;
#2435 = VERTEX_POINT ( 'NONE', #1030 ) ;
#2436 = CARTESIAN_POINT ( 'NONE',  ( -4.000000000000000000, 5.199999999999991300, -16.68512366752353400 ) ) ;
#2437 = CYLINDRICAL_SURFACE ( 'NONE', #2723, 1.227307901828121200 ) ;
#2438 = CARTESIAN_POINT ( 'NONE',  ( 16.34293273815623900, 3.393183079884689600, 5.132628805732602800 ) ) ;
#2439 = ORIENTED_EDGE ( 'NONE', *, *, #3735, .F. ) ;
#2440 = EDGE_CURVE ( 'NONE', #3552, #764, #2098, .T. ) ;
#2441 = VERTEX_POINT ( 'NONE', #1928 ) ;
#2442 = CARTESIAN_POINT ( 'NONE',  ( 12.00000000000000000, 3.199999999999999700, -19.99999999999999600 ) ) ;
#2443 = FACE_BOUND ( 'NONE', #3883, .T. ) ;
#2444 = ADVANCED_FACE ( 'NONE', ( #2432 ), #1102, .F. ) ;
#2445 = ORIENTED_EDGE ( 'NONE', *, *, #1589, .T. ) ;
#2446 = VECTOR ( 'NONE', #2504, 1000.000000000000000 ) ;
#2447 = AXIS2_PLACEMENT_3D ( 'NONE', #2121, #302, #2422 ) ;
#2448 = EDGE_LOOP ( 'NONE', ( #3886, #2161, #2244, #2101 ) ) ;
#2449 = CARTESIAN_POINT ( 'NONE',  ( -16.25182708671581000, 7.199999999999996600, 4.000000000000000000 ) ) ;
#2450 = VECTOR ( 'NONE', #2959, 1000.000000000000100 ) ;
#2451 = EDGE_CURVE ( 'NONE', #652, #1623, #199, .T. ) ;
#2452 = ORIENTED_EDGE ( 'NONE', *, *, #3828, .F. ) ;
#2453 = CARTESIAN_POINT ( 'NONE',  ( 0.0000000000000000000, 0.0000000000000000000, 0.0000000000000000000 ) ) ;
#2454 = VERTEX_POINT ( 'NONE', #3211 ) ;
#2455 = B_SPLINE_CURVE_WITH_KNOTS ( 'NONE', 3,
 ( #1781, #1119, #1190, #2720, #2429, #1795, #1823, #297, #3330, #915, #3041, #2415, #1224, #2111, #625, #3354 ),
 .UNSPECIFIED., .F., .F.,
 ( 4, 2, 2, 2, 2, 2, 2, 4 ),
 ( 0.0000000000000000000, 0.0008288185584019076600, 0.001243227837602861600, 0.001657637116803815300, 0.002072046396004769000, 0.002486455675205723200, 0.002900864954406672600, 0.003315274233607622000 ),
 .UNSPECIFIED. ) ;
#2456 = CARTESIAN_POINT ( 'NONE',  ( -16.28670327167502000, 3.296054237050664200, -5.373972282397094300 ) ) ;
#2457 = DIRECTION ( 'NONE',  ( 0.0000000000000000000, -0.2063564246127676000, -0.9784768908978051000 ) ) ;
#2458 = DIRECTION ( 'NONE',  ( 0.0000000000000000000, -0.0000000000000000000, 1.000000000000000000 ) ) ;
#2459 = CARTESIAN_POINT ( 'NONE',  ( 0.0000000000000000000, 9.899999999999998600, 0.0000000000000000000 ) ) ;
#2460 = CARTESIAN_POINT ( 'NONE',  ( -0.9999999999999301700, 5.000000000000000000, 17.16069231019163200 ) ) ;
#2461 = CARTESIAN_POINT ( 'NONE',  ( -5.748981945794110300, 3.211757011548099300, 16.17702797935261900 ) ) ;
#2462 = ADVANCED_FACE ( 'NONE', ( #3411 ), #2483, .F. ) ;
#2463 = CARTESIAN_POINT ( 'NONE',  ( 16.33960731324720000, 7.000000000000000000, -1.000000000000000000 ) ) ;
#2464 = CARTESIAN_POINT ( 'NONE',  ( 0.0000000000000000000, 1.200000000000000000, 0.0000000000000000000 ) ) ;
#2465 = EDGE_CURVE ( 'NONE', #2660, #112, #1671, .T. ) ;
#2466 = CARTESIAN_POINT ( 'NONE',  ( -4.000000000000000000, 5.199999999998994800, 16.68512366752375100 ) ) ;
#2467 = CIRCLE ( 'NONE', #990, 16.77894736842105400 ) ;
#2468 = CARTESIAN_POINT ( 'NONE',  ( 16.08772991682003100, 3.199999999999999700, -6.000000000000001800 ) ) ;
#2469 = AXIS2_PLACEMENT_3D ( 'NONE', #1339, #1917, #2226 ) ;
#2470 = B_SPLINE_CURVE_WITH_KNOTS ( 'NONE', 3,
 ( #729, #2546, #1929, #3166, #3771, #1352, #1645 ),
 .UNSPECIFIED., .F., .F.,
 ( 4, 3, 4 ),
 ( 0.02556193666978640700, 0.02726434758186798900, 0.02760593583986973800 ),
 .UNSPECIFIED. ) ;
#2471 = CARTESIAN_POINT ( 'NONE',  ( 14.83764019302610400, 9.199999999999997500, 5.740742457680942000 ) ) ;
#2472 = VERTEX_POINT ( 'NONE', #3546 ) ;
#2473 = CARTESIAN_POINT ( 'NONE',  ( 16.77026324080426200, 6.899755774282185800, 1.000000000000000000 ) ) ;
#2474 = AXIS2_PLACEMENT_3D ( 'NONE', #1253, #1598, #665 ) ;
#2475 = VERTEX_POINT ( 'NONE', #1088 ) ;
#2476 = CARTESIAN_POINT ( 'NONE',  ( 5.017000285999222900, 3.453269081513818100, -16.36547648169989000 ) ) ;
#2477 = CARTESIAN_POINT ( 'NONE',  ( -16.25182708671580700, 7.200000000000000200, -4.000000000000000000 ) ) ;
#2478 = ORIENTED_EDGE ( 'NONE', *, *, #1087, .T. ) ;
#2479 = VECTOR ( 'NONE', #1149, 1000.000000000000000 ) ;
#2480 = ADVANCED_FACE ( 'NONE', ( #1541, #492 ), #762, .T. ) ;
#2481 = CARTESIAN_POINT ( 'NONE',  ( -6.000000000000000000, 7.200000000000000200, -19.99999999999999600 ) ) ;
#2482 = ORIENTED_EDGE ( 'NONE', *, *, #102, .T. ) ;
#2483 = CYLINDRICAL_SURFACE ( 'NONE', #1144, 2.000000000000000000 ) ;
#2484 = EDGE_LOOP ( 'NONE', ( #3737, #3263, #3637, #2104 ) ) ;
#2485 = DIRECTION ( 'NONE',  ( -1.000000000000000000, -0.0000000000000000000, 0.0000000000000000000 ) ) ;
#2486 = EDGE_CURVE ( 'NONE', #2472, #1391, #3830, .T. ) ;
#2487 = LINE ( 'NONE', #333, #409 ) ;
#2488 = CARTESIAN_POINT ( 'NONE',  ( -16.52329841713565300, 3.199999999999999700, -6.000000000000000000 ) ) ;
#2489 = ORIENTED_EDGE ( 'NONE', *, *, #3497, .F. ) ;
#2490 = CARTESIAN_POINT ( 'NONE',  ( 6.999999999999999100, 5.508698617047243400, 17.05341003424231200 ) ) ;
#2491 = FACE_OUTER_BOUND ( 'NONE', #817, .T. ) ;
#2492 = ORIENTED_EDGE ( 'NONE', *, *, #3061, .T. ) ;
#2493 = CARTESIAN_POINT ( 'NONE',  ( -16.22216408689146400, 7.336816146061848600, -4.000000000000000000 ) ) ;
#2494 = CIRCLE ( 'NONE', #981, 16.77894736842105400 ) ;
#2495 = CARTESIAN_POINT ( 'NONE',  ( 6.999999999999999100, 4.943557704016122900, 17.89821328499362400 ) ) ;
#2496 = EDGE_LOOP ( 'NONE', ( #2664, #2398, #1646, #644, #2916, #1011 ) ) ;
#2497 = EDGE_CURVE ( 'NONE', #2441, #3083, #592, .T. ) ;
#2498 = DIRECTION ( 'NONE',  ( 0.0000000000000000000, 0.2063564246127676000, 0.9784768908978051000 ) ) ;
#2499 = LINE ( 'NONE', #2094, #3803 ) ;
#2500 = ORIENTED_EDGE ( 'NONE', *, *, #1537, .T. ) ;
#2501 = LINE ( 'NONE', #1047, #3602 ) ;
#2502 = CARTESIAN_POINT ( 'NONE',  ( -16.41010359672953500, 6.665765332425688200, -1.000000000000000000 ) ) ;
#2503 = ORIENTED_EDGE ( 'NONE', *, *, #481, .F. ) ;
#2504 = DIRECTION ( 'NONE',  ( -1.000000000000000000, -0.0000000000000000000, 0.0000000000000000000 ) ) ;
#2505 = DIRECTION ( 'NONE',  ( -0.0000000000000000000, 1.000000000000000000, -0.0000000000000000000 ) ) ;
#2506 = CARTESIAN_POINT ( 'NONE',  ( -6.999999999999999100, 5.264079394322791000, 17.10499914039550300 ) ) ;
#2507 = CARTESIAN_POINT ( 'NONE',  ( 0.0000000000000000000, 7.763629968286069900, 17.09907327782706700 ) ) ;
#2508 = CARTESIAN_POINT ( 'NONE',  ( -4.000000000000000000, 5.199999999998994800, 16.68512366752375100 ) ) ;
#2509 = CARTESIAN_POINT ( 'NONE',  ( 16.83119818917608200, 3.591054781191893100, 4.782936570431157700 ) ) ;
#2510 = APPROVAL_DATE_TIME ( #6, #3767 ) ;
#2511 = COORDINATED_UNIVERSAL_TIME_OFFSET ( 1, 0, .AHEAD. ) ;
#2512 = CARTESIAN_POINT ( 'NONE',  ( -6.000000000000000000, 3.199999999999999700, -17.11780916419263900 ) ) ;
#2513 = EDGE_CURVE ( 'NONE', #1883, #1311, #821, .T. ) ;
#2514 = ORIENTED_EDGE ( 'NONE', *, *, #1173, .F. ) ;
#2515 = CARTESIAN_POINT ( 'NONE',  ( 16.08772991682003100, 3.199999999999999700, -6.000000000000001800 ) ) ;
#2516 = CARTESIAN_POINT ( 'NONE',  ( -16.69775595331738700, 5.200000000000000200, 4.000000000000000900 ) ) ;
#2517 = DIRECTION ( 'NONE',  ( -3.491481338843133700E-015, 0.0000000000000000000, 1.000000000000000000 ) ) ;
#2518 = VERTEX_POINT ( 'NONE', #1658 ) ;
#2519 = AXIS2_PLACEMENT_3D ( 'NONE', #5, #3629, #3319 ) ;
#2520 = CARTESIAN_POINT ( 'NONE',  ( 5.131389503197112000, 3.393771181850151900, 16.77113221687326200 ) ) ;
#2521 = EDGE_CURVE ( 'NONE', #2625, #3098, #2401, .T. ) ;
#2522 = ORIENTED_EDGE ( 'NONE', *, *, #3358, .F. ) ;
#2523 = AXIS2_PLACEMENT_3D ( 'NONE', #914, #2368, #1188 ) ;
#2524 = DIRECTION ( 'NONE',  ( 0.0000000000000000000, 1.000000000000000000, 0.0000000000000000000 ) ) ;
#2525 = ORIENTED_EDGE ( 'NONE', *, *, #387, .F. ) ;
#2526 = CARTESIAN_POINT ( 'NONE',  ( 4.000000000000000000, 5.200000000000049900, -16.26447788644215800 ) ) ;
#2527 = CIRCLE ( 'NONE', #2891, 2.000000000000000000 ) ;
#2528 = CARTESIAN_POINT ( 'NONE',  ( 15.53443641575348100, 8.224638815439682600, -4.277428906880887300 ) ) ;
#2529 = ORIENTED_EDGE ( 'NONE', *, *, #3618, .T. ) ;
#2530 = DIRECTION ( 'NONE',  ( 0.0000000000000000000, -1.000000000000000000, 0.0000000000000000000 ) ) ;
#2531 = CARTESIAN_POINT ( 'NONE',  ( -14.94361964808720300, 9.150644323139506000, 5.488205412529150200 ) ) ;
#2532 = CIRCLE ( 'NONE', #2236, 14.32725134277727900 ) ;
#2533 = ORIENTED_EDGE ( 'NONE', *, *, #3483, .T. ) ;
#2534 = LINE ( 'NONE', #3134, #1678 ) ;
#2535 = ORIENTED_EDGE ( 'NONE', *, *, #788, .F. ) ;
#2536 = ORIENTED_EDGE ( 'NONE', *, *, #1509, .F. ) ;
#2537 = EDGE_CURVE ( 'NONE', #1860, #2633, #3935, .T. ) ;
#2538 = ADVANCED_FACE ( 'NONE', ( #2201 ), #200, .T. ) ;
#2539 = DIRECTION ( 'NONE',  ( 0.0000000000000000000, 0.2063564246127676200, 0.9784768908978052100 ) ) ;
#2540 = ORIENTED_EDGE ( 'NONE', *, *, #699, .F. ) ;
#2541 = VERTEX_POINT ( 'NONE', #3551 ) ;
#2542 = LINE ( 'NONE', #3039, #1884 ) ;
#2543 = CARTESIAN_POINT ( 'NONE',  ( 4.255362992035107300, 4.187103083742746500, -16.42017763276802400 ) ) ;
#2544 = ORIENTED_EDGE ( 'NONE', *, *, #2411, .T. ) ;
#2545 = UNCERTAINTY_MEASURE_WITH_UNIT (LENGTH_MEASURE( 1.000000000000000100E-005 ), #918, 'distance_accuracy_value', 'NONE');
#2546 = CARTESIAN_POINT ( 'NONE',  ( -1.000000000000058200, 5.555256008530256500, 16.64432408106848600 ) ) ;
#2547 = EDGE_LOOP ( 'NONE', ( #3156, #1736, #480, #458, #2428, #3029, #2774, #3579 ) ) ;
#2548 = AXIS2_PLACEMENT_3D ( 'NONE', #2083, #2988, #542 ) ;
#2549 = DIRECTION ( 'NONE',  ( -1.000000000000000000, -2.168404344971008900E-016, 3.134651602192769200E-032 ) ) ;
#2550 = AXIS2_PLACEMENT_3D ( 'NONE', #536, #3872, #2661 ) ;
#2551 = CARTESIAN_POINT ( 'NONE',  ( -16.36310625473750600, 6.888588482176888100, -1.000000000000000000 ) ) ;
#2552 = AXIS2_PLACEMENT_3D ( 'NONE', #2464, #383, #2800 ) ;
#2553 = DIRECTION ( 'NONE',  ( -0.0000000000000000000, -1.000000000000000000, -0.0000000000000000000 ) ) ;
#2554 = DIRECTION ( 'NONE',  ( -1.000000000000000000, -2.168404344971008900E-016, -3.134651602192766500E-032 ) ) ;
#2555 = ORIENTED_EDGE ( 'NONE', *, *, #2166, .T. ) ;
#2556 = CARTESIAN_POINT ( 'NONE',  ( 4.000000000000000000, 9.199999999999999300, -19.99999999999999600 ) ) ;
#2557 = DIRECTION ( 'NONE',  ( 0.0000000000000000000, 0.9784768908978048700, -0.2063564246127689000 ) ) ;
#2558 = ADVANCED_FACE ( 'NONE', ( #1591 ), #3113, .T. ) ;
#2559 = LINE ( 'NONE', #310, #2319 ) ;
#2560 = DIRECTION ( 'NONE',  ( 0.0000000000000000000, 0.0000000000000000000, 1.000000000000000000 ) ) ;
#2561 = CARTESIAN_POINT ( 'NONE',  ( 0.0000000000000000000, 6.999999999999999100, 0.0000000000000000000 ) ) ;
#2562 = ORIENTED_EDGE ( 'NONE', *, *, #2119, .F. ) ;
#2563 = CARTESIAN_POINT ( 'NONE',  ( -4.508465717800387300, 8.538802974850638000, 15.82564334176878300 ) ) ;
#2564 = CARTESIAN_POINT ( 'NONE',  ( 0.0000000000000000000, 0.3999999999999998600, 0.0000000000000000000 ) ) ;
#2565 = CARTESIAN_POINT ( 'NONE',  ( -6.999999999999999100, 5.613940393599754900, 17.55243324860019200 ) ) ;
#2566 = EDGE_CURVE ( 'NONE', #2610, #2541, #3158, .T. ) ;
#2567 = DIRECTION ( 'NONE',  ( 2.168404344971008900E-016, 1.000000000000000000, 0.0000000000000000000 ) ) ;
#2568 = ORIENTED_EDGE ( 'NONE', *, *, #2574, .F. ) ;
#2569 = CARTESIAN_POINT ( 'NONE',  ( -4.203759422771363500, 4.310620591714768000, 16.82807578377739700 ) ) ;
#2570 = CARTESIAN_POINT ( 'NONE',  ( 4.000000000000000000, 7.200000000000001100, -16.25182708671580700 ) ) ;
#2571 = AXIS2_PLACEMENT_3D ( 'NONE', #2826, #2553, #3768 ) ;
#2572 = EDGE_LOOP ( 'NONE', ( #402, #863, #512, #3445 ) ) ;
#2573 = DIRECTION ( 'NONE',  ( 0.0000000000000000000, 0.9784768908978048700, -0.2063564246127689000 ) ) ;
#2574 = EDGE_CURVE ( 'NONE', #2215, #822, #1012, .T. ) ;
#2575 = LINE ( 'NONE', #860, #1762 ) ;
#2576 = ORIENTED_EDGE ( 'NONE', *, *, #3453, .T. ) ;
#2577 = ADVANCED_FACE ( 'NONE', ( #301 ), #2622, .T. ) ;
#2578 = DIRECTION ( 'NONE',  ( 0.0000000000000000000, 0.9784768908978052100, -0.2063564246127673200 ) ) ;
#2579 = ORIENTED_EDGE ( 'NONE', *, *, #907, .T. ) ;
#2580 = DIRECTION ( 'NONE',  ( 0.0000000000000000000, -0.9784768908978049900, 0.2063564246127680400 ) ) ;
#2581 = CARTESIAN_POINT ( 'NONE',  ( -16.81254609045453900, 6.699267237043145900, 1.000000000000000000 ) ) ;
#2582 = CIRCLE ( 'NONE', #3277, 0.7500000000000012200 ) ;
#2583 = CARTESIAN_POINT ( 'NONE',  ( -4.012774423903365100, 4.939224496504876600, 16.73852840584105200 ) ) ;
#2584 = ORIENTED_EDGE ( 'NONE', *, *, #3810, .T. ) ;
#2585 = CARTESIAN_POINT ( 'NONE',  ( 16.56907604989652700, 3.200000000000000200, -5.873933752176992800 ) ) ;
#2586 = VECTOR ( 'NONE', #809, 1000.000000000000000 ) ;
#2587 = ORIENTED_EDGE ( 'NONE', *, *, #3765, .T. ) ;
#2588 = LINE ( 'NONE', #2667, #1779 ) ;
#2589 = CARTESIAN_POINT ( 'NONE',  ( -4.000000000000000000, 5.200000000000049900, 16.26447788644215800 ) ) ;
#2590 = VERTEX_POINT ( 'NONE', #1562 ) ;
#2591 = FACE_BOUND ( 'NONE', #811, .T. ) ;
#2592 = LINE ( 'NONE', #1274, #3376 ) ;
#2593 = EDGE_CURVE ( 'NONE', #1690, #303, #1911, .T. ) ;
#2594 = CARTESIAN_POINT ( 'NONE',  ( 0.0000000000000000000, 6.103178839048657900, 17.44925503629381000 ) ) ;
#2595 = CARTESIAN_POINT ( 'NONE',  ( 0.0000000000000000000, 6.144450123971211900, 17.64495041447337100 ) ) ;
#2596 = CARTESIAN_POINT ( 'NONE',  ( 0.0000000000000000000, 0.3999999999999998600, -19.99999999999999600 ) ) ;
#2597 = CARTESIAN_POINT ( 'NONE',  ( -16.77026324080426200, 6.899755774282181300, 1.000000000000000000 ) ) ;
#2598 = AXIS2_PLACEMENT_3D ( 'NONE', #3284, #528, #2641 ) ;
#2599 = AXIS2_PLACEMENT_3D ( 'NONE', #3304, #3902, #195 ) ;
#2600 = EDGE_CURVE ( 'NONE', #2118, #2388, #1867, .T. ) ;
#2601 = CARTESIAN_POINT ( 'NONE',  ( 1.155611398462768700, 8.444129289740658400, 16.43434076040400900 ) ) ;
#2602 = CARTESIAN_POINT ( 'NONE',  ( -4.000000000000000000, 6.533355556528786900, -16.39636173835441100 ) ) ;
#2603 = AXIS2_PLACEMENT_3D ( 'NONE', #3913, #612, #2717 ) ;
#2604 = CARTESIAN_POINT ( 'NONE',  ( -16.78202108935988700, 4.681454543335656000, 4.063938553716658600 ) ) ;
#2605 = PERSON_AND_ORGANIZATION ( #943, #1417 ) ;
#2606 = DIRECTION ( 'NONE',  ( 0.0000000000000000000, -0.0000000000000000000, 1.000000000000000000 ) ) ;
#2607 = EDGE_LOOP ( 'NONE', ( #246, #1784, #2613, #975 ) ) ;
#2608 = CARTESIAN_POINT ( 'NONE',  ( 16.52329841713565300, 3.199999999999999700, 6.000000000000000900 ) ) ;
#2609 = EDGE_CURVE ( 'NONE', #3170, #3217, #632, .T. ) ;
#2610 = VERTEX_POINT ( 'NONE', #3406 ) ;
#2611 = CARTESIAN_POINT ( 'NONE',  ( -16.71351971846289800, 5.068835294942547700, 4.000000000000000000 ) ) ;
#2612 = CARTESIAN_POINT ( 'NONE',  ( 6.000000000000000000, 9.199999999999999300, 14.73205100839540400 ) ) ;
#2613 = ORIENTED_EDGE ( 'NONE', *, *, #3626, .F. ) ;
#2614 = AXIS2_PLACEMENT_3D ( 'NONE', #1003, #2222, #3137 ) ;
#2615 = DIRECTION ( 'NONE',  ( 0.0000000000000000000, 1.000000000000000000, 0.0000000000000000000 ) ) ;
#2616 = VECTOR ( 'NONE', #3023, 1000.000000000000000 ) ;
#2617 = CARTESIAN_POINT ( 'NONE',  ( 4.000000000000000000, 5.200000000000049900, -16.26447788644215800 ) ) ;
#2618 = DIRECTION ( 'NONE',  ( 0.0000000000000000000, 0.2063564246127676200, 0.9784768908978052100 ) ) ;
#2619 = ORIENTED_EDGE ( 'NONE', *, *, #2786, .T. ) ;
#2620 = ADVANCED_FACE ( 'NONE', ( #1209 ), #1871, .F. ) ;
#2621 = CARTESIAN_POINT ( 'NONE',  ( 16.80038251206192600, 4.553246061961750100, -4.102869331936753700 ) ) ;
#2622 = TOROIDAL_SURFACE ( 'NONE', #320, 15.35088472257062400, 0.8000000000000000400 ) ;
#2623 = ORIENTED_EDGE ( 'NONE', *, *, #744, .T. ) ;
#2624 = CIRCLE ( 'NONE', #1513, 16.31578947368420900 ) ;
#2625 = VERTEX_POINT ( 'NONE', #2137 ) ;
#2626 = CARTESIAN_POINT ( 'NONE',  ( -5.739926864591114800, 9.199999999999999300, 15.27535404402915400 ) ) ;
#2627 = DIRECTION ( 'NONE',  ( 0.0000000000000000000, 0.9784768908978051000, -0.2063564246127676000 ) ) ;
#2628 = LINE ( 'NONE', #2714, #3887 ) ;
#2629 = CARTESIAN_POINT ( 'NONE',  ( -4.107915995866704900, 7.861585939635987500, 15.65904627483891100 ) ) ;
#2630 = VERTEX_POINT ( 'NONE', #1549 ) ;
#2631 = CARTESIAN_POINT ( 'NONE',  ( 16.26447788644217200, 5.199999999999998400, -4.000000000000000900 ) ) ;
#2632 = CARTESIAN_POINT ( 'NONE',  ( -0.9999999999999301700, 5.000000000000000000, -20.00000000000007100 ) ) ;
#2633 = VERTEX_POINT ( 'NONE', #2777 ) ;
#2634 = LINE ( 'NONE', #2162, #1275 ) ;
#2635 = CARTESIAN_POINT ( 'NONE',  ( 0.0000000000000000000, -13.45654066465862200, 0.0000000000000000000 ) ) ;
#2636 = VERTEX_POINT ( 'NONE', #3063 ) ;
#2637 = EDGE_CURVE ( 'NONE', #2813, #3515, #3307, .T. ) ;
#2638 = CARTESIAN_POINT ( 'NONE',  ( 0.0000000000000000000, 7.000000000000000000, 0.0000000000000000000 ) ) ;
#2639 = CARTESIAN_POINT ( 'NONE',  ( -4.000000000000000000, 3.199999999999999700, -19.99999999999999600 ) ) ;
#2640 = PLANE ( 'NONE',  #160 ) ;
#2641 = DIRECTION ( 'NONE',  ( -1.000000000000000000, 0.0000000000000000000, 0.0000000000000000000 ) ) ;
#2642 = AXIS2_PLACEMENT_3D ( 'NONE', #1692, #2915, #3522 ) ;
#2643 = EDGE_CURVE ( 'NONE', #3684, #2840, #3738, .T. ) ;
#2644 = CARTESIAN_POINT ( 'NONE',  ( -4.415128226388042700, 3.972857292672986200, -16.42454742174043500 ) ) ;
#2645 = AXIS2_PLACEMENT_3D ( 'NONE', #3953, #3610, #282 ) ;
#2646 = PERSON_AND_ORGANIZATION ( #943, #1417 ) ;
#2647 = DIRECTION ( 'NONE',  ( 0.0000000000000000000, 0.0000000000000000000, 1.000000000000000000 ) ) ;
#2648 = CARTESIAN_POINT ( 'NONE',  ( 0.0000000000000000000, 3.199999999999999700, 0.0000000000000000000 ) ) ;
#2649 = CARTESIAN_POINT ( 'NONE',  ( -16.41575896104851400, 4.193579710231460900, 4.266559501084621800 ) ) ;
#2650 = CARTESIAN_POINT ( 'NONE',  ( 16.68512366752375800, 5.199999999998976100, 4.000000000000000900 ) ) ;
#2651 = CARTESIAN_POINT ( 'NONE',  ( 2.779018723810402700E-015, 9.200000000000001100, 0.0000000000000000000 ) ) ;
#2652 = EDGE_LOOP ( 'NONE', ( #3745, #452, #1112, #3209 ) ) ;
#2653 = DIRECTION ( 'NONE',  ( 0.0000000000000000000, 1.000000000000000000, 0.0000000000000000000 ) ) ;
#2654 = VERTEX_POINT ( 'NONE', #3118 ) ;
#2655 = CARTESIAN_POINT ( 'NONE',  ( -4.012791987758513200, 4.939029188233084800, -16.31792195269604700 ) ) ;
#2656 = DIRECTION ( 'NONE',  ( -3.491481338843133700E-015, -0.0000000000000000000, 1.000000000000000000 ) ) ;
#2657 = EDGE_CURVE ( 'NONE', #343, #192, #1630, .T. ) ;
#2658 = EDGE_LOOP ( 'NONE', ( #3538, #540, #2974, #2935 ) ) ;
#2659 = ORIENTED_EDGE ( 'NONE', *, *, #569, .T. ) ;
#2660 = VERTEX_POINT ( 'NONE', #1247 ) ;
#2661 = DIRECTION ( 'NONE',  ( 0.0000000000000000000, 0.9784768908978052100, -0.2063564246127673200 ) ) ;
#2662 = CIRCLE ( 'NONE', #3044, 19.75000000000000000 ) ;
#2663 = CARTESIAN_POINT ( 'NONE',  ( 0.0000000000000000000, 6.144450123971211900, 17.64495041447337100 ) ) ;
#2664 = ORIENTED_EDGE ( 'NONE', *, *, #3810, .F. ) ;
#2665 = DIRECTION ( 'NONE',  ( 1.000000000000000000, -0.0000000000000000000, 1.224646799147353200E-016 ) ) ;
#2666 = EDGE_CURVE ( 'NONE', #2870, #2823, #973, .T. ) ;
#2667 = CARTESIAN_POINT ( 'NONE',  ( -9.000000000000000000, 5.508698617047243400, 17.05341003424231200 ) ) ;
#2668 = VECTOR ( 'NONE', #1709, 1000.000000000000000 ) ;
#2669 = CARTESIAN_POINT ( 'NONE',  ( 0.0000000000000000000, -1.400000000000000100, 0.0000000000000000000 ) ) ;
#2670 = ORIENTED_EDGE ( 'NONE', *, *, #2768, .T. ) ;
#2671 = DIRECTION ( 'NONE',  ( 0.0000000000000000000, 0.2063564246127676000, 0.9784768908978051000 ) ) ;
#2672 = AXIS2_PLACEMENT_3D ( 'NONE', #3809, #1967, #2862 ) ;
#2673 = LINE ( 'NONE', #2982, #2012 ) ;
#2674 = CARTESIAN_POINT ( 'NONE',  ( -5.498452654974609100, 3.259720385223076700, -16.25323233490516400 ) ) ;
#2675 = ORIENTED_EDGE ( 'NONE', *, *, #546, .T. ) ;
#2676 = CARTESIAN_POINT ( 'NONE',  ( -19.99999999999999600, 5.000000000000000000, 1.000000000000000000 ) ) ;
#2677 = LINE ( 'NONE', #1934, #3174 ) ;
#2678 = VERTEX_POINT ( 'NONE', #2468 ) ;
#2679 = DIRECTION ( 'NONE',  ( 1.000000000000000000, -0.0000000000000000000, -0.0000000000000000000 ) ) ;
#2680 = VECTOR ( 'NONE', #3613, 1000.000000000000100 ) ;
#2681 = ORIENTED_EDGE ( 'NONE', *, *, #1687, .T. ) ;
#2682 = LINE ( 'NONE', #2902, #1882 ) ;
#2683 = ORIENTED_EDGE ( 'NONE', *, *, #466, .F. ) ;
#2684 = VECTOR ( 'NONE', #212, 1000.000000000000000 ) ;
#2685 = DIRECTION ( 'NONE',  ( 0.0000000000000000000, -1.000000000000000000, 0.0000000000000000000 ) ) ;
#2686 = CARTESIAN_POINT ( 'NONE',  ( 0.0000000000000000000, 6.999999999999999100, 0.0000000000000000000 ) ) ;
#2687 = DIRECTION ( 'NONE',  ( 1.000000000000000000, 0.0000000000000000000, 0.0000000000000000000 ) ) ;
#2688 = EDGE_CURVE ( 'NONE', #3515, #1688, #1520, .T. ) ;
#2689 = DIRECTION ( 'NONE',  ( 0.0000000000000000000, -1.000000000000000000, 0.0000000000000000000 ) ) ;
#2690 = DIRECTION ( 'NONE',  ( 0.0000000000000000000, 0.0000000000000000000, -1.000000000000000000 ) ) ;
#2691 = CARTESIAN_POINT ( 'NONE',  ( -15.68474223228237100, 8.811121356308946800, 4.786846227039619700 ) ) ;
#2692 = EDGE_CURVE ( 'NONE', #1730, #1968, #1820, .T. ) ;
#2693 = CARTESIAN_POINT ( 'NONE',  ( 1.000000000000058200, 5.555256008530256500, -16.64432408106848600 ) ) ;
#2694 = DIRECTION ( 'NONE',  ( 0.0000000000000000000, 0.0000000000000000000, -1.000000000000000000 ) ) ;
#2695 = DIRECTION ( 'NONE',  ( -0.0000000000000000000, 1.000000000000000000, -0.0000000000000000000 ) ) ;
#2696 = APPLICATION_PROTOCOL_DEFINITION ( 'international standard', 'config_control_design', 1994, #1765 ) ;
#2697 = CARTESIAN_POINT ( 'NONE',  ( 0.0000000000000000000, 0.8000000000000003800, 14.25654066465862400 ) ) ;
#2698 = CARTESIAN_POINT ( 'NONE',  ( -6.999999999999999100, 6.878307792144565400, 17.49018309601379800 ) ) ;
#2699 = B_SPLINE_CURVE_WITH_KNOTS ( 'NONE', 3,
 ( #1354, #3527, #2583, #3490, #757, #2569, #489, #2887, #2265, #451, #798, #1075, #3190, #1367, #2866, #3786 ),
 .UNSPECIFIED., .F., .F.,
 ( 4, 2, 2, 2, 2, 2, 2, 4 ),
 ( 1.750610186193999300E-016, 0.0003970639118136401800, 0.0007941278236271053700, 0.001191191735440570500, 0.001588255647254035500, 0.002382383470880967500, 0.002779447382694433900, 0.003176511294507900600 ),
 .UNSPECIFIED. ) ;
#2700 = DATE_AND_TIME ( #1699, #1242 ) ;
#2701 = DIRECTION ( 'NONE',  ( 0.0000000000000000000, 0.0000000000000000000, -1.000000000000000000 ) ) ;
#2702 = CARTESIAN_POINT ( 'NONE',  ( 16.42017763276802400, 4.187103083742735900, 4.255362992035112600 ) ) ;
#2703 = B_SPLINE_CURVE_WITH_KNOTS ( 'NONE', 3,
 ( #1523, #2430, #327, #2449 ),
 .UNSPECIFIED., .F., .F.,
 ( 4, 4 ),
 ( 0.02622815477299089700, 0.02827455091886908700 ),
 .UNSPECIFIED. ) ;
#2704 = CARTESIAN_POINT ( 'NONE',  ( 3.999999999999999100, 5.068768989398226000, 16.29292871390040500 ) ) ;
#2705 = ORIENTED_EDGE ( 'NONE', *, *, #423, .T. ) ;
#2706 = CARTESIAN_POINT ( 'NONE',  ( 15.95969903330317800, 8.220184244813191700, -4.274760576765948400 ) ) ;
#2707 = ORIENTED_EDGE ( 'NONE', *, *, #2361, .T. ) ;
#2708 = DIRECTION ( 'NONE',  ( 0.0000000000000000000, 0.2063564246127676200, 0.9784768908978052100 ) ) ;
#2709 = CARTESIAN_POINT ( 'NONE',  ( -4.012796778644594800, 4.938700009740838200, 16.31799231754373700 ) ) ;
#2710 = ORIENTED_EDGE ( 'NONE', *, *, #2850, .T. ) ;
#2711 = LINE ( 'NONE', #971, #1905 ) ;
#2712 = DIRECTION ( 'NONE',  ( 0.0000000000000000000, -0.0000000000000000000, -1.000000000000000000 ) ) ;
#2713 = ORIENTED_EDGE ( 'NONE', *, *, #245, .F. ) ;
#2714 = CARTESIAN_POINT ( 'NONE',  ( 0.0000000000000000000, 1.199999999999999700, -18.00000000000000000 ) ) ;
#2715 = EDGE_CURVE ( 'NONE', #1603, #1558, #3281, .T. ) ;
#2716 = VECTOR ( 'NONE', #2762, 1000.000000000000000 ) ;
#2717 = DIRECTION ( 'NONE',  ( 0.0000000000000000000, 0.0000000000000000000, 1.000000000000000000 ) ) ;
#2718 = ADVANCED_FACE ( 'NONE', ( #3638 ), #3540, .T. ) ;
#2719 = ORIENTED_EDGE ( 'NONE', *, *, #3717, .T. ) ;
#2720 = CARTESIAN_POINT ( 'NONE',  ( 5.128539761472534800, 9.004797439175899100, 15.10157419627590700 ) ) ;
#2721 = ORIENTED_EDGE ( 'NONE', *, *, #3606, .F. ) ;
#2722 = LINE ( 'NONE', #617, #3258 ) ;
#2723 = AXIS2_PLACEMENT_3D ( 'NONE', #3204, #1390, #2557 ) ;
#2724 = DIRECTION ( 'NONE',  ( 0.0000000000000000000, 0.0000000000000000000, 1.000000000000000000 ) ) ;
#2725 = VERTEX_POINT ( 'NONE', #111 ) ;
#2726 = DIRECTION ( 'NONE',  ( -1.000000000000000000, 0.0000000000000000000, 0.0000000000000000000 ) ) ;
#2727 = EDGE_CURVE ( 'NONE', #937, #2475, #3457, .T. ) ;
#2728 = CARTESIAN_POINT ( 'NONE',  ( -16.77026324080426200, 6.899755774282185800, -1.000000000000000000 ) ) ;
#2729 = ORIENTED_EDGE ( 'NONE', *, *, #3688, .F. ) ;
#2730 = LINE ( 'NONE', #2761, #3548 ) ;
#2731 = CARTESIAN_POINT ( 'NONE',  ( 6.000000000000000000, 7.200000000000000200, -19.99999999999999600 ) ) ;
#2732 = EDGE_LOOP ( 'NONE', ( #1276, #1859 ) ) ;
#2733 = CARTESIAN_POINT ( 'NONE',  ( -16.41165826525141500, 3.681932639854843500, -4.691185250709332300 ) ) ;
#2734 = CC_DESIGN_DATE_AND_TIME_ASSIGNMENT ( #715, #3377, ( #2198 ) ) ;
#2735 = VERTEX_POINT ( 'NONE', #2508 ) ;
#2736 = CIRCLE ( 'NONE', #3460, 0.9978925415248386400 ) ;
#2737 = CARTESIAN_POINT ( 'NONE',  ( -16.68512366752374000, 5.199999999999034700, -4.000000000000000900 ) ) ;
#2738 = ORIENTED_EDGE ( 'NONE', *, *, #2186, .F. ) ;
#2739 = CARTESIAN_POINT ( 'NONE',  ( 16.25182708671580700, 7.200000000000000200, 4.000000000000000000 ) ) ;
#2740 = DIRECTION ( 'NONE',  ( 3.491481338843133700E-015, 0.0000000000000000000, -1.000000000000000000 ) ) ;
#2741 = CARTESIAN_POINT ( 'NONE',  ( 0.0000000000000000000, 1.200000000000000000, 0.0000000000000000000 ) ) ;
#2742 = CARTESIAN_POINT ( 'NONE',  ( -5.874246008532291600, 3.199999999999999700, 16.13463050209262000 ) ) ;
#2743 = DIRECTION ( 'NONE',  ( 0.0000000000000000000, 0.0000000000000000000, 1.000000000000000000 ) ) ;
#2744 = ADVANCED_FACE ( 'NONE', ( #74 ), #3144, .T. ) ;
#2745 = CARTESIAN_POINT ( 'NONE',  ( -16.84744678549522200, 3.973838330205588000, -4.414381091631803100 ) ) ;
#2746 = EDGE_CURVE ( 'NONE', #2610, #3402, #3360, .T. ) ;
#2747 = DIRECTION ( 'NONE',  ( -1.000000000000000000, 0.0000000000000000000, 0.0000000000000000000 ) ) ;
#2748 = CARTESIAN_POINT ( 'NONE',  ( 0.0000000000000000000, 16.69999999999999900, 0.0000000000000000000 ) ) ;
#2749 = CARTESIAN_POINT ( 'NONE',  ( 4.000000000000000000, 7.200000000000003700, -15.83054006020342900 ) ) ;
#2750 = AXIS2_PLACEMENT_3D ( 'NONE', #1412, #2906, #3504 ) ;
#2751 = AXIS2_PLACEMENT_3D ( 'NONE', #681, #989, #70 ) ;
#2752 = CARTESIAN_POINT ( 'NONE',  ( 0.0000000000000000000, 3.199999999999999700, 0.0000000000000000000 ) ) ;
#2753 = CARTESIAN_POINT ( 'NONE',  ( -9.000000000000000000, 6.592417284497559900, 17.34607682398742400 ) ) ;
#2754 = VECTOR ( 'NONE', #3298, 1000.000000000000100 ) ;
#2755 = CARTESIAN_POINT ( 'NONE',  ( -4.000000000000000900, 5.068742330359853600, 16.29293449356861600 ) ) ;
#2756 = AXIS2_PLACEMENT_3D ( 'NONE', #2086, #2701, #3959 ) ;
#2757 = DIRECTION ( 'NONE',  ( 1.000000000000000000, 0.0000000000000000000, 0.0000000000000000000 ) ) ;
#2758 = DIRECTION ( 'NONE',  ( 0.0000000000000000000, 0.2063564246127676200, 0.9784768908978052100 ) ) ;
#2759 = ORIENTED_EDGE ( 'NONE', *, *, #1581, .T. ) ;
#2760 = DIRECTION ( 'NONE',  ( 0.0000000000000000000, 0.9784768908978051000, -0.2063564246127676000 ) ) ;
#2761 = CARTESIAN_POINT ( 'NONE',  ( 0.0000000000000000000, 1.117595807580062900, -17.60858008600529700 ) ) ;
#2762 = DIRECTION ( 'NONE',  ( -0.0000000000000000000, 1.000000000000000000, -0.0000000000000000000 ) ) ;
#2763 = ADVANCED_FACE ( 'NONE', ( #1717 ), #2846, .F. ) ;
#2764 = ORIENTED_EDGE ( 'NONE', *, *, #2521, .F. ) ;
#2765 = ORIENTED_EDGE ( 'NONE', *, *, #459, .F. ) ;
#2766 = CARTESIAN_POINT ( 'NONE',  ( -4.064042903292856200, 4.681035215468346800, 16.36120402991216900 ) ) ;
#2767 = FACE_OUTER_BOUND ( 'NONE', #1135, .T. ) ;
#2768 = EDGE_CURVE ( 'NONE', #3687, #921, #523, .T. ) ;
#2769 = CARTESIAN_POINT ( 'NONE',  ( 2.779018723810402700E-015, 9.200000000000001100, 0.0000000000000000000 ) ) ;
#2770 = EDGE_LOOP ( 'NONE', ( #3244, #2482, #2050, #218, #2144, #2492, #2759, #3068, #130, #636, #2307, #2002 ) ) ;
#2771 = CARTESIAN_POINT ( 'NONE',  ( 5.748981945794110300, 3.211757011548099300, -16.17702797935261900 ) ) ;
#2772 = CIRCLE ( 'NONE', #1358, 14.32725134277727900 ) ;
#2773 = DIRECTION ( 'NONE',  ( 0.0000000000000000000, 0.2063564246127676000, 0.9784768908978051000 ) ) ;
#2774 = ORIENTED_EDGE ( 'NONE', *, *, #3682, .F. ) ;
#2775 = DIRECTION ( 'NONE',  ( 0.0000000000000000000, -0.9785497849867490500, -0.2060104810498417400 ) ) ;
#2776 = EDGE_CURVE ( 'NONE', #1236, #2678, #157, .T. ) ;
#2777 = CARTESIAN_POINT ( 'NONE',  ( -16.76142793844528000, 5.000000000000000000, 1.000000000000000000 ) ) ;
#2778 = LINE ( 'NONE', #703, #124 ) ;
#2779 = B_SPLINE_CURVE_WITH_KNOTS ( 'NONE', 3,
 ( #709, #714, #1890, #2208, #2820, #2520, #1649, #692, #2194, #113, #1297, #2838, #378, #3439, #1896, #1608 ),
 .UNSPECIFIED., .F., .F.,
 ( 4, 2, 2, 2, 2, 2, 2, 4 ),
 ( 0.0000000000000000000, 0.0003970749598604386600, 0.0007941499197208773300, 0.001191224879581316000, 0.001588299839441754700, 0.002382449759162633000, 0.002779524719023071300, 0.003176599678883510600 ),
 .UNSPECIFIED. ) ;
#2780 = EDGE_LOOP ( 'NONE', ( #2998, #787, #90, #1543 ) ) ;
#2781 = CARTESIAN_POINT ( 'NONE',  ( -6.000000000000000000, 9.199999999999997500, 15.17250757619137000 ) ) ;
#2782 = CIRCLE ( 'NONE', #1043, 15.90702130865373600 ) ;
#2783 = AXIS2_PLACEMENT_3D ( 'NONE', #386, #3772, #2219 ) ;
#2784 = ORIENTED_EDGE ( 'NONE', *, *, #3290, .T. ) ;
#2785 = CIRCLE ( 'NONE', #3570, 16.37017920339057400 ) ;
#2786 = EDGE_CURVE ( 'NONE', #2633, #19, #2329, .T. ) ;
#2787 = EDGE_LOOP ( 'NONE', ( #766, #1760 ) ) ;
#2788 = DIRECTION ( 'NONE',  ( 1.000000000000000000, -0.0000000000000000000, 1.224646799147353200E-016 ) ) ;
#2789 = ADVANCED_FACE ( 'NONE', ( #927 ), #1154, .T. ) ;
#2790 = CARTESIAN_POINT ( 'NONE',  ( 16.74912161255759100, 7.000000000000000000, -1.000000000000000000 ) ) ;
#2791 = ORIENTED_EDGE ( 'NONE', *, *, #1286, .T. ) ;
#2792 = SPHERICAL_SURFACE ( 'NONE', #2389, 20.26179316048376600 ) ;
#2793 = CARTESIAN_POINT ( 'NONE',  ( -16.26447788644215800, 5.200000000000049900, -4.000000000000000900 ) ) ;
#2794 = CARTESIAN_POINT ( 'NONE',  ( -15.95851218011838700, 8.223312567616552800, -4.276644305403316100 ) ) ;
#2795 = CARTESIAN_POINT ( 'NONE',  ( -4.211510062945746000, 8.104955347710213000, -16.00149071079919200 ) ) ;
#2796 =( BOUNDED_CURVE ( )  B_SPLINE_CURVE ( 3, ( #1973, #3234, #3841, #2601 ),
 .UNSPECIFIED., .F., .F. ) 
 B_SPLINE_CURVE_WITH_KNOTS ( ( 4, 4 ),
 ( 3.141592653589793100, 3.208745663300235100 ),
 .UNSPECIFIED. ) 
 CURVE ( )  GEOMETRIC_REPRESENTATION_ITEM ( )  RATIONAL_B_SPLINE_CURVE ( ( 1.000000000000000000, 0.9996242414111714500, 0.9996242414111714500, 1.000000000000000000 ) ) 
 REPRESENTATION_ITEM ( '' )  );
#2797 = CARTESIAN_POINT ( 'NONE',  ( 9.000000000000000000, 6.487175507945048400, 16.84705360962954400 ) ) ;
#2798 = DIRECTION ( 'NONE',  ( 0.0000000000000000000, 0.0000000000000000000, -1.000000000000000000 ) ) ;
#2799 = ORIENTED_EDGE ( 'NONE', *, *, #148, .F. ) ;
#2800 = DIRECTION ( 'NONE',  ( 0.0000000000000000000, 0.0000000000000000000, 1.000000000000000000 ) ) ;
#2801 = EDGE_CURVE ( 'NONE', #1860, #1899, #3013, .T. ) ;
#2802 = CARTESIAN_POINT ( 'NONE',  ( 6.999999999999999100, 6.487175507945048400, 16.84705360962954400 ) ) ;
#2803 = CARTESIAN_POINT ( 'NONE',  ( -4.000000000000000000, 7.200000000000000200, -15.81786920383350800 ) ) ;
#2804 = B_SPLINE_CURVE_WITH_KNOTS ( 'NONE', 3,
 ( #1601, #3089, #1547, #1852 ),
 .UNSPECIFIED., .F., .F.,
 ( 4, 4 ),
 ( 0.02679861557928420900, 0.02884514097287730100 ),
 .UNSPECIFIED. ) ;
#2805 = AXIS2_PLACEMENT_3D ( 'NONE', #1467, #2046, #2316 ) ;
#2806 = FACE_OUTER_BOUND ( 'NONE', #1708, .T. ) ;
#2807 = CARTESIAN_POINT ( 'NONE',  ( 16.73852840584105200, 4.939224496504859700, 4.012774423903369600 ) ) ;
#2808 = EDGE_CURVE ( 'NONE', #3217, #2169, #2796, .T. ) ;
#2809 = VERTEX_POINT ( 'NONE', #1077 ) ;
#2810 = CARTESIAN_POINT ( 'NONE',  ( 16.81254609045453600, 6.699267237043145000, 1.000000000000000000 ) ) ;
#2811 = AXIS2_PLACEMENT_3D ( 'NONE', #796, #1142, #1989 ) ;
#2812 = CARTESIAN_POINT ( 'NONE',  ( 16.76142793844528000, 5.000000000000000000, -1.000000000000000000 ) ) ;
#2813 = VERTEX_POINT ( 'NONE', #2306 ) ;
#2814 = DIRECTION ( 'NONE',  ( 0.0000000000000000000, 0.2063564246127676000, 0.9784768908978051000 ) ) ;
#2815 = CARTESIAN_POINT ( 'NONE',  ( -16.26447788644215800, 5.200000000000049900, -4.000000000000000900 ) ) ;
#2816 = ORIENTED_EDGE ( 'NONE', *, *, #1254, .T. ) ;
#2817 = CYLINDRICAL_SURFACE ( 'NONE', #2756, 2.000000000000000000 ) ;
#2818 = DIRECTION ( 'NONE',  ( 0.0000000000000000000, 0.2063564246127676200, 0.9784768908978052100 ) ) ;
#2819 = ORIENTED_EDGE ( 'NONE', *, *, #253, .T. ) ;
#2820 = CARTESIAN_POINT ( 'NONE',  ( 5.372860740564042300, 3.296413099450072000, 16.71687055040314400 ) ) ;
#2821 = ORIENTED_EDGE ( 'NONE', *, *, #3322, .F. ) ;
#2822 = VECTOR ( 'NONE', #1572, 1000.000000000000000 ) ;
#2823 = VERTEX_POINT ( 'NONE', #3825 ) ;
#2824 = EDGE_CURVE ( 'NONE', #2813, #3707, #1217, .T. ) ;
#2825 = LINE ( 'NONE', #2960, #2967 ) ;
#2826 = CARTESIAN_POINT ( 'NONE',  ( 0.0000000000000000000, 3.199999999999999700, 0.0000000000000000000 ) ) ;
#2827 = VERTEX_POINT ( 'NONE', #1096 ) ;
#2828 = DIRECTION ( 'NONE',  ( 0.0000000000000000000, 0.0000000000000000000, -1.000000000000000000 ) ) ;
#2829 = ORIENTED_EDGE ( 'NONE', *, *, #3606, .T. ) ;
#2830 = FACE_OUTER_BOUND ( 'NONE', #3357, .T. ) ;
#2831 = DIRECTION ( 'NONE',  ( 0.0000000000000000000, 0.0000000000000000000, -1.000000000000000000 ) ) ;
#2832 = ORIENTED_EDGE ( 'NONE', *, *, #3038, .T. ) ;
#2833 = AXIS2_PLACEMENT_3D ( 'NONE', #2175, #3095, #3708 ) ;
#2834 = CARTESIAN_POINT ( 'NONE',  ( 4.107915995866697800, 7.861585939635967100, -15.65904627483891400 ) ) ;
#2835 = FACE_OUTER_BOUND ( 'NONE', #808, .T. ) ;
#2836 = EDGE_LOOP ( 'NONE', ( #2067, #1386, #2211, #2514 ) ) ;
#2837 = FACE_OUTER_BOUND ( 'NONE', #10, .T. ) ;
#2838 = CARTESIAN_POINT ( 'NONE',  ( 4.102869331936760000, 4.553246061961747400, 16.80038251206193300 ) ) ;
#2839 = AXIS2_PLACEMENT_3D ( 'NONE', #2159, #51, #3420 ) ;
#2840 = VERTEX_POINT ( 'NONE', #1950 ) ;
#2841 = CARTESIAN_POINT ( 'NONE',  ( 4.012774423903365100, 4.939224496504876600, -16.73852840584105200 ) ) ;
#2842 = CARTESIAN_POINT ( 'NONE',  ( 0.9999999999999414900, 5.000000000000000000, 16.76142793844528400 ) ) ;
#2843 = CARTESIAN_POINT ( 'NONE',  ( 16.64432408106849000, 5.555256008530255600, 1.000000000000000000 ) ) ;
#2844 = PLANE ( 'NONE',  #1374 ) ;
#2845 = DIRECTION ( 'NONE',  ( -0.0000000000000000000, 0.0000000000000000000, -1.000000000000000000 ) ) ;
#2846 = PLANE ( 'NONE',  #2964 ) ;
#2847 = CARTESIAN_POINT ( 'NONE',  ( 16.71721657213499100, 3.296900346763787800, 5.371441759053543500 ) ) ;
#2848 = CARTESIAN_POINT ( 'NONE',  ( 5.497385183666467300, 3.259979936477637200, -16.68446635556105000 ) ) ;
#2849 = CARTESIAN_POINT ( 'NONE',  ( -4.000000000000000000, 7.200000000000004600, 15.83054006020342900 ) ) ;
#2850 = EDGE_CURVE ( 'NONE', #410, #2107, #3206, .T. ) ;
#2851 = CARTESIAN_POINT ( 'NONE',  ( 15.15286534964698400, 8.945208905150185100, -5.014709398914079400 ) ) ;
#2852 = CARTESIAN_POINT ( 'NONE',  ( 2.078195386602732400E-016, 4.483998994733799900, 17.99513217294011400 ) ) ;
#2853 = CARTESIAN_POINT ( 'NONE',  ( 4.788247956980203700, 8.812174322039513900, -15.25622508762977800 ) ) ;
#2854 = ORIENTED_EDGE ( 'NONE', *, *, #3188, .T. ) ;
#2855 = AXIS2_PLACEMENT_3D ( 'NONE', #667, #3394, #54 ) ;
#2856 = DIRECTION ( 'NONE',  ( 0.0000000000000000000, -0.9784768908978054300, 0.2063564246127662900 ) ) ;
#2857 = EDGE_CURVE ( 'NONE', #1923, #2062, #852, .T. ) ;
#2858 = ORIENTED_EDGE ( 'NONE', *, *, #3225, .T. ) ;
#2859 = CC_DESIGN_PERSON_AND_ORGANIZATION_ASSIGNMENT ( #3343, #3611, ( #572 ) ) ;
#2860 = DIRECTION ( 'NONE',  ( 0.0000000000000000000, 1.000000000000000000, 0.0000000000000000000 ) ) ;
#2861 = ORIENTED_EDGE ( 'NONE', *, *, #2899, .T. ) ;
#2862 = DIRECTION ( 'NONE',  ( 0.0000000000000000000, 0.0000000000000000000, 1.000000000000000000 ) ) ;
#2863 = CIRCLE ( 'NONE', #2839, 16.77894736842105400 ) ;
#2864 = CARTESIAN_POINT ( 'NONE',  ( 15.10157419627590500, 9.004797439175895600, -5.128539761472535700 ) ) ;
#2865 = ORIENTED_EDGE ( 'NONE', *, *, #416, .T. ) ;
#2866 = CARTESIAN_POINT ( 'NONE',  ( -5.873908345954969700, 3.199999999999999700, 16.56908527549593700 ) ) ;
#2867 = ADVANCED_FACE ( 'NONE', ( #1489, #400 ), #1666, .T. ) ;
#2868 = CARTESIAN_POINT ( 'NONE',  ( 6.000000000000000000, 9.199999999999999300, -14.73205100839540400 ) ) ;
#2869 = VECTOR ( 'NONE', #18, 1000.000000000000000 ) ;
#2870 = VERTEX_POINT ( 'NONE', #2889 ) ;
#2871 = CARTESIAN_POINT ( 'NONE',  ( 0.0000000000000000000, -13.45654066465862200, 0.0000000000000000000 ) ) ;
#2872 = LINE ( 'NONE', #2852, #1268 ) ;
#2873 = ORIENTED_EDGE ( 'NONE', *, *, #1303, .T. ) ;
#2874 = EDGE_CURVE ( 'NONE', #1266, #2827, #693, .T. ) ;
#2875 = CARTESIAN_POINT ( 'NONE',  ( 4.782936570431147100, 3.591054781191898900, -16.83119818917607800 ) ) ;
#2876 = CIRCLE ( 'NONE', #2058, 0.7999999999999986000 ) ;
#2877 = ORIENTED_EDGE ( 'NONE', *, *, #1719, .F. ) ;
#2878 = CARTESIAN_POINT ( 'NONE',  ( -4.276644305403316100, 8.223312567616552800, 15.95851218011838700 ) ) ;
#2879 = LINE ( 'NONE', #584, #3024 ) ;
#2880 = CARTESIAN_POINT ( 'NONE',  ( 1.000000000000060000, 5.000000000000000000, -17.17090562550501800 ) ) ;
#2881 = CARTESIAN_POINT ( 'NONE',  ( -4.000000000000000000, 5.200000000000049900, 16.26447788644215800 ) ) ;
#2882 = EDGE_LOOP ( 'NONE', ( #686, #2096, #150 ) ) ;
#2883 = DIRECTION ( 'NONE',  ( -1.000000000000000000, -2.181078961694837200E-016, 0.0000000000000000000 ) ) ;
#2884 = ORIENTED_EDGE ( 'NONE', *, *, #2566, .F. ) ;
#2885 = AXIS2_PLACEMENT_3D ( 'NONE', #2632, #3865, #2895 ) ;
#2886 = CIRCLE ( 'NONE', #983, 0.7500000000000012200 ) ;
#2887 = CARTESIAN_POINT ( 'NONE',  ( -4.414381091631820000, 3.973838330205564000, 16.84744678549522200 ) ) ;
#2888 = AXIS2_PLACEMENT_3D ( 'NONE', #2097, #1516, #3043 ) ;
#2889 = CARTESIAN_POINT ( 'NONE',  ( 9.000000000000000000, 6.487175507945048400, 16.84705360962954400 ) ) ;
#2890 = DIRECTION ( 'NONE',  ( 0.0000000000000000000, -1.000000000000000000, 0.0000000000000000000 ) ) ;
#2891 = AXIS2_PLACEMENT_3D ( 'NONE', #1465, #2671, #1716 ) ;
#2892 = ADVANCED_FACE ( 'NONE', ( #114 ), #24, .T. ) ;
#2893 = CARTESIAN_POINT ( 'NONE',  ( -6.000000000000000000, 3.199999999999999700, 16.69775595331738700 ) ) ;
#2894 = DIRECTION ( 'NONE',  ( 0.0000000000000000000, 1.000000000000000000, 0.0000000000000000000 ) ) ;
#2895 = DIRECTION ( 'NONE',  ( 0.0000000000000000000, -0.0000000000000000000, -1.000000000000000000 ) ) ;
#2896 = CARTESIAN_POINT ( 'NONE',  ( 0.0000000000000000000, 0.8707106781186552100, 0.0000000000000000000 ) ) ;
#2897 = CARTESIAN_POINT ( 'NONE',  ( 16.71351971846290500, 5.068835294942547700, -4.000000000000000900 ) ) ;
#2898 = DIRECTION ( 'NONE',  ( 0.0000000000000000000, 0.2063564246127676200, 0.9784768908978052100 ) ) ;
#2899 = EDGE_CURVE ( 'NONE', #3696, #3679, #2527, .T. ) ;
#2900 = CARTESIAN_POINT ( 'NONE',  ( -16.80038251206193300, 4.553246061961754500, 4.102869331936759100 ) ) ;
#2901 = ORIENTED_EDGE ( 'NONE', *, *, #1697, .T. ) ;
#2902 = CARTESIAN_POINT ( 'NONE',  ( -6.999999999999999100, 8.444129289740658400, 16.43434076040400900 ) ) ;
#2903 = DIRECTION ( 'NONE',  ( -0.0000000000000000000, 1.000000000000000000, 0.0000000000000000000 ) ) ;
#2904 = EDGE_CURVE ( 'NONE', #649, #2735, #2381, .T. ) ;
#2905 = CARTESIAN_POINT ( 'NONE',  ( 0.0000000000000000000, 5.997937062496145400, 16.95023182193593000 ) ) ;
#2906 = DIRECTION ( 'NONE',  ( 0.0000000000000000000, 0.2063564246127676200, 0.9784768908978052100 ) ) ;
#2907 = ORIENTED_EDGE ( 'NONE', *, *, #646, .T. ) ;
#2908 = DIRECTION ( 'NONE',  ( 0.0000000000000000000, -1.000000000000000000, 0.0000000000000000000 ) ) ;
#2909 = DIRECTION ( 'NONE',  ( 0.0000000000000000000, 0.0000000000000000000, -1.000000000000000000 ) ) ;
#2910 = AXIS2_PLACEMENT_3D ( 'NONE', #3181, #2274, #3855 ) ;
#2911 = ORIENTED_EDGE ( 'NONE', *, *, #1369, .F. ) ;
#2912 = CIRCLE ( 'NONE', #600, 2.000000000000000400 ) ;
#2913 = EDGE_LOOP ( 'NONE', ( #2816, #22 ) ) ;
#2914 = VECTOR ( 'NONE', #995, 1000.000000000000100 ) ;
#2915 = DIRECTION ( 'NONE',  ( -1.000000000000000000, -0.0000000000000000000, -1.224646799147353200E-016 ) ) ;
#2916 = ORIENTED_EDGE ( 'NONE', *, *, #3160, .F. ) ;
#2917 = CARTESIAN_POINT ( 'NONE',  ( -4.799228138825429600, 8.804586746989745200, -15.25352236173356200 ) ) ;
#2918 = CARTESIAN_POINT ( 'NONE',  ( 1.159090223426623800, 6.819730132394075100, 16.77691931833650000 ) ) ;
#2919 = CARTESIAN_POINT ( 'NONE',  ( 6.000000000000001800, 3.199999999999999700, -16.08772991682003100 ) ) ;
#2920 = FACE_OUTER_BOUND ( 'NONE', #3829, .T. ) ;
#2921 = CARTESIAN_POINT ( 'NONE',  ( -6.999999999999999100, 6.144450123971211900, 17.64495041447337100 ) ) ;
#2922 = ORIENTED_EDGE ( 'NONE', *, *, #2166, .F. ) ;
#2923 = DIRECTION ( 'NONE',  ( -0.0000000000000000000, -1.000000000000000000, -0.0000000000000000000 ) ) ;
#2924 = EDGE_LOOP ( 'NONE', ( #1939, #2555, #2713, #872, #3078 ) ) ;
#2925 = LINE ( 'NONE', #590, #1554 ) ;
#2926 = DIRECTION ( 'NONE',  ( 1.000000000000000000, 0.0000000000000000000, -0.0000000000000000000 ) ) ;
#2927 = ORIENTED_EDGE ( 'NONE', *, *, #1290, .T. ) ;
#2928 = VECTOR ( 'NONE', #2364, 1000.000000000000000 ) ;
#2929 = ORIENTED_EDGE ( 'NONE', *, *, #2657, .F. ) ;
#2930 = FACE_OUTER_BOUND ( 'NONE', #3654, .T. ) ;
#2931 = ADVANCED_FACE ( 'NONE', ( #3108, #2963 ), #2362, .T. ) ;
#2932 = EDGE_CURVE ( 'NONE', #1324, #982, #2575, .T. ) ;
#2933 = CARTESIAN_POINT ( 'NONE',  ( -16.68512366752353400, 5.199999999999999300, 4.000000000000000900 ) ) ;
#2934 = CARTESIAN_POINT ( 'NONE',  ( -0.9999999999999423800, 6.110511138588854000, -16.52721605827006700 ) ) ;
#2935 = ORIENTED_EDGE ( 'NONE', *, *, #1807, .F. ) ;
#2936 = CARTESIAN_POINT ( 'NONE',  ( 0.9999999999999419400, 5.555256008530254700, 16.64432408106849700 ) ) ;
#2937 = CARTESIAN_POINT ( 'NONE',  ( 6.000000000000000000, 7.200000000000000200, -19.99999999999999600 ) ) ;
#2938 = CARTESIAN_POINT ( 'NONE',  ( 2.449293598294706100E-015, 1.200000000000000000, 19.99999999999999600 ) ) ;
#2939 = EDGE_CURVE ( 'NONE', #1551, #76, #244, .T. ) ;
#2940 = CARTESIAN_POINT ( 'NONE',  ( 16.78202108935988700, 4.681454543335653400, -4.063938553716658600 ) ) ;
#2941 = CARTESIAN_POINT ( 'NONE',  ( -9.000000000000000000, 6.487175507945048400, 16.84705360962954400 ) ) ;
#2942 = B_SPLINE_CURVE_WITH_KNOTS ( 'NONE', 3,
 ( #2790, #1292, #970, #3418, #3433, #1596, #3757 ),
 .UNSPECIFIED., .F., .F.,
 ( 4, 3, 4 ),
 ( 0.02762318833073390200, 0.02793053643445225800, 0.02966717993006334800 ),
 .UNSPECIFIED. ) ;
#2943 = AXIS2_PLACEMENT_3D ( 'NONE', #3054, #16, #2129 ) ;
#2944 = CARTESIAN_POINT ( 'NONE',  ( -15.17250757619137000, 9.199999999999995700, 5.999999999999998200 ) ) ;
#2945 = DIRECTION ( 'NONE',  ( 0.0000000000000000000, -1.000000000000000000, 0.0000000000000000000 ) ) ;
#2946 = ORIENTED_EDGE ( 'NONE', *, *, #680, .T. ) ;
#2947 = CARTESIAN_POINT ( 'NONE',  ( 0.0000000000000000000, -1.400000000000000100, 0.0000000000000000000 ) ) ;
#2948 = CARTESIAN_POINT ( 'NONE',  ( 0.0000000000000000000, 6.999999999999999100, 0.0000000000000000000 ) ) ;
#2949 = CALENDAR_DATE ( 2019, 25, 4 ) ;
#2950 = CARTESIAN_POINT ( 'NONE',  ( 0.0000000000000000000, -1.400000000000000100, 0.0000000000000000000 ) ) ;
#2951 = EDGE_CURVE ( 'NONE', #1915, #576, #883, .T. ) ;
#2952 = ORIENTED_EDGE ( 'NONE', *, *, #2060, .F. ) ;
#2953 = DIRECTION ( 'NONE',  ( 0.0000000000000000000, 0.9784768908978048700, -0.2063564246127689000 ) ) ;
#2954 = CARTESIAN_POINT ( 'NONE',  ( -4.275538034768981500, 8.221510283062231700, 15.53564062067731300 ) ) ;
#2955 = ORIENTED_EDGE ( 'NONE', *, *, #1070, .T. ) ;
#2956 = AXIS2_PLACEMENT_3D ( 'NONE', #2752, #3395, #1563 ) ;
#2957 = CARTESIAN_POINT ( 'NONE',  ( 16.39636175775704500, 6.533355467037018200, 4.000000000000000000 ) ) ;
#2958 = EDGE_CURVE ( 'NONE', #2654, #807, #1861, .T. ) ;
#2959 = DIRECTION ( 'NONE',  ( -0.0000000000000000000, -0.2063564246127675700, -0.9784768908978051000 ) ) ;
#2960 = CARTESIAN_POINT ( 'NONE',  ( 1.745922689188826400E-015, 0.8000000000000003800, -14.25654066465862400 ) ) ;
#2961 = EDGE_LOOP ( 'NONE', ( #2256, #3847, #418, #896, #1421 ) ) ;
#2962 = CARTESIAN_POINT ( 'NONE',  ( -19.99999999999999600, 7.000000000000000000, 1.000000000000000000 ) ) ;
#2963 = FACE_OUTER_BOUND ( 'NONE', #3022, .T. ) ;
#2964 = AXIS2_PLACEMENT_3D ( 'NONE', #92, #3751, #2517 ) ;
#2965 = ORIENTED_EDGE ( 'NONE', *, *, #3588, .F. ) ;
#2966 = CARTESIAN_POINT ( 'NONE',  ( -4.204117055177074600, 4.309881445522859300, -16.40649914106424500 ) ) ;
#2967 = VECTOR ( 'NONE', #2337, 1000.000000000000000 ) ;
#2968 = ORIENTED_EDGE ( 'NONE', *, *, #3765, .F. ) ;
#2969 = LINE ( 'NONE', #3749, #547 ) ;
#2970 = ORIENTED_EDGE ( 'NONE', *, *, #997, .T. ) ;
#2971 = DIRECTION ( 'NONE',  ( 0.0000000000000000000, 0.2063564246127676000, 0.9784768908978051000 ) ) ;
#2972 = TOROIDAL_SURFACE ( 'NONE', #2193, 6.999999999999999100, 2.000000000000000000 ) ;
#2973 = CARTESIAN_POINT ( 'NONE',  ( 2.156429123985621500E-015, 1.117595807580062900, 17.60858008600529700 ) ) ;
#2974 = ORIENTED_EDGE ( 'NONE', *, *, #1927, .F. ) ;
#2975 = LINE ( 'NONE', #560, #2163 ) ;
#2976 = EDGE_LOOP ( 'NONE', ( #1016, #73, #2675, #3705 ) ) ;
#2977 = CARTESIAN_POINT ( 'NONE',  ( 15.58342489097326200, 8.944467643188433600, 5.013385626941679400 ) ) ;
#2978 = EDGE_CURVE ( 'NONE', #554, #764, #775, .T. ) ;
#2979 = CARTESIAN_POINT ( 'NONE',  ( 0.0000000000000000000, 10.69999999999999900, 0.0000000000000000000 ) ) ;
#2980 = EDGE_LOOP ( 'NONE', ( #2489, #2253, #2907, #1873 ) ) ;
#2981 = CYLINDRICAL_SURFACE ( 'NONE', #2266, 0.7500000000000003300 ) ;
#2982 = CARTESIAN_POINT ( 'NONE',  ( 1.000000000000069900, 5.000000000000000000, -20.00000000000006400 ) ) ;
#2983 = CARTESIAN_POINT ( 'NONE',  ( -5.487154003076953200, 9.150399100736214200, 15.37871048871144500 ) ) ;
#2984 = EDGE_CURVE ( 'NONE', #316, #746, #3302, .T. ) ;
#2985 = CARTESIAN_POINT ( 'NONE',  ( 4.508399443175693300, 8.538652794522208800, 15.82569080539038400 ) ) ;
#2986 = CARTESIAN_POINT ( 'NONE',  ( -4.509573544530481600, 8.539959419325123600, 15.39959997374627500 ) ) ;
#2987 = PLANE ( 'NONE',  #2645 ) ;
#2988 = DIRECTION ( 'NONE',  ( 0.0000000000000000000, 0.2063564246127676000, 0.9784768908978051000 ) ) ;
#2989 = DIRECTION ( 'NONE',  ( 0.0000000000000000000, 0.0000000000000000000, 1.000000000000000000 ) ) ;
#2990 = EDGE_CURVE ( 'NONE', #916, #1065, #1818, .T. ) ;
#2991 = DIRECTION ( 'NONE',  ( -3.491481338843133700E-015, -0.0000000000000000000, 1.000000000000000000 ) ) ;
#2992 = CARTESIAN_POINT ( 'NONE',  ( 0.0000000000000000000, 0.3999999999999998600, 19.19999999999999900 ) ) ;
#2993 = DIRECTION ( 'NONE',  ( 0.0000000000000000000, -0.9784768908978049900, 0.2063564246127681000 ) ) ;
#2994 = DIRECTION ( 'NONE',  ( -0.0000000000000000000, -1.000000000000000000, -0.0000000000000000000 ) ) ;
#2995 = DIRECTION ( 'NONE',  ( 0.0000000000000000000, 0.0000000000000000000, 1.000000000000000000 ) ) ;
#2996 = APPROVAL_STATUS ( 'not_yet_approved' ) ;
#2997 = DIRECTION ( 'NONE',  ( 0.0000000000000000000, -0.2063564246127676000, -0.9784768908978051000 ) ) ;
#2998 = ORIENTED_EDGE ( 'NONE', *, *, #1566, .F. ) ;
#2999 = CARTESIAN_POINT ( 'NONE',  ( -16.73852840584104100, 4.939224496504920100, -4.012774423903360700 ) ) ;
#3000 = CARTESIAN_POINT ( 'NONE',  ( 4.068289229027520500, 7.735164605607644200, -16.11872995774072200 ) ) ;
#3001 = ORIENTED_EDGE ( 'NONE', *, *, #2440, .F. ) ;
#3002 = ORIENTED_EDGE ( 'NONE', *, *, #69, .F. ) ;
#3003 = CARTESIAN_POINT ( 'NONE',  ( -19.99999999999999600, 5.200000000000000200, 6.000000000000000900 ) ) ;
#3004 = EDGE_CURVE ( 'NONE', #1865, #2813, #234, .T. ) ;
#3005 = ORIENTED_EDGE ( 'NONE', *, *, #2808, .F. ) ;
#3006 = B_SPLINE_CURVE_WITH_KNOTS ( 'NONE', 3,
 ( #1291, #1280, #1593, #3416, #379, #1577, #695, #3065, #3431, #3703, #1847, #2152, #2471, #46 ),
 .UNSPECIFIED., .F., .F.,
 ( 4, 2, 2, 2, 2, 2, 4 ),
 ( 6.133173666733496600E-018, 0.0004142483445838120400, 0.0008284966891676180100, 0.001242745033751423900, 0.001656993378335229700, 0.002485490067502841800, 0.003313986756670453400 ),
 .UNSPECIFIED. ) ;
#3007 = VECTOR ( 'NONE', #631, 1000.000000000000100 ) ;
#3008 = CARTESIAN_POINT ( 'NONE',  ( -16.25182708671580700, 7.200000000000000200, -4.000000000000000000 ) ) ;
#3009 = DIRECTION ( 'NONE',  ( 0.0000000000000000000, -0.9784768908978048700, 0.2063564246127689000 ) ) ;
#3010 = CARTESIAN_POINT ( 'NONE',  ( -6.999999999999999100, 3.656986611804144100, 17.96514609782572700 ) ) ;
#3011 = ORIENTED_EDGE ( 'NONE', *, *, #1755, .F. ) ;
#3012 = DIRECTION ( 'NONE',  ( 0.0000000000000000000, 0.0000000000000000000, -1.000000000000000000 ) ) ;
#3013 = CIRCLE ( 'NONE', #233, 17.19999999999999900 ) ;
#3014 = CARTESIAN_POINT ( 'NONE',  ( -0.9999999999999412700, 6.699267237043147600, -16.81254609045453900 ) ) ;
#3015 = ORIENTED_EDGE ( 'NONE', *, *, #1281, .F. ) ;
#3016 = CARTESIAN_POINT ( 'NONE',  ( 4.000000000000000000, 7.200000000000001100, -16.25182708671580700 ) ) ;
#3017 = APPROVAL ( #47, 'NON SPECIFICATO' ) ;
#3018 = FACE_OUTER_BOUND ( 'NONE', #2652, .T. ) ;
#3019 = CARTESIAN_POINT ( 'NONE',  ( 0.0000000000000000000, 0.0000000000000000000, -19.99999999999999600 ) ) ;
#3020 = ORIENTED_EDGE ( 'NONE', *, *, #1945, .F. ) ;
#3021 = CARTESIAN_POINT ( 'NONE',  ( 15.17250757619137300, 9.199999999999995700, -6.000000000000000000 ) ) ;
#3022 = EDGE_LOOP ( 'NONE', ( #3036, #678, #3196, #27, #1060, #2721 ) ) ;
#3023 = DIRECTION ( 'NONE',  ( -3.491481338843133700E-015, -0.0000000000000000000, 1.000000000000000000 ) ) ;
#3024 = VECTOR ( 'NONE', #1752, 1000.000000000000000 ) ;
#3025 = ORIENTED_EDGE ( 'NONE', *, *, #972, .T. ) ;
#3026 = CARTESIAN_POINT ( 'NONE',  ( 15.82569080539038000, 8.538652794522207000, -4.508399443175693300 ) ) ;
#3027 = CARTESIAN_POINT ( 'NONE',  ( -15.17250757619137000, 9.199999999999995700, -6.000000000000000000 ) ) ;
#3028 = ORIENTED_EDGE ( 'NONE', *, *, #565, .T. ) ;
#3029 = ORIENTED_EDGE ( 'NONE', *, *, #846, .T. ) ;
#3030 = CARTESIAN_POINT ( 'NONE',  ( -6.000000000000000000, 9.199999999999999300, -15.39588668813732200 ) ) ;
#3031 = CIRCLE ( 'NONE', #2264, 6.999999999999999100 ) ;
#3032 = PLANE ( 'NONE',  #654 ) ;
#3033 = CARTESIAN_POINT ( 'NONE',  ( -4.014212077171709600, 7.473045753190894500, 16.18914204850674900 ) ) ;
#3034 = ADVANCED_FACE ( 'NONE', ( #2149 ), #1184, .F. ) ;
#3035 = CARTESIAN_POINT ( 'NONE',  ( -0.9999999999999408300, 6.132845712036972200, -16.93200347631845300 ) ) ;
#3036 = ORIENTED_EDGE ( 'NONE', *, *, #3477, .F. ) ;
#3037 = CARTESIAN_POINT ( 'NONE',  ( -6.000000000000000000, 9.199999999999999300, 15.81786920383351000 ) ) ;
#3038 = EDGE_CURVE ( 'NONE', #337, #557, #1668, .T. ) ;
#3039 = CARTESIAN_POINT ( 'NONE',  ( 9.000000000000000000, 5.508698617047243400, 17.05341003424231200 ) ) ;
#3040 = AXIS2_PLACEMENT_3D ( 'NONE', #501, #579, #890 ) ;
#3041 = CARTESIAN_POINT ( 'NONE',  ( 4.212556256859674200, 8.107022729296881300, 15.57770091059717100 ) ) ;
#3042 = DIRECTION ( 'NONE',  ( 0.0000000000000000000, 0.0000000000000000000, -1.000000000000000000 ) ) ;
#3043 = DIRECTION ( 'NONE',  ( 0.0000000000000000000, 0.0000000000000000000, 1.000000000000000000 ) ) ;
#3044 = AXIS2_PLACEMENT_3D ( 'NONE', #1158, #581, #2995 ) ;
#3045 = CARTESIAN_POINT ( 'NONE',  ( -1.000000000000057100, 6.999999999999999100, 16.33960731324719300 ) ) ;
#3046 = CARTESIAN_POINT ( 'NONE',  ( -16.37937205421195200, 4.552706130602693700, -4.103044476069166900 ) ) ;
#3047 = CARTESIAN_POINT ( 'NONE',  ( 6.999999999999999100, 5.264079394322791000, 17.10499914039550300 ) ) ;
#3048 = CIRCLE ( 'NONE', #20, 16.79123183496952300 ) ;
#3049 = B_SPLINE_CURVE_WITH_KNOTS ( 'NONE', 3,
 ( #2246, #3485, #2841, #3442, #2224, #431, #2213, #1652, #753, #2875, #3475, #1050, #2848, #3742, #1898, #395 ),
 .UNSPECIFIED., .F., .F.,
 ( 4, 2, 2, 2, 2, 2, 2, 4 ),
 ( 1.750610186193999300E-016, 0.0003970639118136401800, 0.0007941278236271053700, 0.001191191735440570500, 0.001588255647254035500, 0.002382383470880967500, 0.002779447382694433900, 0.003176511294507900600 ),
 .UNSPECIFIED. ) ;
#3050 = ADVANCED_FACE ( 'NONE', ( #3929 ), #3581, .T. ) ;
#3051 = CARTESIAN_POINT ( 'NONE',  ( -15.69759410222484600, 7.732417210040853900, -4.067548782315943100 ) ) ;
#3052 = CARTESIAN_POINT ( 'NONE',  ( 16.08161162168676100, 7.860509066871856900, -4.107549681266716500 ) ) ;
#3053 = VERTEX_POINT ( 'NONE', #2436 ) ;
#3054 = CARTESIAN_POINT ( 'NONE',  ( 0.0000000000000000000, 14.69999999999999900, 6.999999999999999100 ) ) ;
#3055 = CARTESIAN_POINT ( 'NONE',  ( -6.000000000000000000, 9.199999999999999300, 14.73205100839540200 ) ) ;
#3056 = CARTESIAN_POINT ( 'NONE',  ( -0.9999999999999414900, 7.000000000000000000, -16.74912161255759500 ) ) ;
#3057 = ORIENTED_EDGE ( 'NONE', *, *, #3525, .F. ) ;
#3058 = CARTESIAN_POINT ( 'NONE',  ( 0.0000000000000000000, 5.000000000000000000, 0.0000000000000000000 ) ) ;
#3059 = ORIENTED_EDGE ( 'NONE', *, *, #179, .T. ) ;
#3060 = CARTESIAN_POINT ( 'NONE',  ( -6.000000000000001800, 3.199999999999999700, 16.08772991682003100 ) ) ;
#3061 = EDGE_CURVE ( 'NONE', #1261, #2349, #3405, .T. ) ;
#3062 = FACE_OUTER_BOUND ( 'NONE', #1301, .T. ) ;
#3063 = CARTESIAN_POINT ( 'NONE',  ( 1.000000000000060000, 5.000000000000000000, -17.17090562550501800 ) ) ;
#3064 = EDGE_LOOP ( 'NONE', ( #3428, #2042, #116, #2861 ) ) ;
#3065 = CARTESIAN_POINT ( 'NONE',  ( 15.44657083629324400, 8.438268504456781100, 4.423946879448324800 ) ) ;
#3066 = CYLINDRICAL_SURFACE ( 'NONE', #3763, 2.000000000000000000 ) ;
#3067 = AXIS2_PLACEMENT_3D ( 'NONE', #2769, #1849, #50 ) ;
#3068 = ORIENTED_EDGE ( 'NONE', *, *, #1181, .T. ) ;
#3069 = EDGE_CURVE ( 'NONE', #3600, #773, #152, .T. ) ;
#3070 = VECTOR ( 'NONE', #1870, 1000.000000000000100 ) ;
#3071 = ADVANCED_FACE ( 'NONE', ( #2767 ), #2817, .F. ) ;
#3072 = CARTESIAN_POINT ( 'NONE',  ( 2.724621082766897200E-015, 9.199999999999999300, 0.0000000000000000000 ) ) ;
#3073 = B_SPLINE_CURVE_WITH_KNOTS ( 'NONE', 3,
 ( #578, #2693, #1492, #1512, #3621, #3340, #3949 ),
 .UNSPECIFIED., .F., .F.,
 ( 4, 3, 4 ),
 ( 0.02556193666978640700, 0.02726434758186798900, 0.02760593583986973800 ),
 .UNSPECIFIED. ) ;
#3074 = ORIENTED_EDGE ( 'NONE', *, *, #2776, .F. ) ;
#3075 = CARTESIAN_POINT ( 'NONE',  ( 2.017384559610227000E-015, 8.452323487716281400, 16.47319505521762700 ) ) ;
#3076 = CC_DESIGN_PERSON_AND_ORGANIZATION_ASSIGNMENT ( #2646, #3603, ( #1130 ) ) ;
#3077 = LINE ( 'NONE', #3473, #2255 ) ;
#3078 = ORIENTED_EDGE ( 'NONE', *, *, #3727, .T. ) ;
#3079 = DIRECTION ( 'NONE',  ( 0.0000000000000000000, 0.9784768908978052100, -0.2063564246127672100 ) ) ;
#3080 = CYLINDRICAL_SURFACE ( 'NONE', #721, 2.000000000000000000 ) ;
#3081 = CARTESIAN_POINT ( 'NONE',  ( 2.418677428316022700E-015, -1.400000000000000100, -19.75000000000000000 ) ) ;
#3082 = VERTEX_POINT ( 'NONE', #1213 ) ;
#3083 = VERTEX_POINT ( 'NONE', #2102 ) ;
#3084 = FACE_BOUND ( 'NONE', #2034, .T. ) ;
#3085 = CARTESIAN_POINT ( 'NONE',  ( -17.11780916419263900, 3.199999999999999700, 6.000000000000000900 ) ) ;
#3086 = CARTESIAN_POINT ( 'NONE',  ( -16.56908527549594000, 3.200000000000001100, -5.873908345954969700 ) ) ;
#3087 = PLANE ( 'NONE',  #1862 ) ;
#3088 = EDGE_CURVE ( 'NONE', #982, #3630, #2197, .T. ) ;
#3089 = CARTESIAN_POINT ( 'NONE',  ( 4.000000000000000000, 6.533357300494603900, -15.97529678390391100 ) ) ;
#3090 = CARTESIAN_POINT ( 'NONE',  ( -5.483076687327517200, 9.148951113097757200, -15.38043948444398800 ) ) ;
#3091 = ADVANCED_FACE ( 'NONE', ( #486 ), #1204, .F. ) ;
#3092 = B_SPLINE_CURVE_WITH_KNOTS ( 'NONE', 3,
 ( #434, #3478, #98, #2864, #2851, #1008, #745, #1631, #3142, #2528, #417, #1039, #720, #3760, #106, #3488 ),
 .UNSPECIFIED., .F., .F.,
 ( 4, 2, 2, 2, 2, 2, 2, 4 ),
 ( 0.0000000000000000000, 0.0008288185584019048400, 0.001243227837602857300, 0.001657637116803809700, 0.002072046396004762100, 0.002486455675205714500, 0.002900864954406668700, 0.003315274233607622400 ),
 .UNSPECIFIED. ) ;
#3093 = AXIS2_PLACEMENT_3D ( 'NONE', #755, #1660, #1067 ) ;
#3094 = CARTESIAN_POINT ( 'NONE',  ( -15.65904627483895000, 7.861585939635859600, -4.107915995866659600 ) ) ;
#3095 = DIRECTION ( 'NONE',  ( 0.0000000000000000000, 0.2063564246127676000, 0.9784768908978051000 ) ) ;
#3096 = AXIS2_PLACEMENT_3D ( 'NONE', #2019, #2903, #2333 ) ;
#3097 = DIRECTION ( 'NONE',  ( 0.0000000000000000000, 0.0000000000000000000, 1.000000000000000000 ) ) ;
#3098 = VERTEX_POINT ( 'NONE', #1866 ) ;
#3099 = DIRECTION ( 'NONE',  ( 0.0000000000000000000, -1.000000000000000000, 0.0000000000000000000 ) ) ;
#3100 = CARTESIAN_POINT ( 'NONE',  ( -4.274760576765951100, 8.220184244813197000, -15.95969903330318500 ) ) ;
#3101 = DIRECTION ( 'NONE',  ( 0.0000000000000000000, 0.2063564246127676000, 0.9784768908978051000 ) ) ;
#3102 = ORIENTED_EDGE ( 'NONE', *, *, #2521, .T. ) ;
#3103 = ORIENTED_EDGE ( 'NONE', *, *, #3141, .F. ) ;
#3104 = CARTESIAN_POINT ( 'NONE',  ( -6.999999999999999100, 6.144450123971211900, 17.64495041447337100 ) ) ;
#3105 = EDGE_LOOP ( 'NONE', ( #2192, #986, #3059, #594 ) ) ;
#3106 = APPROVAL_ROLE ( '' ) ;
#3107 = CARTESIAN_POINT ( 'NONE',  ( 16.93200347631844900, 6.132845712036968600, 1.000000000000000000 ) ) ;
#3108 = FACE_BOUND ( 'NONE', #2913, .T. ) ;
#3109 = EDGE_CURVE ( 'NONE', #1963, #1065, #574, .T. ) ;
#3110 = ADVANCED_FACE ( 'NONE', ( #2044 ), #3535, .T. ) ;
#3111 = CARTESIAN_POINT ( 'NONE',  ( -16.83119818917608900, 3.591054781191910500, -4.782936570431130200 ) ) ;
#3112 = VERTEX_POINT ( 'NONE', #2185 ) ;
#3113 = CYLINDRICAL_SURFACE ( 'NONE', #184, 19.99999999999999600 ) ;
#3114 = DIRECTION ( 'NONE',  ( 0.0000000000000000000, 1.000000000000000000, 0.0000000000000000000 ) ) ;
#3115 = ORIENTED_EDGE ( 'NONE', *, *, #1001, .T. ) ;
#3116 = DIRECTION ( 'NONE',  ( 0.0000000000000000000, 0.0000000000000000000, -1.000000000000000000 ) ) ;
#3117 = EDGE_CURVE ( 'NONE', #121, #1963, #2711, .T. ) ;
#3118 = CARTESIAN_POINT ( 'NONE',  ( 0.0000000000000000000, 7.804901253208623900, 17.29476865600662800 ) ) ;
#3119 = VECTOR ( 'NONE', #1375, 1000.000000000000000 ) ;
#3120 = EDGE_LOOP ( 'NONE', ( #960, #1809, #1278, #3057 ) ) ;
#3121 = CARTESIAN_POINT ( 'NONE',  ( 16.84744678549521900, 3.973838330205552400, 4.414381091631828900 ) ) ;
#3122 = FACE_OUTER_BOUND ( 'NONE', #965, .T. ) ;
#3123 = AXIS2_PLACEMENT_3D ( 'NONE', #1111, #1756, #562 ) ;
#3124 = ORIENTED_EDGE ( 'NONE', *, *, #1471, .F. ) ;
#3125 = CIRCLE ( 'NONE', #2469, 1.999999999999998200 ) ;
#3126 = ORIENTED_EDGE ( 'NONE', *, *, #1956, .T. ) ;
#3127 = DIRECTION ( 'NONE',  ( -1.000000000000000000, 2.126435228616731500E-016, 0.0000000000000000000 ) ) ;
#3128 = ORIENTED_EDGE ( 'NONE', *, *, #1945, .T. ) ;
#3129 = ORIENTED_EDGE ( 'NONE', *, *, #868, .F. ) ;
#3130 = FACE_OUTER_BOUND ( 'NONE', #2241, .T. ) ;
#3131 = CARTESIAN_POINT ( 'NONE',  ( 0.0000000000000000000, 0.8000000000000003800, 0.0000000000000000000 ) ) ;
#3132 = PLANE ( 'NONE',  #566 ) ;
#3133 = ORIENTED_EDGE ( 'NONE', *, *, #3117, .T. ) ;
#3134 = CARTESIAN_POINT ( 'NONE',  ( -6.999999999999999100, 8.444129289740658400, 16.43434076040400900 ) ) ;
#3135 = CARTESIAN_POINT ( 'NONE',  ( 15.83054006020342900, 7.200000000000003700, 4.000000000000000000 ) ) ;
#3136 = ADVANCED_FACE ( 'NONE', ( #2285, #1099 ), #3087, .F. ) ;
#3137 = DIRECTION ( 'NONE',  ( 0.0000000000000000000, 0.0000000000000000000, -1.000000000000000000 ) ) ;
#3138 = ORIENTED_EDGE ( 'NONE', *, *, #1901, .F. ) ;
#3139 = CARTESIAN_POINT ( 'NONE',  ( -14.73205100839540200, 9.199999999999997500, -6.000000000000000000 ) ) ;
#3140 = CARTESIAN_POINT ( 'NONE',  ( -16.25182708671580700, 7.200000000000000200, -4.000000000000000000 ) ) ;
#3141 = EDGE_CURVE ( 'NONE', #112, #1639, #2863, .T. ) ;
#3142 = CARTESIAN_POINT ( 'NONE',  ( 15.44560053403322400, 8.440426895804050000, -4.425682055898130700 ) ) ;
#3143 = DIRECTION ( 'NONE',  ( -0.0000000000000000000, -0.2063564246127675700, -0.9784768908978051000 ) ) ;
#3144 = PLANE ( 'NONE',  #443 ) ;
#3145 = AXIS2_PLACEMENT_3D ( 'NONE', #3184, #1961, #3499 ) ;
#3146 = VECTOR ( 'NONE', #2408, 1000.000000000000000 ) ;
#3147 = CARTESIAN_POINT ( 'NONE',  ( 16.68512366752375800, 5.199999999998976100, 4.000000000000000900 ) ) ;
#3148 = EDGE_CURVE ( 'NONE', #3679, #3600, #1484, .T. ) ;
#3149 = AXIS2_PLACEMENT_3D ( 'NONE', #928, #3660, #1778 ) ;
#3150 = CARTESIAN_POINT ( 'NONE',  ( 0.0000000000000000000, 10.69999999999999900, 0.0000000000000000000 ) ) ;
#3151 = ORIENTED_EDGE ( 'NONE', *, *, #1651, .F. ) ;
#3152 = CARTESIAN_POINT ( 'NONE',  ( -6.999999999999999100, 5.264079394322791000, 17.10499914039550300 ) ) ;
#3153 = VERTEX_POINT ( 'NONE', #1900 ) ;
#3154 = CARTESIAN_POINT ( 'NONE',  ( 6.000000000000000000, 9.199999999999997500, -15.17250757619137100 ) ) ;
#3155 = CARTESIAN_POINT ( 'NONE',  ( -9.000000000000000000, 6.487175507945048400, 16.84705360962954400 ) ) ;
#3156 = ORIENTED_EDGE ( 'NONE', *, *, #3109, .F. ) ;
#3157 = CARTESIAN_POINT ( 'NONE',  ( -16.64432408106849000, 5.555256008530255600, -1.000000000000000000 ) ) ;
#3158 = CIRCLE ( 'NONE', #1337, 9.000000000000000000 ) ;
#3159 = ORIENTED_EDGE ( 'NONE', *, *, #1801, .F. ) ;
#3160 = EDGE_CURVE ( 'NONE', #2388, #363, #2240, .T. ) ;
#3161 = CIRCLE ( 'NONE', #3553, 2.000000000000000900 ) ;
#3162 = DIRECTION ( 'NONE',  ( 0.0000000000000000000, 0.0000000000000000000, 1.000000000000000000 ) ) ;
#3163 = ORIENTED_EDGE ( 'NONE', *, *, #2277, .F. ) ;
#3164 = CARTESIAN_POINT ( 'NONE',  ( 4.408183978791203800, 3.960556582082706400, -16.42998294812604600 ) ) ;
#3165 = ORIENTED_EDGE ( 'NONE', *, *, #1727, .T. ) ;
#3166 = CARTESIAN_POINT ( 'NONE',  ( -1.000000000000057300, 6.665765332425687400, 16.41010359672953100 ) ) ;
#3167 = LINE ( 'NONE', #3030, #3208 ) ;
#3168 = AXIS2_PLACEMENT_3D ( 'NONE', #634, #1519, #941 ) ;
#3169 = CARTESIAN_POINT ( 'NONE',  ( 16.69775595331738700, 3.199999999999999700, 6.000000000000000900 ) ) ;
#3170 = VERTEX_POINT ( 'NONE', #3720 ) ;
#3171 = AXIS2_PLACEMENT_3D ( 'NONE', #3820, #483, #1366 ) ;
#3172 = CARTESIAN_POINT ( 'NONE',  ( -15.39957412272503800, 8.540068642250329100, 4.509596575519750200 ) ) ;
#3173 = ADVANCED_FACE ( 'NONE', ( #3736 ), #3444, .F. ) ;
#3174 = VECTOR ( 'NONE', #1925, 1000.000000000000000 ) ;
#3175 = VERTEX_POINT ( 'NONE', #3731 ) ;
#3176 = FACE_OUTER_BOUND ( 'NONE', #249, .T. ) ;
#3177 = ORIENTED_EDGE ( 'NONE', *, *, #2220, .T. ) ;
#3178 = ORIENTED_EDGE ( 'NONE', *, *, #228, .T. ) ;
#3179 = DIRECTION ( 'NONE',  ( 0.0000000000000000000, 1.000000000000000000, 0.0000000000000000000 ) ) ;
#3180 = CARTESIAN_POINT ( 'NONE',  ( 0.0000000000000000000, 3.199999999999999700, 0.0000000000000000000 ) ) ;
#3181 = CARTESIAN_POINT ( 'NONE',  ( 0.0000000000000000000, 3.199999999999999700, 0.0000000000000000000 ) ) ;
#3182 = DIRECTION ( 'NONE',  ( 0.0000000000000000000, 0.0000000000000000000, 1.000000000000000000 ) ) ;
#3183 = EDGE_CURVE ( 'NONE', #3733, #2725, #3827, .T. ) ;
#3184 = CARTESIAN_POINT ( 'NONE',  ( 6.999999999999999100, 5.997937062496145400, 16.95023182193593000 ) ) ;
#3185 = CARTESIAN_POINT ( 'NONE',  ( -4.107973046035905200, 7.861679643566982500, 16.08124902544839300 ) ) ;
#3186 = CARTESIAN_POINT ( 'NONE',  ( -0.9999999999999414900, 5.000000000000000000, -16.76142793844528400 ) ) ;
#3187 = LOCAL_TIME ( 23, 21, 52.00000000000000000, #1570 ) ;
#3188 = EDGE_CURVE ( 'NONE', #3698, #2518, #3782, .T. ) ;
#3189 = CARTESIAN_POINT ( 'NONE',  ( 16.28704021057034600, 3.296510746575783500, -5.372637920152679500 ) ) ;
#3190 = CARTESIAN_POINT ( 'NONE',  ( -5.497385183666467300, 3.259979936477637200, 16.68446635556105000 ) ) ;
#3191 = ADVANCED_FACE ( 'NONE', ( #690 ), #341, .F. ) ;
#3192 = CARTESIAN_POINT ( 'NONE',  ( 0.0000000000000000000, 10.69999999999999900, 0.0000000000000000000 ) ) ;
#3193 = ORIENTED_EDGE ( 'NONE', *, *, #1614, .F. ) ;
#3194 = AXIS2_PLACEMENT_3D ( 'NONE', #1949, #2252, #476 ) ;
#3195 = EDGE_CURVE ( 'NONE', #1236, #1226, #549, .T. ) ;
#3196 = ORIENTED_EDGE ( 'NONE', *, *, #761, .F. ) ;
#3197 = EDGE_LOOP ( 'NONE', ( #2291, #323 ) ) ;
#3198 = CARTESIAN_POINT ( 'NONE',  ( -16.56907604989652300, 3.199999999999999700, 5.873933752176992800 ) ) ;
#3199 = DIRECTION ( 'NONE',  ( 0.0000000000000000000, 0.0000000000000000000, 1.000000000000000000 ) ) ;
#3200 = ORIENTED_EDGE ( 'NONE', *, *, #2138, .F. ) ;
#3201 = CARTESIAN_POINT ( 'NONE',  ( -19.99999999999999600, 7.000000000000000000, 1.000000000000000000 ) ) ;
#3202 = VECTOR ( 'NONE', #2814, 1000.000000000000100 ) ;
#3203 = CARTESIAN_POINT ( 'NONE',  ( -7.448258691867172100E-016, 9.199999999999999300, 0.0000000000000000000 ) ) ;
#3204 = CARTESIAN_POINT ( 'NONE',  ( 6.999999999999999100, 6.144450123971211900, 17.64495041447337100 ) ) ;
#3205 = CARTESIAN_POINT ( 'NONE',  ( 0.0000000000000000000, 5.000000000000000000, 0.0000000000000000000 ) ) ;
#3206 = LINE ( 'NONE', #2315, #2000 ) ;
#3207 = VERTEX_POINT ( 'NONE', #3758 ) ;
#3208 = VECTOR ( 'NONE', #3341, 1000.000000000000000 ) ;
#3209 = ORIENTED_EDGE ( 'NONE', *, *, #3898, .T. ) ;
#3210 = EDGE_CURVE ( 'NONE', #921, #3529, #728, .T. ) ;
#3211 = CARTESIAN_POINT ( 'NONE',  ( 4.000000000000000000, 5.199999999999998400, 16.26447788644217200 ) ) ;
#3212 = FACE_OUTER_BOUND ( 'NONE', #3826, .T. ) ;
#3213 = ORIENTED_EDGE ( 'NONE', *, *, #3272, .T. ) ;
#3214 = CYLINDRICAL_SURFACE ( 'NONE', #2750, 0.7500000000000003300 ) ;
#3215 = CARTESIAN_POINT ( 'NONE',  ( 0.0000000000000000000, 14.69999999999999900, 0.0000000000000000000 ) ) ;
#3216 = DIRECTION ( 'NONE',  ( 0.0000000000000000000, 0.0000000000000000000, 1.000000000000000000 ) ) ;
#3217 = VERTEX_POINT ( 'NONE', #3075 ) ;
#3218 = CARTESIAN_POINT ( 'NONE',  ( -16.79140473292509800, 6.799511519855169400, 1.000000000000000000 ) ) ;
#3219 = ORIENTED_EDGE ( 'NONE', *, *, #2497, .F. ) ;
#3220 = AXIS2_PLACEMENT_3D ( 'NONE', #3564, #894, #2028 ) ;
#3221 = ORIENTED_EDGE ( 'NONE', *, *, #338, .F. ) ;
#3222 = LINE ( 'NONE', #2088, #994 ) ;
#3223 = DIRECTION ( 'NONE',  ( 0.0000000000000000000, 0.2063564246127676200, 0.9784768908978052100 ) ) ;
#3224 = AXIS2_PLACEMENT_3D ( 'NONE', #2979, #1706, #3590 ) ;
#3225 = EDGE_CURVE ( 'NONE', #2393, #101, #393, .T. ) ;
#3226 = CARTESIAN_POINT ( 'NONE',  ( 16.73859870148045900, 4.938895689117599000, -4.012778861512740200 ) ) ;
#3227 = ORIENTED_EDGE ( 'NONE', *, *, #2513, .F. ) ;
#3228 = CARTESIAN_POINT ( 'NONE',  ( -7.261653499206554600E-016, 9.200000000000001100, 0.0000000000000000000 ) ) ;
#3229 = CC_DESIGN_SECURITY_CLASSIFICATION ( #2198, ( #3905 ) ) ;
#3230 = CARTESIAN_POINT ( 'NONE',  ( 0.0000000000000000000, 0.8000000000000003800, 0.0000000000000000000 ) ) ;
#3231 = CARTESIAN_POINT ( 'NONE',  ( 16.25182708671580700, 7.200000000000000200, 4.000000000000000000 ) ) ;
#3232 = DIRECTION ( 'NONE',  ( 0.0000000000000000000, -1.000000000000000000, 0.0000000000000000000 ) ) ;
#3233 = PLANE ( 'NONE',  #1078 ) ;
#3234 = CARTESIAN_POINT ( 'NONE',  ( 0.3855659170901616900, 8.452323487716284900, 16.47319505521763000 ) ) ;
#3235 = DIRECTION ( 'NONE',  ( 0.0000000000000000000, 0.0000000000000000000, -1.000000000000000000 ) ) ;
#3236 = EDGE_CURVE ( 'NONE', #1441, #2518, #869, .T. ) ;
#3237 = CALENDAR_DATE ( 2019, 25, 4 ) ;
#3238 = CARTESIAN_POINT ( 'NONE',  ( 0.0000000000000000000, 1.199999999999999700, -18.00000000000000000 ) ) ;
#3239 = ORIENTED_EDGE ( 'NONE', *, *, #3778, .F. ) ;
#3240 = CARTESIAN_POINT ( 'NONE',  ( -19.99999999999999600, 9.199999999999992200, 4.000000000000000000 ) ) ;
#3241 = CARTESIAN_POINT ( 'NONE',  ( 0.0000000000000000000, 0.7999999999999999300, 0.0000000000000000000 ) ) ;
#3242 = AXIS2_PLACEMENT_3D ( 'NONE', #1380, #3182, #2926 ) ;
#3243 = CARTESIAN_POINT ( 'NONE',  ( 0.0000000000000000000, 6.999999999999999100, 0.0000000000000000000 ) ) ;
#3244 = ORIENTED_EDGE ( 'NONE', *, *, #2308, .F. ) ;
#3245 = CARTESIAN_POINT ( 'NONE',  ( 6.999999999999999100, 6.487175507945048400, 16.84705360962954400 ) ) ;
#3246 = CARTESIAN_POINT ( 'NONE',  ( 15.53319137189991900, 9.004186922511586000, 5.127259221866920000 ) ) ;
#3247 = AXIS2_PLACEMENT_3D ( 'NONE', #1815, #3335, #2146 ) ;
#3248 = ORIENTED_EDGE ( 'NONE', *, *, #2951, .T. ) ;
#3249 = DIRECTION ( 'NONE',  ( -1.000000000000000000, 0.0000000000000000000, 0.0000000000000000000 ) ) ;
#3250 = VERTEX_POINT ( 'NONE', #2262 ) ;
#3251 = CARTESIAN_POINT ( 'NONE',  ( -6.000000000000000000, 9.199999999999997500, 15.17250757619137000 ) ) ;
#3252 = FACE_OUTER_BOUND ( 'NONE', #3740, .T. ) ;
#3253 = CARTESIAN_POINT ( 'NONE',  ( 4.000000000000000000, 7.199999999999999300, 16.25182708671581000 ) ) ;
#3254 = VERTEX_POINT ( 'NONE', #1653 ) ;
#3255 = DIRECTION ( 'NONE',  ( -1.000000000000000000, 0.0000000000000000000, 0.0000000000000000000 ) ) ;
#3256 = CARTESIAN_POINT ( 'NONE',  ( 0.9999999999999430500, 7.000000000000000000, 16.33960731324720300 ) ) ;
#3257 = DIRECTION ( 'NONE',  ( 0.0000000000000000000, 1.000000000000000000, 0.0000000000000000000 ) ) ;
#3258 = VECTOR ( 'NONE', #1790, 1000.000000000000000 ) ;
#3259 = DIRECTION ( 'NONE',  ( 0.0000000000000000000, 0.2063564246127676200, 0.9784768908978052100 ) ) ;
#3260 = ORIENTED_EDGE ( 'NONE', *, *, #1901, .T. ) ;
#3261 = CARTESIAN_POINT ( 'NONE',  ( 16.25182708671580700, 7.200000000000000200, 4.000000000000000000 ) ) ;
#3262 =( BOUNDED_CURVE ( )  B_SPLINE_CURVE ( 3, ( #1141, #1192, #558, #3332 ),
 .UNSPECIFIED., .F., .F. ) 
 B_SPLINE_CURVE_WITH_KNOTS ( ( 4, 4 ),
 ( 1.688225066325570700, 1.740822330808331700 ),
 .UNSPECIFIED. ) 
 CURVE ( )  GEOMETRIC_REPRESENTATION_ITEM ( )  RATIONAL_B_SPLINE_CURVE ( ( 1.000000000000000000, 0.9997694739342027900, 0.9997694739342027900, 1.000000000000000000 ) ) 
 REPRESENTATION_ITEM ( '' )  );
#3263 = ORIENTED_EDGE ( 'NONE', *, *, #3688, .T. ) ;
#3264 = LINE ( 'NONE', #1560, #3070 ) ;
#3265 = DIRECTION ( 'NONE',  ( 0.0000000000000000000, -0.9784768908978048700, 0.2063564246127686000 ) ) ;
#3266 = DIRECTION ( 'NONE',  ( -1.000000000000000000, -0.0000000000000000000, 0.0000000000000000000 ) ) ;
#3267 = VERTEX_POINT ( 'NONE', #433 ) ;
#3268 = FACE_OUTER_BOUND ( 'NONE', #3197, .T. ) ;
#3269 = ORIENTED_EDGE ( 'NONE', *, *, #3329, .F. ) ;
#3270 = FACE_OUTER_BOUND ( 'NONE', #2980, .T. ) ;
#3271 = ORIENTED_EDGE ( 'NONE', *, *, #675, .F. ) ;
#3272 = EDGE_CURVE ( 'NONE', #3422, #3651, #3305, .T. ) ;
#3273 = CARTESIAN_POINT ( 'NONE',  ( 4.000000000000000000, 7.336686634119184100, 16.22219216627276200 ) ) ;
#3274 = EDGE_LOOP ( 'NONE', ( #993, #1116, #1769, #1097 ) ) ;
#3275 = DIRECTION ( 'NONE',  ( -3.491481338843133700E-015, -0.0000000000000000000, 1.000000000000000000 ) ) ;
#3276 = CARTESIAN_POINT ( 'NONE',  ( 1.164443744544985800, 3.551744835251633000, 17.46612288346784700 ) ) ;
#3277 = AXIS2_PLACEMENT_3D ( 'NONE', #1919, #1341, #3459 ) ;
#3278 = EDGE_CURVE ( 'NONE', #131, #649, #3925, .T. ) ;
#3279 = CARTESIAN_POINT ( 'NONE',  ( 9.000000000000000000, 6.487175507945048400, 16.84705360962954400 ) ) ;
#3280 = CARTESIAN_POINT ( 'NONE',  ( -4.784125858856591600, 3.590134302362303600, -16.40571729836630500 ) ) ;
#3281 = B_SPLINE_CURVE_WITH_KNOTS ( 'NONE', 3,
 ( #1622, #749, #2531, #420, #3762, #1022, #1921, #3172, #3773, #1938, #428, #3448, #1045, #1604, #1308, #404 ),
 .UNSPECIFIED., .F., .F.,
 ( 4, 2, 2, 2, 2, 2, 2, 4 ),
 ( 0.0000000000000000000, 0.0008288185584019049500, 0.001243227837602857500, 0.001657637116803809900, 0.002072046396004762500, 0.002486455675205715000, 0.002900864954406668700, 0.003315274233607622800 ),
 .UNSPECIFIED. ) ;
#3282 = CARTESIAN_POINT ( 'NONE',  ( -0.9999999999999301700, 7.000000000000000000, -20.00000000000007100 ) ) ;
#3283 = CARTESIAN_POINT ( 'NONE',  ( 6.999999999999999100, 6.878307792144565400, 17.49018309601379800 ) ) ;
#3284 = CARTESIAN_POINT ( 'NONE',  ( -6.000000000000000000, 5.200000000000000200, -19.99999999999999600 ) ) ;
#3285 = DIRECTION ( 'NONE',  ( 0.0000000000000000000, -0.9784768908978052100, 0.2063564246127672100 ) ) ;
#3286 = VECTOR ( 'NONE', #1124, 1000.000000000000100 ) ;
#3287 = CARTESIAN_POINT ( 'NONE',  ( 15.37871048871144800, 9.150399100736216000, 5.487154003076951400 ) ) ;
#3288 = DIRECTION ( 'NONE',  ( 1.000000000000000000, 0.0000000000000000000, -0.0000000000000000000 ) ) ;
#3289 = CARTESIAN_POINT ( 'NONE',  ( 2.078195386602732400E-016, 4.483998994733799900, 17.99513217294011400 ) ) ;
#3290 = EDGE_CURVE ( 'NONE', #497, #1551, #2345, .T. ) ;
#3291 = ORIENTED_EDGE ( 'NONE', *, *, #2277, .T. ) ;
#3292 = DIRECTION ( 'NONE',  ( 0.0000000000000000000, 0.0000000000000000000, -1.000000000000000000 ) ) ;
#3293 = CARTESIAN_POINT ( 'NONE',  ( -5.009986967490945600, 8.956513031686311500, 15.15365963067931400 ) ) ;
#3294 = ORIENTED_EDGE ( 'NONE', *, *, #1687, .F. ) ;
#3295 = AXIS2_PLACEMENT_3D ( 'NONE', #3604, #1766, #3585 ) ;
#3296 = CARTESIAN_POINT ( 'NONE',  ( -16.42390110874475400, 3.868823248517857300, 4.501509816783449300 ) ) ;
#3297 = AXIS2_PLACEMENT_3D ( 'NONE', #1125, #3257, #1463 ) ;
#3298 = DIRECTION ( 'NONE',  ( -0.0000000000000000000, 0.9784768908978053200, -0.2063564246127664300 ) ) ;
#3299 = CARTESIAN_POINT ( 'NONE',  ( 16.68512366752353400, 5.199999999999998400, -4.000000000000000900 ) ) ;
#3300 = ORIENTED_EDGE ( 'NONE', *, *, #3195, .T. ) ;
#3301 = CARTESIAN_POINT ( 'NONE',  ( 15.27535404402915600, 9.199999999999999300, 5.739926864591114800 ) ) ;
#3302 = CIRCLE ( 'NONE', #115, 1.227307901828121200 ) ;
#3303 = AXIS2_PLACEMENT_3D ( 'NONE', #3714, #691, #3723 ) ;
#3304 = CARTESIAN_POINT ( 'NONE',  ( -6.999999999999999100, 5.508698617047243400, 17.05341003424231200 ) ) ;
#3305 = B_SPLINE_CURVE_WITH_KNOTS ( 'NONE', 3,
 ( #151, #448, #3502, #1661 ),
 .UNSPECIFIED., .F., .F.,
 ( 4, 4 ),
 ( 0.02560011188845077700, 0.02764664367505964200 ),
 .UNSPECIFIED. ) ;
#3306 = DIRECTION ( 'NONE',  ( 0.0000000000000000000, -1.000000000000000000, -0.0000000000000000000 ) ) ;
#3307 = LINE ( 'NONE', #668, #2822 ) ;
#3308 = CARTESIAN_POINT ( 'NONE',  ( 2.418677428316022700E-015, 0.0000000000000000000, -19.75000000000000000 ) ) ;
#3309 = ORIENTED_EDGE ( 'NONE', *, *, #1123, .T. ) ;
#3310 = CARTESIAN_POINT ( 'NONE',  ( 4.422883695233668500, 8.436903845125492300, 15.87192830807052400 ) ) ;
#3311 = LINE ( 'NONE', #2516, #3465 ) ;
#3312 = DIRECTION ( 'NONE',  ( 0.0000000000000000000, 0.0000000000000000000, 1.000000000000000000 ) ) ;
#3313 = VERTEX_POINT ( 'NONE', #3152 ) ;
#3314 = DATE_TIME_ROLE ( 'creation_date' ) ;
#3315 = CARTESIAN_POINT ( 'NONE',  ( 0.0000000000000000000, 0.7999999999999999300, 0.0000000000000000000 ) ) ;
#3316 = VECTOR ( 'NONE', #371, 1000.000000000000000 ) ;
#3317 = ORIENTED_EDGE ( 'NONE', *, *, #3556, .F. ) ;
#3318 = CIRCLE ( 'NONE', #1534, 17.17017920339057500 ) ;
#3319 = DIRECTION ( 'NONE',  ( 0.0000000000000000000, 0.0000000000000000000, -1.000000000000000000 ) ) ;
#3320 = ORIENTED_EDGE ( 'NONE', *, *, #89, .T. ) ;
#3321 = CARTESIAN_POINT ( 'NONE',  ( -9.000000000000000000, 6.592417284497559900, 17.34607682398742400 ) ) ;
#3322 = EDGE_CURVE ( 'NONE', #3381, #303, #1946, .T. ) ;
#3323 = FACE_OUTER_BOUND ( 'NONE', #392, .T. ) ;
#3324 = EDGE_LOOP ( 'NONE', ( #2765, #3933, #793, #2287 ) ) ;
#3325 = DIRECTION ( 'NONE',  ( 0.0000000000000000000, 0.0000000000000000000, -1.000000000000000000 ) ) ;
#3326 = VECTOR ( 'NONE', #1098, 1000.000000000000000 ) ;
#3327 = CARTESIAN_POINT ( 'NONE',  ( 4.000000000000000000, 5.199999999998994800, -16.68512366752375100 ) ) ;
#3328 = ORIENTED_EDGE ( 'NONE', *, *, #3435, .T. ) ;
#3329 = EDGE_CURVE ( 'NONE', #773, #3845, #2912, .T. ) ;
#3330 = CARTESIAN_POINT ( 'NONE',  ( 4.425682055898130700, 8.440426895804053600, 15.44560053403322200 ) ) ;
#3331 = DIRECTION ( 'NONE',  ( 0.0000000000000000000, -1.000000000000000000, 0.0000000000000000000 ) ) ;
#3332 = CARTESIAN_POINT ( 'NONE',  ( -1.155611398462773200, 8.444129289740658400, 16.43434076040400900 ) ) ;
#3333 = CARTESIAN_POINT ( 'NONE',  ( -16.81254609045453600, 6.699267237043145000, -1.000000000000000000 ) ) ;
#3334 = DIRECTION ( 'NONE',  ( 0.0000000000000000000, 0.9784768908978052100, -0.2063564246127672100 ) ) ;
#3335 = DIRECTION ( 'NONE',  ( 0.0000000000000000000, 1.000000000000000000, 0.0000000000000000000 ) ) ;
#3336 = PLANE ( 'NONE',  #2055 ) ;
#3337 = DIRECTION ( 'NONE',  ( -1.000000000000000000, 2.168404344971008900E-016, 3.134651602192766500E-032 ) ) ;
#3338 = ADVANCED_FACE ( 'NONE', ( #1150 ), #2091, .T. ) ;
#3339 = COORDINATED_UNIVERSAL_TIME_OFFSET ( 1, 0, .AHEAD. ) ;
#3340 = CARTESIAN_POINT ( 'NONE',  ( 1.000000000000057100, 6.888588482176887200, -16.36310625473750600 ) ) ;
#3341 = DIRECTION ( 'NONE',  ( 0.0000000000000000000, -0.0000000000000000000, 1.000000000000000000 ) ) ;
#3342 = DIRECTION ( 'NONE',  ( 0.0000000000000000000, 0.0000000000000000000, -1.000000000000000000 ) ) ;
#3343 = PERSON_AND_ORGANIZATION ( #943, #1417 ) ;
#3344 = CARTESIAN_POINT ( 'NONE',  ( -16.11993979477588800, 5.866689918515105800, 4.000000000000000900 ) ) ;
#3345 = ORIENTED_EDGE ( 'NONE', *, *, #2133, .T. ) ;
#3346 = CARTESIAN_POINT ( 'NONE',  ( -0.9999999999999401600, 5.000000000000000000, -17.17090562550502500 ) ) ;
#3347 = CARTESIAN_POINT ( 'NONE',  ( -16.25290769462751300, 3.259460882904473800, -5.499572003493431900 ) ) ;
#3348 = ORIENTED_EDGE ( 'NONE', *, *, #198, .T. ) ;
#3349 = CARTESIAN_POINT ( 'NONE',  ( 16.36120402991217300, 4.681035215468330800, 4.064042903292861600 ) ) ;
#3350 = EDGE_CURVE ( 'NONE', #2045, #3651, #3608, .T. ) ;
#3351 = CARTESIAN_POINT ( 'NONE',  ( -16.76142793844528000, 5.000000000000000000, 1.000000000000000000 ) ) ;
#3352 = ORIENTED_EDGE ( 'NONE', *, *, #846, .F. ) ;
#3353 = CIRCLE ( 'NONE', #1983, 2.000000000000000000 ) ;
#3354 = CARTESIAN_POINT ( 'NONE',  ( 4.000000000000000000, 7.200000000000000200, 15.83054006020342900 ) ) ;
#3355 = AXIS2_PLACEMENT_3D ( 'NONE', #3722, #3447, #2831 ) ;
#3356 = CARTESIAN_POINT ( 'NONE',  ( 16.68512366752375800, 5.199999999998976100, 4.000000000000000900 ) ) ;
#3357 = EDGE_LOOP ( 'NONE', ( #2431, #1168, #1916, #35 ) ) ;
#3358 = EDGE_CURVE ( 'NONE', #121, #1637, #270, .T. ) ;
#3359 = CARTESIAN_POINT ( 'NONE',  ( -4.103044476069166900, 4.552706130602693700, 16.37937205421195600 ) ) ;
#3360 = LINE ( 'NONE', #731, #3498 ) ;
#3361 = ADVANCED_FACE ( 'NONE', ( #1996 ), #3533, .F. ) ;
#3362 = CARTESIAN_POINT ( 'NONE',  ( 0.0000000000000000000, 1.117595807580062900, -17.60858008600529700 ) ) ;
#3363 = ORIENTED_EDGE ( 'NONE', *, *, #1059, .F. ) ;
#3364 = CARTESIAN_POINT ( 'NONE',  ( 4.211899344301270000, 8.105694203540775100, -16.00122729651928900 ) ) ;
#3365 = VECTOR ( 'NONE', #2757, 1000.000000000000000 ) ;
#3366 = CARTESIAN_POINT ( 'NONE',  ( -6.999999999999999100, 4.943557704016122900, 17.89821328499362400 ) ) ;
#3367 = VERTEX_POINT ( 'NONE', #2596 ) ;
#3368 = B_SPLINE_CURVE_WITH_KNOTS ( 'NONE', 3,
 ( #2126, #887, #1510, #865, #1459, #293, #3351 ),
 .UNSPECIFIED., .F., .F.,
 ( 4, 3, 4 ),
 ( 0.02692275975881077900, 0.02726434801377300100, 0.02896675891110505500 ),
 .UNSPECIFIED. ) ;
#3369 = CARTESIAN_POINT ( 'NONE',  ( -6.999999999999999100, 3.551744835251632500, 17.46612288346784700 ) ) ;
#3370 = LINE ( 'NONE', #375, #1958 ) ;
#3371 = ORIENTED_EDGE ( 'NONE', *, *, #1807, .T. ) ;
#3372 = CARTESIAN_POINT ( 'NONE',  ( -16.69775595331738700, 3.199999999999999700, -6.000000000000000000 ) ) ;
#3373 = CIRCLE ( 'NONE', #1376, 16.13372455056002900 ) ;
#3374 = EDGE_LOOP ( 'NONE', ( #3890, #3269, #3802, #939 ) ) ;
#3375 = CARTESIAN_POINT ( 'NONE',  ( 16.33960731324720000, 7.000000000000000000, -1.000000000000000000 ) ) ;
#3376 = VECTOR ( 'NONE', #974, 1000.000000000000000 ) ;
#3377 = DATE_TIME_ROLE ( 'classification_date' ) ;
#3378 = ORIENTED_EDGE ( 'NONE', *, *, #175, .F. ) ;
#3379 = CARTESIAN_POINT ( 'NONE',  ( 9.000000000000000000, 5.508698617047243400, 17.05341003424231200 ) ) ;
#3380 = DIRECTION ( 'NONE',  ( 1.000000000000000000, -0.0000000000000000000, -0.0000000000000000000 ) ) ;
#3381 = VERTEX_POINT ( 'NONE', #502 ) ;
#3382 = DIRECTION ( 'NONE',  ( 0.0000000000000000000, -1.000000000000000000, 0.0000000000000000000 ) ) ;
#3383 = EDGE_CURVE ( 'NONE', #1869, #633, #345, .T. ) ;
#3384 = CARTESIAN_POINT ( 'NONE',  ( 16.39990310391682400, 3.597310851107299100, 4.796361835374610500 ) ) ;
#3385 = DIRECTION ( 'NONE',  ( 0.0000000000000000000, 0.2063564246127676000, 0.9784768908978051000 ) ) ;
#3386 = ADVANCED_FACE ( 'NONE', ( #1300, #1430 ), #3562, .T. ) ;
#3387 = AXIS2_PLACEMENT_3D ( 'NONE', #326, #637, #66 ) ;
#3388 = CARTESIAN_POINT ( 'NONE',  ( -14.73205100839540200, 9.199999999999997500, -6.000000000000000000 ) ) ;
#3389 = ORIENTED_EDGE ( 'NONE', *, *, #1018, .T. ) ;
#3390 = CARTESIAN_POINT ( 'NONE',  ( 0.0000000000000000000, 16.69999999999999900, 0.0000000000000000000 ) ) ;
#3391 = AXIS2_PLACEMENT_3D ( 'NONE', #210, #1438, #3587 ) ;
#3392 = DIRECTION ( 'NONE',  ( 0.0000000000000000000, 1.000000000000000000, 0.0000000000000000000 ) ) ;
#3393 = CARTESIAN_POINT ( 'NONE',  ( 17.11780916419263600, 5.200000000000000200, 4.000000000000000900 ) ) ;
#3394 = DIRECTION ( 'NONE',  ( -0.0000000000000000000, 0.2063564246127676000, 0.9784768908978051000 ) ) ;
#3395 = DIRECTION ( 'NONE',  ( -0.0000000000000000000, -1.000000000000000000, -0.0000000000000000000 ) ) ;
#3396 = ORIENTED_EDGE ( 'NONE', *, *, #3618, .F. ) ;
#3397 = CARTESIAN_POINT ( 'NONE',  ( 16.69775595331738700, 5.200000000000000200, -4.000000000000000900 ) ) ;
#3398 = EDGE_CURVE ( 'NONE', #2518, #3053, #1187, .T. ) ;
#3399 = ADVANCED_FACE ( 'NONE', ( #3062 ), #1584, .F. ) ;
#3400 = VERTEX_POINT ( 'NONE', #1068 ) ;
#3401 = DIRECTION ( 'NONE',  ( 0.0000000000000000000, 0.0000000000000000000, 1.000000000000000000 ) ) ;
#3402 = VERTEX_POINT ( 'NONE', #1387 ) ;
#3403 = CARTESIAN_POINT ( 'NONE',  ( -4.000000000000000000, 7.199999999999999300, -16.25182708671581000 ) ) ;
#3404 = EDGE_CURVE ( 'NONE', #1475, #1690, #1345, .T. ) ;
#3405 = CIRCLE ( 'NONE', #2340, 17.19999999999999900 ) ;
#3406 = CARTESIAN_POINT ( 'NONE',  ( 0.0000000000000000000, 14.69999999999999900, -9.000000000000000000 ) ) ;
#3407 = VERTEX_POINT ( 'NONE', #1700 ) ;
#3408 = B_SPLINE_CURVE_WITH_KNOTS ( 'NONE', 3,
 ( #3147, #80, #2807, #996, #2228, #94, #1327, #3121, #390, #2509, #1312, #2847, #3450, #1616, #3463, #3755 ),
 .UNSPECIFIED., .F., .F.,
 ( 4, 2, 2, 2, 2, 2, 2, 4 ),
 ( 1.777266319962197400E-016, 0.0003970639118136441900, 0.0007941278236271106800, 0.001191191735440577200, 0.001588255647254043800, 0.002382383470880973200, 0.002779447382694436500, 0.003176511294507899800 ),
 .UNSPECIFIED. ) ;
#3409 = CARTESIAN_POINT ( 'NONE',  ( -15.44657083629324000, 8.438268504456782900, -4.423946879448327400 ) ) ;
#3410 = ORIENTED_EDGE ( 'NONE', *, *, #1669, .T. ) ;
#3411 = FACE_OUTER_BOUND ( 'NONE', #188, .T. ) ;
#3412 = AXIS2_PLACEMENT_3D ( 'NONE', #77, #3761, #2234 ) ;
#3413 = ORIENTED_EDGE ( 'NONE', *, *, #3727, .F. ) ;
#3414 = PERSON_AND_ORGANIZATION_ROLE ( 'classification_officer' ) ;
#3415 = EDGE_CURVE ( 'NONE', #1968, #1730, #641, .T. ) ;
#3416 = CARTESIAN_POINT ( 'NONE',  ( 15.69759410222484600, 7.732417210040848600, 4.067548782315941300 ) ) ;
#3417 = FACE_BOUND ( 'NONE', #507, .T. ) ;
#3418 = CARTESIAN_POINT ( 'NONE',  ( 16.81254609045453900, 6.699267237043145900, -1.000000000000000000 ) ) ;
#3419 = ORIENTED_EDGE ( 'NONE', *, *, #138, .T. ) ;
#3420 = DIRECTION ( 'NONE',  ( 0.0000000000000000000, 0.0000000000000000000, 1.000000000000000000 ) ) ;
#3421 = CYLINDRICAL_SURFACE ( 'NONE', #154, 1.227307901828121200 ) ;
#3422 = VERTEX_POINT ( 'NONE', #1402 ) ;
#3423 = CARTESIAN_POINT ( 'NONE',  ( -15.58342489097326600, 8.944467643188435300, -5.013385626941682100 ) ) ;
#3424 = CIRCLE ( 'NONE', #1041, 16.79123183496952300 ) ;
#3425 = DIRECTION ( 'NONE',  ( 0.0000000000000000000, 0.0000000000000000000, -1.000000000000000000 ) ) ;
#3426 = ORIENTED_EDGE ( 'NONE', *, *, #1704, .F. ) ;
#3427 = ADVANCED_FACE ( 'NONE', ( #3690 ), #3834, .F. ) ;
#3428 = ORIENTED_EDGE ( 'NONE', *, *, #3148, .T. ) ;
#3429 = ORIENTED_EDGE ( 'NONE', *, *, #3188, .F. ) ;
#3430 = FACE_BOUND ( 'NONE', #3748, .T. ) ;
#3431 = CARTESIAN_POINT ( 'NONE',  ( 15.39959997374630000, 8.539959419325061400, 4.509573544530426600 ) ) ;
#3432 = DIRECTION ( 'NONE',  ( 0.0000000000000000000, 0.0000000000000000000, 1.000000000000000000 ) ) ;
#3433 = CARTESIAN_POINT ( 'NONE',  ( 16.93200347631845300, 6.132845712036970400, -1.000000000000000000 ) ) ;
#3434 = DIRECTION ( 'NONE',  ( -3.491481338843133700E-015, 0.0000000000000000000, 1.000000000000000000 ) ) ;
#3435 = EDGE_CURVE ( 'NONE', #3880, #3407, #538, .T. ) ;
#3436 = DIRECTION ( 'NONE',  ( -0.0000000000000000000, -0.2063564246127676000, -0.9784768908978052100 ) ) ;
#3437 = AXIS2_PLACEMENT_3D ( 'NONE', #2179, #362, #944 ) ;
#3438 = B_SPLINE_CURVE_WITH_KNOTS ( 'NONE', 3,
 ( #360, #3680, #53, #2466 ),
 .UNSPECIFIED., .F., .F.,
 ( 4, 4 ),
 ( 0.02750104792802424100, 0.02954743837477220200 ),
 .UNSPECIFIED. ) ;
#3439 = CARTESIAN_POINT ( 'NONE',  ( 4.012778861512739300, 4.938895689117591900, 16.73859870148045200 ) ) ;
#3440 = EDGE_CURVE ( 'NONE', #3112, #3254, #442, .T. ) ;
#3441 = APPROVAL_DATE_TIME ( #2700, #3017 ) ;
#3442 = CARTESIAN_POINT ( 'NONE',  ( 4.063588163106597800, 4.682913400430012800, -16.78178975796911100 ) ) ;
#3443 = PERSON_AND_ORGANIZATION ( #943, #1417 ) ;
#3444 = PLANE ( 'NONE',  #2010 ) ;
#3445 = ORIENTED_EDGE ( 'NONE', *, *, #179, .F. ) ;
#3446 = PLANE ( 'NONE',  #3785 ) ;
#3447 = DIRECTION ( 'NONE',  ( -1.000000000000000000, 0.0000000000000000000, -0.0000000000000000000 ) ) ;
#3448 = CARTESIAN_POINT ( 'NONE',  ( -15.65871114893573300, 7.862661683964661000, 4.108301065455241200 ) ) ;
#3449 = ORIENTED_EDGE ( 'NONE', *, *, #1424, .F. ) ;
#3450 = CARTESIAN_POINT ( 'NONE',  ( 16.68446635556104600, 3.259979936477635800, 5.497385183666470000 ) ) ;
#3451 = ORIENTED_EDGE ( 'NONE', *, *, #3440, .F. ) ;
#3452 = FACE_OUTER_BOUND ( 'NONE', #1409, .T. ) ;
#3453 = EDGE_CURVE ( 'NONE', #3710, #3250, #2662, .T. ) ;
#3454 = CARTESIAN_POINT ( 'NONE',  ( 0.0000000000000000000, 16.69999999999999900, 0.0000000000000000000 ) ) ;
#3455 = ORIENTED_EDGE ( 'NONE', *, *, #209, .F. ) ;
#3456 = CARTESIAN_POINT ( 'NONE',  ( 4.691185250709332300, 3.681932639854844000, -16.41165826525141500 ) ) ;
#3457 = CIRCLE ( 'NONE', #1210, 1.227307901828121200 ) ;
#3458 = ORIENTED_EDGE ( 'NONE', *, *, #1442, .F. ) ;
#3459 = DIRECTION ( 'NONE',  ( 0.0000000000000000000, -0.9784768908978054300, 0.2063564246127660400 ) ) ;
#3460 = AXIS2_PLACEMENT_3D ( 'NONE', #247, #3578, #2354 ) ;
#3461 = LINE ( 'NONE', #3362, #2869 ) ;
#3462 = EDGE_LOOP ( 'NONE', ( #1202, #3429, #3352, #2439 ) ) ;
#3463 = CARTESIAN_POINT ( 'NONE',  ( 16.56908527549592900, 3.199999999999998400, 5.873908345954970600 ) ) ;
#3464 = AXIS2_PLACEMENT_3D ( 'NONE', #477, #2288, #1682 ) ;
#3465 = VECTOR ( 'NONE', #1000, 1000.000000000000000 ) ;
#3466 = ORIENTED_EDGE ( 'NONE', *, *, #537, .F. ) ;
#3467 = DIRECTION ( 'NONE',  ( 0.0000000000000000000, 0.0000000000000000000, -1.000000000000000000 ) ) ;
#3468 = FACE_OUTER_BOUND ( 'NONE', #1298, .T. ) ;
#3469 = FACE_BOUND ( 'NONE', #966, .T. ) ;
#3470 = CARTESIAN_POINT ( 'NONE',  ( 16.76142793844528000, 5.000000000000000000, 1.000000000000000000 ) ) ;
#3471 = ORIENTED_EDGE ( 'NONE', *, *, #2261, .T. ) ;
#3472 = CARTESIAN_POINT ( 'NONE',  ( 5.740742457680957100, 9.200000000000002800, -14.83764019302610000 ) ) ;
#3473 = CARTESIAN_POINT ( 'NONE',  ( 6.999999999999999100, 7.345342543926300000, 17.39168754395312200 ) ) ;
#3474 = ADVANCED_FACE ( 'NONE', ( #3632 ), #1816, .T. ) ;
#3475 = CARTESIAN_POINT ( 'NONE',  ( 5.010104502954029600, 3.442842660839565000, -16.79833180250599500 ) ) ;
#3476 = CARTESIAN_POINT ( 'NONE',  ( 0.0000000000000000000, 14.69999999999999900, 0.0000000000000000000 ) ) ;
#3477 = EDGE_CURVE ( 'NONE', #2107, #3170, #3262, .T. ) ;
#3478 = CARTESIAN_POINT ( 'NONE',  ( 14.83775531609702700, 9.199999999999999300, -5.740459791188770900 ) ) ;
#3479 = DESIGN_CONTEXT ( 'detailed design', #1765, 'design' ) ;
#3480 = CARTESIAN_POINT ( 'NONE',  ( 5.484053137301940800, 9.149169738605040800, -14.94542278342337800 ) ) ;
#3481 = AXIS2_PLACEMENT_3D ( 'NONE', #2921, #3223, #182 ) ;
#3482 = LINE ( 'NONE', #1496, #2754 ) ;
#3483 = EDGE_CURVE ( 'NONE', #2870, #343, #3353, .T. ) ;
#3484 = AXIS2_PLACEMENT_3D ( 'NONE', #1237, #1514, #30 ) ;
#3485 = CARTESIAN_POINT ( 'NONE',  ( 3.999999999999999100, 5.068860000595626600, -16.71351436990253300 ) ) ;
#3486 = ORIENTED_EDGE ( 'NONE', *, *, #3948, .T. ) ;
#3487 = CARTESIAN_POINT ( 'NONE',  ( 16.38660501512379100, 6.777176926155124000, 1.000000000000000000 ) ) ;
#3488 = CARTESIAN_POINT ( 'NONE',  ( 15.83054006020342900, 7.199999999999995700, -4.000000000000000000 ) ) ;
#3489 = EDGE_LOOP ( 'NONE', ( #2877, #3129, #1813, #2623 ) ) ;
#3490 = CARTESIAN_POINT ( 'NONE',  ( -4.063588163106597800, 4.682913400430012800, 16.78178975796911100 ) ) ;
#3491 = ADVANCED_FACE ( 'NONE', ( #1258 ), #296, .T. ) ;
#3492 = EDGE_LOOP ( 'NONE', ( #1725, #3941, #2579, #147 ) ) ;
#3493 = CARTESIAN_POINT ( 'NONE',  ( 0.0000000000000000000, 0.0000000000000000000, 0.0000000000000000000 ) ) ;
#3494 = VECTOR ( 'NONE', #3275, 1000.000000000000000 ) ;
#3495 = ORIENTED_EDGE ( 'NONE', *, *, #3545, .T. ) ;
#3496 = ADVANCED_FACE ( 'NONE', ( #3452 ), #2987, .F. ) ;
#3497 = EDGE_CURVE ( 'NONE', #1730, #552, #2499, .T. ) ;
#3498 = VECTOR ( 'NONE', #440, 1000.000000000000000 ) ;
#3499 = DIRECTION ( 'NONE',  ( 0.0000000000000000000, -0.9784768908978054300, 0.2063564246127662900 ) ) ;
#3500 = CARTESIAN_POINT ( 'NONE',  ( -4.068289229027520500, 7.735164605607645100, 16.11872995774072200 ) ) ;
#3501 = EDGE_LOOP ( 'NONE', ( #202, #82, #2037, #2018 ) ) ;
#3502 = CARTESIAN_POINT ( 'NONE',  ( -4.000000000000000000, 6.533357411388662300, -15.97529675982405800 ) ) ;
#3503 = ORIENTED_EDGE ( 'NONE', *, *, #1932, .F. ) ;
#3504 = DIRECTION ( 'NONE',  ( 0.0000000000000000000, -0.9784768908978054300, 0.2063564246127662900 ) ) ;
#3505 = FACE_BOUND ( 'NONE', #238, .T. ) ;
#3506 = AXIS2_PLACEMENT_3D ( 'NONE', #2249, #1323, #2883 ) ;
#3507 = DIRECTION ( 'NONE',  ( 1.000000000000000000, -0.0000000000000000000, 1.224646799147353200E-016 ) ) ;
#3508 = ORIENTED_EDGE ( 'NONE', *, *, #3735, .T. ) ;
#3509 = AXIS2_PLACEMENT_3D ( 'NONE', #2905, #505, #803 ) ;
#3510 = CARTESIAN_POINT ( 'NONE',  ( 16.83648183611156000, 3.682872291618626700, -4.690103520863410800 ) ) ;
#3511 = LINE ( 'NONE', #3282, #2586 ) ;
#3512 = ORIENTED_EDGE ( 'NONE', *, *, #3069, .T. ) ;
#3513 = CIRCLE ( 'NONE', #2332, 17.67544236128531000 ) ;
#3514 = CARTESIAN_POINT ( 'NONE',  ( 6.999999999999999100, 6.144450123971211900, 17.64495041447337100 ) ) ;
#3515 = VERTEX_POINT ( 'NONE', #3907 ) ;
#3516 = FACE_OUTER_BOUND ( 'NONE', #3274, .T. ) ;
#3517 = VERTEX_POINT ( 'NONE', #2056 ) ;
#3518 = LINE ( 'NONE', #2023, #2684 ) ;
#3519 = CARTESIAN_POINT ( 'NONE',  ( 2.724621082766897200E-015, 9.199999999999999300, 0.0000000000000000000 ) ) ;
#3520 = DIRECTION ( 'NONE',  ( 0.0000000000000000000, 0.0000000000000000000, -1.000000000000000000 ) ) ;
#3521 = EDGE_CURVE ( 'NONE', #1908, #653, #1486, .T. ) ;
#3522 = DIRECTION ( 'NONE',  ( -1.224646799147353000E-016, 0.0000000000000000000, 1.000000000000000000 ) ) ;
#3523 = CARTESIAN_POINT ( 'NONE',  ( -4.013916625854580600, 7.470755655932505200, 15.76824308627206300 ) ) ;
#3524 = APPROVAL_PERSON_ORGANIZATION ( #3861, #3017, #3106 ) ;
#3525 = EDGE_CURVE ( 'NONE', #2725, #3733, #88, .T. ) ;
#3526 = CARTESIAN_POINT ( 'NONE',  ( 2.056332832043656500E-015, 5.000000000000000000, 16.79123183496952300 ) ) ;
#3527 = CARTESIAN_POINT ( 'NONE',  ( -3.999999999999999100, 5.068860000595626600, 16.71351436990253300 ) ) ;
#3528 = CARTESIAN_POINT ( 'NONE',  ( 16.61037630902920600, 3.211815022043559500, -5.748415452985937300 ) ) ;
#3529 = VERTEX_POINT ( 'NONE', #3356 ) ;
#3530 = ORIENTED_EDGE ( 'NONE', *, *, #2004, .T. ) ;
#3531 = DIRECTION ( 'NONE',  ( 0.0000000000000000000, 0.0000000000000000000, 1.000000000000000000 ) ) ;
#3532 = ORIENTED_EDGE ( 'NONE', *, *, #2824, .T. ) ;
#3533 = PLANE ( 'NONE',  #1005 ) ;
#3534 = CARTESIAN_POINT ( 'NONE',  ( 0.9999999999999430500, 6.888588482176888100, 16.36310625473751300 ) ) ;
#3535 = CONICAL_SURFACE ( 'NONE', #1267, 14.25654066465862400, 0.7853981633974482800 ) ;
#3536 = CARTESIAN_POINT ( 'NONE',  ( -15.83054006020342900, 7.200000000000004600, -4.000000000000000000 ) ) ;
#3537 = ORIENTED_EDGE ( 'NONE', *, *, #2355, .F. ) ;
#3538 = ORIENTED_EDGE ( 'NONE', *, *, #2267, .T. ) ;
#3539 = CARTESIAN_POINT ( 'NONE',  ( 16.82550468587195500, 3.598207155511588400, -4.795166056688049800 ) ) ;
#3540 = CONICAL_SURFACE ( 'NONE', #3667, 14.25654066465862400, 0.7853981633974482800 ) ;
#3541 = ORIENTED_EDGE ( 'NONE', *, *, #3884, .T. ) ;
#3542 = DIRECTION ( 'NONE',  ( -1.000000000000000000, -2.181078961694837200E-016, 0.0000000000000000000 ) ) ;
#3543 = CIRCLE ( 'NONE', #2290, 14.25654066465862400 ) ;
#3544 = ORIENTED_EDGE ( 'NONE', *, *, #997, .F. ) ;
#3545 = EDGE_CURVE ( 'NONE', #3776, #1959, #3896, .T. ) ;
#3546 = CARTESIAN_POINT ( 'NONE',  ( 2.418677428316022700E-015, -1.400000000000000100, -19.75000000000000000 ) ) ;
#3547 = ORIENTED_EDGE ( 'NONE', *, *, #810, .F. ) ;
#3548 = VECTOR ( 'NONE', #2775, 1000.000000000000000 ) ;
#3549 = ORIENTED_EDGE ( 'NONE', *, *, #3912, .F. ) ;
#3550 = CARTESIAN_POINT ( 'NONE',  ( -1.745922689188826400E-015, 0.8000000000000012700, 14.25654066465862400 ) ) ;
#3551 = CARTESIAN_POINT ( 'NONE',  ( 1.102182119232617700E-015, 14.69999999999999900, 9.000000000000000000 ) ) ;
#3552 = VERTEX_POINT ( 'NONE', #2 ) ;
#3553 = AXIS2_PLACEMENT_3D ( 'NONE', #3565, #1732, #1454 ) ;
#3554 = EDGE_LOOP ( 'NONE', ( #1718, #2705 ) ) ;
#3555 = FACE_OUTER_BOUND ( 'NONE', #2484, .T. ) ;
#3556 = EDGE_CURVE ( 'NONE', #2541, #2203, #892, .T. ) ;
#3557 = DIRECTION ( 'NONE',  ( -0.0000000000000000000, 1.000000000000000000, -0.0000000000000000000 ) ) ;
#3558 = EDGE_LOOP ( 'NONE', ( #1582, #3486, #1146, #3396, #736, #1627 ) ) ;
#3559 = CARTESIAN_POINT ( 'NONE',  ( -3.999999999999999100, 5.068768989398226000, -16.29292871390040500 ) ) ;
#3560 = B_SPLINE_CURVE_WITH_KNOTS ( 'NONE', 3,
 ( #1821, #622, #2427, #1234, #1174, #3609, #1794, #2078, #593, #2691, #3672, #1836, #156, #1392 ),
 .UNSPECIFIED., .F., .F.,
 ( 4, 2, 2, 2, 2, 2, 4 ),
 ( 8.673617379884035500E-019, 0.0004134101570229420800, 0.0008268203140458832900, 0.001240230471068824500, 0.001653640628091765700, 0.002480460942137640800, 0.003307281256183515800 ),
 .UNSPECIFIED. ) ;
#3561 = CARTESIAN_POINT ( 'NONE',  ( 15.17250757619137300, 9.199999999999995700, -6.000000000000000000 ) ) ;
#3562 = PLANE ( 'NONE',  #3096 ) ;
#3563 = CARTESIAN_POINT ( 'NONE',  ( -4.000000000000000000, 5.200000000000000200, -16.69775595331738700 ) ) ;
#3564 = CARTESIAN_POINT ( 'NONE',  ( 0.0000000000000000000, 5.997937062496145400, 16.95023182193593000 ) ) ;
#3565 = CARTESIAN_POINT ( 'NONE',  ( -6.999999999999999100, 6.592417284497559900, 17.34607682398742400 ) ) ;
#3566 = DIRECTION ( 'NONE',  ( -1.000000000000000000, 0.0000000000000000000, -0.0000000000000000000 ) ) ;
#3567 = EDGE_CURVE ( 'NONE', #1393, #3794, #256, .T. ) ;
#3568 = VECTOR ( 'NONE', #1405, 1000.000000000000000 ) ;
#3569 = CARTESIAN_POINT ( 'NONE',  ( 4.107549681266716500, 7.860509066871858700, 16.08161162168676800 ) ) ;
#3570 = AXIS2_PLACEMENT_3D ( 'NONE', #3243, #1389, #1373 ) ;
#3571 = CARTESIAN_POINT ( 'NONE',  ( -16.26447788644217200, 5.199999999999998400, 4.000000000000000900 ) ) ;
#3572 = AXIS2_PLACEMENT_3D ( 'NONE', #3390, #599, #1567 ) ;
#3573 = DIRECTION ( 'NONE',  ( -1.000000000000000000, 0.0000000000000000000, 0.0000000000000000000 ) ) ;
#3574 = ORIENTED_EDGE ( 'NONE', *, *, #2414, .F. ) ;
#3575 = CARTESIAN_POINT ( 'NONE',  ( 0.0000000000000000000, 5.000000000000000000, 0.0000000000000000000 ) ) ;
#3576 = CARTESIAN_POINT ( 'NONE',  ( -16.08772991682003100, 3.199999999999999700, -6.000000000000001800 ) ) ;
#3577 = ORIENTED_EDGE ( 'NONE', *, *, #1137, .F. ) ;
#3578 = DIRECTION ( 'NONE',  ( 0.0000000000000000000, 0.2063564246127676200, 0.9784768908978052100 ) ) ;
#3579 = ORIENTED_EDGE ( 'NONE', *, *, #2990, .T. ) ;
#3580 = EDGE_LOOP ( 'NONE', ( #2325, #107, #2230, #818 ) ) ;
#3581 = CYLINDRICAL_SURFACE ( 'NONE', #2066, 2.000000000000000400 ) ;
#3582 = ORIENTED_EDGE ( 'NONE', *, *, #357, .T. ) ;
#3583 = DIRECTION ( 'NONE',  ( -0.0000000000000000000, 0.2063564246127676000, 0.9784768908978051000 ) ) ;
#3584 = DIRECTION ( 'NONE',  ( 0.0000000000000000000, -1.445602896647340400E-016, -1.000000000000000000 ) ) ;
#3585 = DIRECTION ( 'NONE',  ( 0.0000000000000000000, 0.0000000000000000000, 1.000000000000000000 ) ) ;
#3586 = ORIENTED_EDGE ( 'NONE', *, *, #134, .T. ) ;
#3587 = DIRECTION ( 'NONE',  ( 0.0000000000000000000, -0.9784768908978052100, 0.2063564246127672100 ) ) ;
#3588 = EDGE_CURVE ( 'NONE', #3098, #3207, #2703, .T. ) ;
#3589 = VECTOR ( 'NONE', #1331, 1000.000000000000000 ) ;
#3590 = DIRECTION ( 'NONE',  ( 0.0000000000000000000, 0.0000000000000000000, 1.000000000000000000 ) ) ;
#3591 = CARTESIAN_POINT ( 'NONE',  ( 0.0000000000000000000, 1.200000000000000000, 0.0000000000000000000 ) ) ;
#3592 = ORIENTED_EDGE ( 'NONE', *, *, #907, .F. ) ;
#3593 = DIRECTION ( 'NONE',  ( 0.0000000000000000000, -0.9785497849867490500, -0.2060104810498417400 ) ) ;
#3594 = LINE ( 'NONE', #906, #885 ) ;
#3595 = VERTEX_POINT ( 'NONE', #3375 ) ;
#3596 = FACE_OUTER_BOUND ( 'NONE', #3462, .T. ) ;
#3597 = VERTEX_POINT ( 'NONE', #638 ) ;
#3598 = EDGE_CURVE ( 'NONE', #1539, #2045, #3167, .T. ) ;
#3599 = CARTESIAN_POINT ( 'NONE',  ( 0.0000000000000000000, 0.8000000000000012700, -14.25654066465862400 ) ) ;
#3600 = VERTEX_POINT ( 'NONE', #2753 ) ;
#3601 = CARTESIAN_POINT ( 'NONE',  ( -16.37112251696215300, 3.442129830035711700, 5.011409825015271700 ) ) ;
#3602 = VECTOR ( 'NONE', #1394, 1000.000000000000000 ) ;
#3603 = PERSON_AND_ORGANIZATION_ROLE ( 'design_owner' ) ;
#3604 = CARTESIAN_POINT ( 'NONE',  ( 0.0000000000000000000, 10.30000000000000100, 0.0000000000000000000 ) ) ;
#3605 = AXIS2_PLACEMENT_3D ( 'NONE', #3519, #1055, #1680 ) ;
#3606 = EDGE_CURVE ( 'NONE', #3170, #3696, #349, .T. ) ;
#3607 = CARTESIAN_POINT ( 'NONE',  ( 15.73109448758960800, 8.721458675129035500, 4.695304088946307400 ) ) ;
#3608 = B_SPLINE_CURVE_WITH_KNOTS ( 'NONE', 3,
 ( #122, #1032, #3781, #1038, #3799, #2917, #475, #3853, #526, #1371, #3862, #1420, #1106, #1988, #1724, #2311 ),
 .UNSPECIFIED., .F., .F.,
 ( 4, 2, 2, 2, 2, 2, 2, 4 ),
 ( 0.0000000000000000000, 0.0008288185584019049500, 0.001243227837602857500, 0.001657637116803809900, 0.002072046396004762500, 0.002486455675205715000, 0.002900864954406668700, 0.003315274233607622800 ),
 .UNSPECIFIED. ) ;
#3609 = CARTESIAN_POINT ( 'NONE',  ( -16.00149071079919600, 8.104955347710209400, 4.211510062945744300 ) ) ;
#3610 = DIRECTION ( 'NONE',  ( 0.0000000000000000000, -1.000000000000000000, 0.0000000000000000000 ) ) ;
#3611 = PERSON_AND_ORGANIZATION_ROLE ( 'creator' ) ;
#3612 = DIRECTION ( 'NONE',  ( -0.0000000000000000000, -0.2063564246127675700, -0.9784768908978051000 ) ) ;
#3613 = DIRECTION ( 'NONE',  ( -0.0000000000000000000, 0.9784768908978053200, -0.2063564246127664300 ) ) ;
#3614 = DIRECTION ( 'NONE',  ( 0.0000000000000000000, -0.0000000000000000000, 1.000000000000000000 ) ) ;
#3615 = CARTESIAN_POINT ( 'NONE',  ( 16.36547648169988300, 3.453269081513815800, 5.017000285999228200 ) ) ;
#3616 = CIRCLE ( 'NONE', #824, 16.79123183496952300 ) ;
#3617 = CARTESIAN_POINT ( 'NONE',  ( 5.498452654974609100, 3.259720385223076700, 16.25323233490516400 ) ) ;
#3618 = EDGE_CURVE ( 'NONE', #2636, #3517, #196, .T. ) ;
#3619 = EDGE_LOOP ( 'NONE', ( #3947, #1252, #3743, #3819 ) ) ;
#3620 = DIRECTION ( 'NONE',  ( 0.0000000000000000000, -1.000000000000000000, 0.0000000000000000000 ) ) ;
#3621 = CARTESIAN_POINT ( 'NONE',  ( 1.000000000000057300, 6.777176926155123100, -16.38660501512378800 ) ) ;
#3622 = VERTEX_POINT ( 'NONE', #917 ) ;
#3623 = AXIS2_PLACEMENT_3D ( 'NONE', #3934, #275, #1161 ) ;
#3624 = DIRECTION ( 'NONE',  ( 0.0000000000000000000, 1.000000000000000000, 0.0000000000000000000 ) ) ;
#3625 =( NAMED_UNIT ( * ) PLANE_ANGLE_UNIT ( ) SI_UNIT ( $, .RADIAN. ) );
#3626 = EDGE_CURVE ( 'NONE', #2016, #613, #1407, .T. ) ;
#3627 = CARTESIAN_POINT ( 'NONE',  ( 12.00000000000000000, 5.200000000000000200, -6.000000000000000000 ) ) ;
#3628 = ADVANCED_FACE ( 'NONE', ( #1272 ), #3951, .T. ) ;
#3629 = DIRECTION ( 'NONE',  ( 0.0000000000000000000, -1.000000000000000000, 0.0000000000000000000 ) ) ;
#3630 = VERTEX_POINT ( 'NONE', #2108 ) ;
#3631 = CARTESIAN_POINT ( 'NONE',  ( 4.695304088946307400, 8.721458675129039100, -15.73109448758960100 ) ) ;
#3632 = FACE_OUTER_BOUND ( 'NONE', #3489, .T. ) ;
#3633 = AXIS2_PLACEMENT_3D ( 'NONE', #1462, #871, #3918 ) ;
#3634 = DIRECTION ( 'NONE',  ( 0.0000000000000000000, 0.2063564246127676000, 0.9784768908978051000 ) ) ;
#3635 = ORIENTED_EDGE ( 'NONE', *, *, #334, .T. ) ;
#3636 = CARTESIAN_POINT ( 'NONE',  ( 6.999999999999999100, 6.592417284497559900, 17.34607682398742400 ) ) ;
#3637 = ORIENTED_EDGE ( 'NONE', *, *, #2537, .F. ) ;
#3638 = FACE_OUTER_BOUND ( 'NONE', #2658, .T. ) ;
#3639 = DIRECTION ( 'NONE',  ( 0.0000000000000000000, 0.0000000000000000000, 1.000000000000000000 ) ) ;
#3640 = ORIENTED_EDGE ( 'NONE', *, *, #3778, .T. ) ;
#3641 = PLANE ( 'NONE',  #1979 ) ;
#3642 = SPHERICAL_SURFACE ( 'NONE', #955, 20.16179316048376400 ) ;
#3643 = CARTESIAN_POINT ( 'NONE',  ( -6.999999999999999100, 8.444129289740658400, 16.43434076040400900 ) ) ;
#3644 = ORIENTED_EDGE ( 'NONE', *, *, #2075, .F. ) ;
#3645 = CARTESIAN_POINT ( 'NONE',  ( 0.0000000000000000000, 5.000000000000000000, 0.0000000000000000000 ) ) ;
#3646 = CARTESIAN_POINT ( 'NONE',  ( 4.000000000000000000, 3.199999999999999700, -19.99999999999999600 ) ) ;
#3647 = EDGE_LOOP ( 'NONE', ( #2093, #3833, #3309, #2901 ) ) ;
#3648 = TOROIDAL_SURFACE ( 'NONE', #1093, 16.25654066465862300, 1.999999999999998200 ) ;
#3649 = DIRECTION ( 'NONE',  ( 0.0000000000000000000, -1.000000000000000000, -1.445602896647339200E-016 ) ) ;
#3650 = ORIENTED_EDGE ( 'NONE', *, *, #671, .F. ) ;
#3651 = VERTEX_POINT ( 'NONE', #2071 ) ;
#3652 = CARTESIAN_POINT ( 'NONE',  ( -16.42998294812605000, 3.960556582082705600, -4.408183978791205600 ) ) ;
#3653 = EDGE_CURVE ( 'NONE', #2590, #1207, #78, .T. ) ;
#3654 = EDGE_LOOP ( 'NONE', ( #3025, #14, #1338, #158 ) ) ;
#3655 = EDGE_LOOP ( 'NONE', ( #3582, #1089, #2965, #1998 ) ) ;
#3656 = CARTESIAN_POINT ( 'NONE',  ( 16.26447788644215800, 5.200000000000051700, 4.000000000000000900 ) ) ;
#3657 = LINE ( 'NONE', #823, #942 ) ;
#3658 = ORIENTED_EDGE ( 'NONE', *, *, #628, .F. ) ;
#3659 = CARTESIAN_POINT ( 'NONE',  ( 5.874222082986947600, 3.199999999999999300, 16.13463942524540300 ) ) ;
#3660 = DIRECTION ( 'NONE',  ( 0.0000000000000000000, -1.000000000000000000, 0.0000000000000000000 ) ) ;
#3661 = ADVANCED_FACE ( 'NONE', ( #1772 ), #1037, .F. ) ;
#3662 = ORIENTED_EDGE ( 'NONE', *, *, #1254, .F. ) ;
#3663 = AXIS2_PLACEMENT_3D ( 'NONE', #2481, #2798, #655 ) ;
#3664 = CARTESIAN_POINT ( 'NONE',  ( 1.000000000000069900, 7.000000000000000000, -20.00000000000006400 ) ) ;
#3665 = CARTESIAN_POINT ( 'NONE',  ( -16.13463942524541000, 3.200000000000000200, 5.874222082986951100 ) ) ;
#3666 = DIRECTION ( 'NONE',  ( 0.0000000000000000000, 1.000000000000000000, 0.0000000000000000000 ) ) ;
#3667 = AXIS2_PLACEMENT_3D ( 'NONE', #2235, #99, #2221 ) ;
#3668 = CARTESIAN_POINT ( 'NONE',  ( -16.71351436990234500, 5.068860000595627500, -4.000000000000000900 ) ) ;
#3669 = B_SPLINE_CURVE_WITH_KNOTS ( 'NONE', 3,
 ( #855, #3273, #1176, #1748, #3569, #1138, #2052, #3310, #2985, #1739, #3915, #1472, #2072, #254 ),
 .UNSPECIFIED., .F., .F.,
 ( 4, 2, 2, 2, 2, 2, 4 ),
 ( 1.734723475976806900E-018, 0.0004134101570229431100, 0.0008268203140458844900, 0.001240230471068825800, 0.001653640628091767200, 0.002480460942137641200, 0.003307281256183515000 ),
 .UNSPECIFIED. ) ;
#3670 = CARTESIAN_POINT ( 'NONE',  ( 4.014212077171709600, 7.473045753190894500, -16.18914204850674900 ) ) ;
#3671 = CARTESIAN_POINT ( 'NONE',  ( 4.000000000000000000, 3.199999999999999700, -19.99999999999999600 ) ) ;
#3672 = CARTESIAN_POINT ( 'NONE',  ( -15.58415887181258000, 8.955757917857658500, 5.008569575658779800 ) ) ;
#3673 = CARTESIAN_POINT ( 'NONE',  ( -14.83764019302609700, 9.199999999999994000, -5.740742457680942900 ) ) ;
#3674 = CARTESIAN_POINT ( 'NONE',  ( -16.17712048148617000, 3.211760060058368400, 5.748729898233388100 ) ) ;
#3675 = COORDINATED_UNIVERSAL_TIME_OFFSET ( 1, 0, .AHEAD. ) ;
#3676 = CARTESIAN_POINT ( 'NONE',  ( -4.000000000000000000, 5.200000000000049900, 16.26447788644215800 ) ) ;
#3677 = ADVANCED_FACE ( 'NONE', ( #1525, #1935, #1984, #2806 ), #1245, .T. ) ;
#3678 = CARTESIAN_POINT ( 'NONE',  ( -16.36120402991216900, 4.681035215468346800, -4.064042903292856200 ) ) ;
#3679 = VERTEX_POINT ( 'NONE', #577 ) ;
#3680 = CARTESIAN_POINT ( 'NONE',  ( -4.000000000000000000, 6.533355467037026200, 16.39636175775704200 ) ) ;
#3681 = DIRECTION ( 'NONE',  ( -1.000000000000000000, 0.0000000000000000000, 0.0000000000000000000 ) ) ;
#3682 = EDGE_CURVE ( 'NONE', #916, #3698, #429, .T. ) ;
#3683 = DIRECTION ( 'NONE',  ( 0.0000000000000000000, 1.000000000000000000, 0.0000000000000000000 ) ) ;
#3684 = VERTEX_POINT ( 'NONE', #1470 ) ;
#3685 = CARTESIAN_POINT ( 'NONE',  ( 6.999999999999999100, 4.902286419093569800, 17.70251790681405900 ) ) ;
#3686 = AXIS2_PLACEMENT_3D ( 'NONE', #2286, #3507, #1094 ) ;
#3687 = VERTEX_POINT ( 'NONE', #2403 ) ;
#3688 = EDGE_CURVE ( 'NONE', #286, #2633, #3368, .T. ) ;
#3689 = CARTESIAN_POINT ( 'NONE',  ( -5.373972282397094300, 3.296054237050663400, 16.28670327167501200 ) ) ;
#3690 = FACE_OUTER_BOUND ( 'NONE', #3797, .T. ) ;
#3691 = CARTESIAN_POINT ( 'NONE',  ( 16.38660501512379500, 6.777176926155124900, -1.000000000000000000 ) ) ;
#3692 = ORIENTED_EDGE ( 'NONE', *, *, #1148, .T. ) ;
#3693 = DIRECTION ( 'NONE',  ( 0.0000000000000000000, 0.0000000000000000000, 1.000000000000000000 ) ) ;
#3694 = AXIS2_PLACEMENT_3D ( 'NONE', #2416, #2095, #2059 ) ;
#3695 = CIRCLE ( 'NONE', #3686, 2.000000000000000000 ) ;
#3696 = VERTEX_POINT ( 'NONE', #272 ) ;
#3697 = CARTESIAN_POINT ( 'NONE',  ( -4.013862427173937600, 7.470252044855350000, -16.18983395686751000 ) ) ;
#3698 = VERTEX_POINT ( 'NONE', #901 ) ;
#3699 = CARTESIAN_POINT ( 'NONE',  ( -0.7709145146229755600, 8.449591061658516400, 16.46023875517206700 ) ) ;
#3700 = LINE ( 'NONE', #1257, #2342 ) ;
#3701 = ADVANCED_FACE ( 'NONE', ( #231 ), #2030, .F. ) ;
#3702 = ORIENTED_EDGE ( 'NONE', *, *, #877, .T. ) ;
#3703 = CARTESIAN_POINT ( 'NONE',  ( 15.25622508762980300, 8.812174322039481900, 4.788247956980158400 ) ) ;
#3704 = FACE_OUTER_BOUND ( 'NONE', #1114, .T. ) ;
#3705 = ORIENTED_EDGE ( 'NONE', *, *, #2326, .F. ) ;
#3706 = CIRCLE ( 'NONE', #225, 18.00000000000000000 ) ;
#3707 = VERTEX_POINT ( 'NONE', #3327 ) ;
#3708 = DIRECTION ( 'NONE',  ( 0.0000000000000000000, -0.9784768908978054300, 0.2063564246127662900 ) ) ;
#3709 = CARTESIAN_POINT ( 'NONE',  ( -16.61047440523088200, 3.211818287357210500, -5.748140956128057900 ) ) ;
#3710 = VERTEX_POINT ( 'NONE', #3308 ) ;
#3711 = LINE ( 'NONE', #3085, #2160 ) ;
#3712 = EDGE_CURVE ( 'NONE', #1447, #2209, #2559, .T. ) ;
#3713 = CARTESIAN_POINT ( 'NONE',  ( 0.0000000000000000000, 16.69999999999999900, 0.0000000000000000000 ) ) ;
#3714 = CARTESIAN_POINT ( 'NONE',  ( 0.0000000000000000000, 6.999999999999999100, 0.0000000000000000000 ) ) ;
#3715 = AXIS2_PLACEMENT_3D ( 'NONE', #831, #1434, #3573 ) ;
#3716 = AXIS2_PLACEMENT_3D ( 'NONE', #837, #319, #2743 ) ;
#3717 = EDGE_CURVE ( 'NONE', #3207, #252, #3560, .T. ) ;
#3718 = AXIS2_PLACEMENT_3D ( 'NONE', #1132, #1643, #3944 ) ;
#3719 = ADVANCED_FACE ( 'NONE', ( #1194 ), #1335, .F. ) ;
#3720 = CARTESIAN_POINT ( 'NONE',  ( -1.155611398462773200, 8.444129289740658400, 16.43434076040400900 ) ) ;
#3721 = CARTESIAN_POINT ( 'NONE',  ( -16.08124902544839300, 7.861679643566984200, -4.107973046035905200 ) ) ;
#3722 = CARTESIAN_POINT ( 'NONE',  ( 0.0000000000000000000, -13.45654066465862200, 0.0000000000000000000 ) ) ;
#3723 = DIRECTION ( 'NONE',  ( 0.0000000000000000000, 0.0000000000000000000, 1.000000000000000000 ) ) ;
#3724 = CARTESIAN_POINT ( 'NONE',  ( -15.25622508762979600, 8.812174322039483700, -4.788247956980158400 ) ) ;
#3725 = ORIENTED_EDGE ( 'NONE', *, *, #1910, .T. ) ;
#3726 = CARTESIAN_POINT ( 'NONE',  ( 16.79140473292509500, 6.799511519855170300, 1.000000000000000000 ) ) ;
#3727 = EDGE_CURVE ( 'NONE', #822, #3112, #956, .T. ) ;
#3728 = CARTESIAN_POINT ( 'NONE',  ( 16.41010359672953800, 6.665765332425689100, -1.000000000000000000 ) ) ;
#3729 = ORIENTED_EDGE ( 'NONE', *, *, #3828, .T. ) ;
#3730 = ORIENTED_EDGE ( 'NONE', *, *, #2119, .T. ) ;
#3731 = CARTESIAN_POINT ( 'NONE',  ( 14.73205100839540700, 9.199999999999997500, 5.999999999999998200 ) ) ;
#3732 = CARTESIAN_POINT ( 'NONE',  ( -16.11872995774072200, 7.735164605607644200, -4.068289229027521400 ) ) ;
#3733 = VERTEX_POINT ( 'NONE', #485 ) ;
#3734 = DIRECTION ( 'NONE',  ( 2.522900762084951500E-017, -0.9785497849867490500, 0.2060104810498417400 ) ) ;
#3735 = EDGE_CURVE ( 'NONE', #3053, #3422, #332, .T. ) ;
#3736 = FACE_OUTER_BOUND ( 'NONE', #2370, .T. ) ;
#3737 = ORIENTED_EDGE ( 'NONE', *, *, #819, .T. ) ;
#3738 = CIRCLE ( 'NONE', #3869, 2.000000000000000400 ) ;
#3739 = AXIS2_PLACEMENT_3D ( 'NONE', #3192, #1378, #2606 ) ;
#3740 = EDGE_LOOP ( 'NONE', ( #1922, #3328, #1449, #1920 ) ) ;
#3741 = CIRCLE ( 'NONE', #1422, 16.37017920339057400 ) ;
#3742 = CARTESIAN_POINT ( 'NONE',  ( 5.748140956128062300, 3.211818287357210100, -16.61047440523088200 ) ) ;
#3743 = ORIENTED_EDGE ( 'NONE', *, *, #1482, .T. ) ;
#3744 = DIRECTION ( 'NONE',  ( -1.000000000000000000, 0.0000000000000000000, -3.491481338843133700E-015 ) ) ;
#3745 = ORIENTED_EDGE ( 'NONE', *, *, #1313, .T. ) ;
#3746 = CARTESIAN_POINT ( 'NONE',  ( 16.25323233490516700, 3.259720385223076300, -5.498452654974610900 ) ) ;
#3747 = CYLINDRICAL_SURFACE ( 'NONE', #769, 2.000000000000000000 ) ;
#3748 = EDGE_LOOP ( 'NONE', ( #2540, #455 ) ) ;
#3749 = CARTESIAN_POINT ( 'NONE',  ( 1.222065906871410000E-016, 6.974351853977478500, 16.74431028491911300 ) ) ;
#3750 = ORIENTED_EDGE ( 'NONE', *, *, #1303, .F. ) ;
#3751 = DIRECTION ( 'NONE',  ( -1.000000000000000000, 0.0000000000000000000, -3.491481338843133700E-015 ) ) ;
#3752 = LINE ( 'NONE', #193, #2928 ) ;
#3753 = ORIENTED_EDGE ( 'NONE', *, *, #1233, .T. ) ;
#3754 = CIRCLE ( 'NONE', #518, 16.13372455056002900 ) ;
#3755 = CARTESIAN_POINT ( 'NONE',  ( 16.52329841713565300, 3.199999999999999700, 6.000000000000000900 ) ) ;
#3756 = ORIENTED_EDGE ( 'NONE', *, *, #680, .F. ) ;
#3757 = CARTESIAN_POINT ( 'NONE',  ( 17.17090562550502100, 5.000000000000000000, -1.000000000000000000 ) ) ;
#3758 = CARTESIAN_POINT ( 'NONE',  ( -16.25182708671581000, 7.199999999999996600, 4.000000000000000000 ) ) ;
#3759 = EDGE_CURVE ( 'NONE', #2388, #3684, #8, .T. ) ;
#3760 = CARTESIAN_POINT ( 'NONE',  ( 15.76754332321776400, 7.473563259921273300, -4.014272406738997200 ) ) ;
#3761 = DIRECTION ( 'NONE',  ( 0.0000000000000000000, -0.2063564246127676000, -0.9784768908978051000 ) ) ;
#3762 = CARTESIAN_POINT ( 'NONE',  ( -15.15286534964698500, 8.945208905150185100, 5.014709398914077600 ) ) ;
#3763 = AXIS2_PLACEMENT_3D ( 'NONE', #3245, #3259, #1743 ) ;
#3764 = CARTESIAN_POINT ( 'NONE',  ( -16.38660501512379100, 6.777176926155124000, -1.000000000000000000 ) ) ;
#3765 = EDGE_CURVE ( 'NONE', #2630, #2809, #2317, .T. ) ;
#3766 = PERSON_AND_ORGANIZATION ( #943, #1417 ) ;
#3767 = APPROVAL ( #1476, 'NON SPECIFICATO' ) ;
#3768 = DIRECTION ( 'NONE',  ( 0.0000000000000000000, 0.0000000000000000000, -1.000000000000000000 ) ) ;
#3769 = FACE_OUTER_BOUND ( 'NONE', #384, .T. ) ;
#3770 = DIRECTION ( 'NONE',  ( 0.0000000000000000000, 0.0000000000000000000, 1.000000000000000000 ) ) ;
#3771 = CARTESIAN_POINT ( 'NONE',  ( -1.000000000000057300, 6.777176926155123100, 16.38660501512378800 ) ) ;
#3772 = DIRECTION ( 'NONE',  ( -2.168404344971008900E-016, 1.000000000000000000, 0.0000000000000000000 ) ) ;
#3773 = CARTESIAN_POINT ( 'NONE',  ( -15.44560053403322400, 8.440426895804051800, 4.425682055898128900 ) ) ;
#3774 = ORIENTED_EDGE ( 'NONE', *, *, #2593, .F. ) ;
#3775 = CARTESIAN_POINT ( 'NONE',  ( -16.33960731324720000, 7.000000000000000000, -1.000000000000000000 ) ) ;
#3776 = VERTEX_POINT ( 'NONE', #3283 ) ;
#3777 = ADVANCED_FACE ( 'NONE', ( #3769 ), #2640, .F. ) ;
#3778 = EDGE_CURVE ( 'NONE', #3112, #260, #1457, .T. ) ;
#3779 = CARTESIAN_POINT ( 'NONE',  ( -0.7767551180859917400, 3.556963567623198800, 17.49086846158561300 ) ) ;
#3780 = ORIENTED_EDGE ( 'NONE', *, *, #1509, .T. ) ;
#3781 = CARTESIAN_POINT ( 'NONE',  ( -5.488205412529151900, 9.150644323139507800, -14.94361964808720300 ) ) ;
#3782 = LINE ( 'NONE', #2512, #71 ) ;
#3783 = DIRECTION ( 'NONE',  ( 0.0000000000000000000, 1.000000000000000000, 0.0000000000000000000 ) ) ;
#3784 = ORIENTED_EDGE ( 'NONE', *, *, #2932, .F. ) ;
#3785 = AXIS2_PLACEMENT_3D ( 'NONE', #123, #3783, #1936 ) ;
#3786 = CARTESIAN_POINT ( 'NONE',  ( -6.000000000000000000, 3.199999999999999700, 16.52329841713565300 ) ) ;
#3787 = ORIENTED_EDGE ( 'NONE', *, *, #2212, .T. ) ;
#3788 = CARTESIAN_POINT ( 'NONE',  ( 0.0000000000000000000, 16.69999999999999900, 0.0000000000000000000 ) ) ;
#3789 = FACE_OUTER_BOUND ( 'NONE', #988, .T. ) ;
#3790 = EDGE_LOOP ( 'NONE', ( #1249, #2873, #3530, #3512, #3922, #2946, #710, #2791 ) ) ;
#3791 = CARTESIAN_POINT ( 'NONE',  ( -6.000000000000000000, 3.199999999999999700, 16.52329841713565300 ) ) ;
#3792 = AXIS2_PLACEMENT_3D ( 'NONE', #3476, #3179, #3770 ) ;
#3793 = FACE_OUTER_BOUND ( 'NONE', #2218, .T. ) ;
#3794 = VERTEX_POINT ( 'NONE', #3550 ) ;
#3795 = DIRECTION ( 'NONE',  ( 0.0000000000000000000, 0.0000000000000000000, 1.000000000000000000 ) ) ;
#3796 = FACE_BOUND ( 'NONE', #1685, .T. ) ;
#3797 = EDGE_LOOP ( 'NONE', ( #3544, #705, #1903, #1837 ) ) ;
#3798 = FACE_OUTER_BOUND ( 'NONE', #2328, .T. ) ;
#3799 = CARTESIAN_POINT ( 'NONE',  ( -5.014709398914079400, 8.945208905150188600, -15.15286534964698200 ) ) ;
#3800 = ORIENTED_EDGE ( 'NONE', *, *, #2904, .F. ) ;
#3801 = CARTESIAN_POINT ( 'NONE',  ( 16.29292871390041200, 5.068768989398225100, -4.000000000000001800 ) ) ;
#3802 = ORIENTED_EDGE ( 'NONE', *, *, #1290, .F. ) ;
#3803 = VECTOR ( 'NONE', #239, 1000.000000000000100 ) ;
#3804 = DIRECTION ( 'NONE',  ( -0.0000000000000000000, -1.000000000000000000, -0.0000000000000000000 ) ) ;
#3805 = PLANE ( 'NONE',  #3242 ) ;
#3806 = EDGE_CURVE ( 'NONE', #576, #3529, #292, .T. ) ;
#3807 = CARTESIAN_POINT ( 'NONE',  ( -16.61037630902920300, 3.211815022043560000, 5.748415452985938100 ) ) ;
#3808 = CARTESIAN_POINT ( 'NONE',  ( 1.000000000000058600, 6.899755774282185800, -16.77026324080425800 ) ) ;
#3809 = CARTESIAN_POINT ( 'NONE',  ( 0.0000000000000000000, 0.6383835455768402900, 0.0000000000000000000 ) ) ;
#3810 = EDGE_CURVE ( 'NONE', #2169, #2118, #842, .T. ) ;
#3811 = CARTESIAN_POINT ( 'NONE',  ( 16.54079131068126400, 5.866688162233865400, -4.000000000000000900 ) ) ;
#3812 = DIRECTION ( 'NONE',  ( 0.0000000000000000000, 0.0000000000000000000, -1.000000000000000000 ) ) ;
#3813 = ADVANCED_FACE ( 'NONE', ( #718 ), #1742, .F. ) ;
#3814 = AXIS2_PLACEMENT_3D ( 'NONE', #2040, #2353, #530 ) ;
#3815 = CARTESIAN_POINT ( 'NONE',  ( -16.08772991682003100, 3.199999999999999700, 6.000000000000002700 ) ) ;
#3816 = EDGE_CURVE ( 'NONE', #76, #242, #2467, .T. ) ;
#3817 = ADVANCED_FACE ( 'NONE', ( #382 ), #1086, .F. ) ;
#3818 = CARTESIAN_POINT ( 'NONE',  ( -16.79276338949968700, 3.453971742553319400, 5.015748776069542300 ) ) ;
#3819 = ORIENTED_EDGE ( 'NONE', *, *, #646, .F. ) ;
#3820 = CARTESIAN_POINT ( 'NONE',  ( -19.99999999999999600, 7.199999999999996600, -6.000000000000000000 ) ) ;
#3821 = CARTESIAN_POINT ( 'NONE',  ( -5.131389503197112000, 3.393771181850151900, -16.77113221687326200 ) ) ;
#3822 = DIRECTION ( 'NONE',  ( 0.0000000000000000000, 0.0000000000000000000, 1.000000000000000000 ) ) ;
#3823 = ORIENTED_EDGE ( 'NONE', *, *, #1932, .T. ) ;
#3824 = ORIENTED_EDGE ( 'NONE', *, *, #3383, .T. ) ;
#3825 = CARTESIAN_POINT ( 'NONE',  ( 9.000000000000000000, 6.592417284497559900, 17.34607682398742400 ) ) ;
#3826 = EDGE_LOOP ( 'NONE', ( #2764, #435, #1304, #3011 ) ) ;
#3827 = CIRCLE ( 'NONE', #2552, 19.19999999999999900 ) ;
#3828 = EDGE_CURVE ( 'NONE', #2660, #3597, #1618, .T. ) ;
#3829 = EDGE_LOOP ( 'NONE', ( #1606, #1072, #2522, #3133 ) ) ;
#3830 = CIRCLE ( 'NONE', #815, 19.75000000000000000 ) ;
#3831 = DIRECTION ( 'NONE',  ( -1.000000000000000000, 2.168404344971008900E-016, 3.134651602192766500E-032 ) ) ;
#3832 = CARTESIAN_POINT ( 'NONE',  ( 1.000000000000058600, 7.000000000000000000, -16.74912161255758700 ) ) ;
#3833 = ORIENTED_EDGE ( 'NONE', *, *, #1850, .T. ) ;
#3834 = PLANE ( 'NONE',  #2223 ) ;
#3835 = DIRECTION ( 'NONE',  ( 0.0000000000000000000, 1.000000000000000000, -1.445602896647340400E-016 ) ) ;
#3836 = CARTESIAN_POINT ( 'NONE',  ( 0.0000000000000000000, 5.000000000000000000, 0.0000000000000000000 ) ) ;
#3837 = FACE_OUTER_BOUND ( 'NONE', #399, .T. ) ;
#3838 = AXIS2_PLACEMENT_3D ( 'NONE', #2676, #3306, #2690 ) ;
#3839 = PLANE ( 'NONE',  #3194 ) ;
#3840 = VERTEX_POINT ( 'NONE', #1411 ) ;
#3841 = CARTESIAN_POINT ( 'NONE',  ( 0.7709145146229662300, 8.449591061658516400, 16.46023875517207100 ) ) ;
#3842 = ORIENTED_EDGE ( 'NONE', *, *, #2440, .T. ) ;
#3843 = FACE_BOUND ( 'NONE', #2732, .T. ) ;
#3844 = DIRECTION ( 'NONE',  ( 0.0000000000000000000, -0.0000000000000000000, -1.000000000000000000 ) ) ;
#3845 = VERTEX_POINT ( 'NONE', #3010 ) ;
#3846 = CC_DESIGN_APPROVAL ( #3017, ( #2198 ) ) ;
#3847 = ORIENTED_EDGE ( 'NONE', *, *, #537, .T. ) ;
#3848 = VERTEX_POINT ( 'NONE', #2082 ) ;
#3849 = FACE_OUTER_BOUND ( 'NONE', #3120, .T. ) ;
#3850 = DIRECTION ( 'NONE',  ( 0.0000000000000000000, -0.9785497849867490500, -0.2060104810498417400 ) ) ;
#3851 = DIRECTION ( 'NONE',  ( 0.0000000000000000000, 0.0000000000000000000, 1.000000000000000000 ) ) ;
#3852 = ORIENTED_EDGE ( 'NONE', *, *, #466, .T. ) ;
#3853 = CARTESIAN_POINT ( 'NONE',  ( -4.509596575519752900, 8.540068642250336200, -15.39957412272503800 ) ) ;
#3854 = CARTESIAN_POINT ( 'NONE',  ( 16.54079131269815400, 5.866688152917621600, 4.000000000000000900 ) ) ;
#3855 = DIRECTION ( 'NONE',  ( 0.0000000000000000000, 0.0000000000000000000, -1.000000000000000000 ) ) ;
#3856 = CARTESIAN_POINT ( 'NONE',  ( -4.102507864328832600, 4.554221254920538100, -16.37917768871655300 ) ) ;
#3857 = EDGE_CURVE ( 'NONE', #1926, #3402, #3867, .T. ) ;
#3858 = VERTEX_POINT ( 'NONE', #3955 ) ;
#3859 = ADVANCED_FACE ( 'NONE', ( #854 ), #186, .F. ) ;
#3860 = CARTESIAN_POINT ( 'NONE',  ( -4.000000000000000000, 7.200000000000004600, 15.83054006020342900 ) ) ;
#3861 = PERSON_AND_ORGANIZATION ( #943, #1417 ) ;
#3862 = CARTESIAN_POINT ( 'NONE',  ( -4.212556256859675100, 8.107022729296881300, -15.57770091059717100 ) ) ;
#3863 = AXIS2_PLACEMENT_3D ( 'NONE', #2992, #3249, #1152 ) ;
#3864 = DIRECTION ( 'NONE',  ( 0.0000000000000000000, 0.0000000000000000000, 1.000000000000000000 ) ) ;
#3865 = DIRECTION ( 'NONE',  ( 0.0000000000000000000, -1.000000000000000000, 0.0000000000000000000 ) ) ;
#3866 = DIRECTION ( 'NONE',  ( -0.0000000000000000000, 1.000000000000000000, -0.0000000000000000000 ) ) ;
#3867 = CIRCLE ( 'NONE', #3694, 9.000000000000000000 ) ;
#3868 = CARTESIAN_POINT ( 'NONE',  ( 15.82564334176879100, 8.538802974850634400, 4.508465717800387300 ) ) ;
#3869 = AXIS2_PLACEMENT_3D ( 'NONE', #2180, #2498, #676 ) ;
#3870 = CARTESIAN_POINT ( 'NONE',  ( -5.874222082986947600, 3.199999999999999300, -16.13463942524540300 ) ) ;
#3871 = ORIENTED_EDGE ( 'NONE', *, *, #1026, .T. ) ;
#3872 = DIRECTION ( 'NONE',  ( -0.0000000000000000000, 0.2063564246127676000, 0.9784768908978051000 ) ) ;
#3873 = ORIENTED_EDGE ( 'NONE', *, *, #209, .T. ) ;
#3874 = CARTESIAN_POINT ( 'NONE',  ( -5.498606416869680700, 3.259696218200958600, -16.68412299600179700 ) ) ;
#3875 = CARTESIAN_POINT ( 'NONE',  ( 1.155611398462768700, 8.444129289740658400, 16.43434076040400900 ) ) ;
#3876 = DIRECTION ( 'NONE',  ( 0.0000000000000000000, 0.9784768908978048700, -0.2063564246127689000 ) ) ;
#3877 = ORIENTED_EDGE ( 'NONE', *, *, #1328, .T. ) ;
#3878 = DIRECTION ( 'NONE',  ( 0.0000000000000000000, 0.9784768908978051000, -0.2063564246127676000 ) ) ;
#3879 = VECTOR ( 'NONE', #2554, 1000.000000000000000 ) ;
#3880 = VERTEX_POINT ( 'NONE', #2358 ) ;
#3881 = CARTESIAN_POINT ( 'NONE',  ( -9.000000000000000000, 5.613940393599754900, 17.55243324860019200 ) ) ;
#3882 = LINE ( 'NONE', #2176, #2245 ) ;
#3883 = EDGE_LOOP ( 'NONE', ( #1073, #3102, #1689, #2719, #826, #2819, #2970, #3823 ) ) ;
#3884 = EDGE_CURVE ( 'NONE', #363, #2870, #3482, .T. ) ;
#3885 = CARTESIAN_POINT ( 'NONE',  ( 4.000000000000000000, 5.866688162233856500, 16.54079131068126400 ) ) ;
#3886 = ORIENTED_EDGE ( 'NONE', *, *, #69, .T. ) ;
#3887 = VECTOR ( 'NONE', #3593, 1000.000000000000000 ) ;
#3888 = CARTESIAN_POINT ( 'NONE',  ( -5.484053137301943400, 9.149169738605037200, 14.94542278342336600 ) ) ;
#3889 = DIRECTION ( 'NONE',  ( 0.0000000000000000000, 0.9784768908978049900, -0.2063564246127681000 ) ) ;
#3890 = ORIENTED_EDGE ( 'NONE', *, *, #1676, .T. ) ;
#3891 = CARTESIAN_POINT ( 'NONE',  ( 15.97529675982405500, 6.533357411388659700, -4.000000000000000000 ) ) ;
#3892 = PLANE ( 'NONE',  #3623 ) ;
#3893 = FACE_OUTER_BOUND ( 'NONE', #220, .T. ) ;
#3894 = AXIS2_PLACEMENT_3D ( 'NONE', #3150, #739, #3162 ) ;
#3895 = ORIENTED_EDGE ( 'NONE', *, *, #621, .T. ) ;
#3896 = CIRCLE ( 'NONE', #3484, 0.7500000000000012200 ) ;
#3897 = CARTESIAN_POINT ( 'NONE',  ( 0.0000000000000000000, 6.144450123971211900, 17.64495041447337100 ) ) ;
#3898 = EDGE_CURVE ( 'NONE', #1399, #86, #1002, .T. ) ;
#3899 = ORIENTED_EDGE ( 'NONE', *, *, #1997, .F. ) ;
#3900 = DIRECTION ( 'NONE',  ( -0.0000000000000000000, 0.0000000000000000000, -1.000000000000000000 ) ) ;
#3901 = ORIENTED_EDGE ( 'NONE', *, *, #2391, .T. ) ;
#3902 = DIRECTION ( 'NONE',  ( 0.0000000000000000000, 0.2063564246127676000, 0.9784768908978051000 ) ) ;
#3903 = LINE ( 'NONE', #2460, #2061 ) ;
#3904 = DIRECTION ( 'NONE',  ( -0.0000000000000000000, 1.000000000000000000, -0.0000000000000000000 ) ) ;
#3905 = PRODUCT_DEFINITION_FORMATION_WITH_SPECIFIED_SOURCE ( 'TUTTO', '', #1130, .NOT_KNOWN. ) ;
#3906 = DIRECTION ( 'NONE',  ( 0.0000000000000000000, 0.0000000000000000000, 1.000000000000000000 ) ) ;
#3907 = CARTESIAN_POINT ( 'NONE',  ( 4.000000000000000000, 7.200000000000003700, -15.83054006020342900 ) ) ;
#3908 = DIRECTION ( 'NONE',  ( 0.0000000000000000000, 0.0000000000000000000, 1.000000000000000000 ) ) ;
#3909 = CARTESIAN_POINT ( 'NONE',  ( 17.17090562550502100, 5.000000000000000000, 1.000000000000000000 ) ) ;
#3910 = CARTESIAN_POINT ( 'NONE',  ( -4.000000000000000000, 5.199999999999998400, -16.26447788644217200 ) ) ;
#3911 = CARTESIAN_POINT ( 'NONE',  ( 5.748729898233387200, 3.211760060058368400, 16.17712048148617800 ) ) ;
#3912 = EDGE_CURVE ( 'NONE', #2016, #340, #1746, .T. ) ;
#3913 = CARTESIAN_POINT ( 'NONE',  ( 0.0000000000000000000, -1.400000000000000100, 0.0000000000000000000 ) ) ;
#3914 = CARTESIAN_POINT ( 'NONE',  ( -5.127259221866920800, 9.004186922511591400, 15.53319137189992100 ) ) ;
#3915 = CARTESIAN_POINT ( 'NONE',  ( 5.008569575658781600, 8.955757917857662100, 15.58415887181258000 ) ) ;
#3916 = AXIS2_PLACEMENT_3D ( 'NONE', #1182, #3557, #781 ) ;
#3917 = AXIS2_PLACEMENT_3D ( 'NONE', #3627, #1497, #318 ) ;
#3918 = DIRECTION ( 'NONE',  ( 1.000000000000000000, 0.0000000000000000000, 0.0000000000000000000 ) ) ;
#3919 = EDGE_LOOP ( 'NONE', ( #308, #1092, #2237, #2821 ) ) ;
#3920 = CARTESIAN_POINT ( 'NONE',  ( 16.11872995774072200, 7.735164605607644200, 4.068289229027519700 ) ) ;
#3921 = AXIS2_PLACEMENT_3D ( 'NONE', #2741, #1839, #2724 ) ;
#3922 = ORIENTED_EDGE ( 'NONE', *, *, #3329, .T. ) ;
#3923 = DIRECTION ( 'NONE',  ( 0.0000000000000000000, 0.0000000000000000000, 1.000000000000000000 ) ) ;
#3924 = ORIENTED_EDGE ( 'NONE', *, *, #2048, .F. ) ;
#3925 = B_SPLINE_CURVE_WITH_KNOTS ( 'NONE', 3,
 ( #2849, #1628, #415, #2881 ),
 .UNSPECIFIED., .F., .F.,
 ( 4, 4 ),
 ( 0.02679861557928420900, 0.02884514097287730100 ),
 .UNSPECIFIED. ) ;
#3926 = CARTESIAN_POINT ( 'NONE',  ( -14.73205100839540400, 9.199999999999997500, 5.999999999999998200 ) ) ;
#3927 = DIRECTION ( 'NONE',  ( -0.0000000000000000000, 1.000000000000000000, -0.0000000000000000000 ) ) ;
#3928 = ORIENTED_EDGE ( 'NONE', *, *, #423, .F. ) ;
#3929 = FACE_OUTER_BOUND ( 'NONE', #3374, .T. ) ;
#3930 = DIRECTION ( 'NONE',  ( 0.0000000000000000000, 0.2063564246127676200, 0.9784768908978052100 ) ) ;
#3931 = DIRECTION ( 'NONE',  ( -0.0000000000000000000, 0.0000000000000000000, -1.000000000000000000 ) ) ;
#3932 = CARTESIAN_POINT ( 'NONE',  ( 0.9999999999999471500, 14.41813497125278500, 15.17444953096264500 ) ) ;
#3933 = ORIENTED_EDGE ( 'NONE', *, *, #1203, .F. ) ;
#3934 = CARTESIAN_POINT ( 'NONE',  ( -0.9999999999999301700, 7.000000000000000000, -20.00000000000007100 ) ) ;
#3935 = LINE ( 'NONE', #1103, #2668 ) ;
#3936 = ORIENTED_EDGE ( 'NONE', *, *, #3806, .T. ) ;
#3937 = CARTESIAN_POINT ( 'NONE',  ( 4.107973046035905200, 7.861679643566984200, -16.08124902544839300 ) ) ;
#3938 = EDGE_CURVE ( 'NONE', #3858, #3517, #3616, .T. ) ;
#3939 = LINE ( 'NONE', #1294, #1214 ) ;
#3940 = CARTESIAN_POINT ( 'NONE',  ( 16.28670327167502000, 3.296054237050663400, 5.373972282397099700 ) ) ;
#3941 = ORIENTED_EDGE ( 'NONE', *, *, #2025, .T. ) ;
#3942 = CYLINDRICAL_SURFACE ( 'NONE', #3663, 2.000000000000000000 ) ;
#3943 = EDGE_LOOP ( 'NONE', ( #1851, #491 ) ) ;
#3944 = DIRECTION ( 'NONE',  ( 0.0000000000000000000, 0.0000000000000000000, 1.000000000000000000 ) ) ;
#3945 = FACE_OUTER_BOUND ( 'NONE', #738, .T. ) ;
#3946 = ADVANCED_FACE ( 'NONE', ( #911 ), #1811, .F. ) ;
#3947 = ORIENTED_EDGE ( 'NONE', *, *, #2692, .F. ) ;
#3948 = EDGE_CURVE ( 'NONE', #1878, #3858, #3048, .T. ) ;
#3949 = CARTESIAN_POINT ( 'NONE',  ( 1.000000000000057100, 7.000000000000000000, -16.33960731324719600 ) ) ;
#3950 = CARTESIAN_POINT ( 'NONE',  ( -5.740742457680958000, 9.199999999999997500, 14.83764019302609900 ) ) ;
#3951 = TOROIDAL_SURFACE ( 'NONE', #495, 16.25654066465862300, 1.999999999999998200 ) ;
#3952 = ORIENTED_EDGE ( 'NONE', *, *, #795, .F. ) ;
#3953 = CARTESIAN_POINT ( 'NONE',  ( -12.00000000000000000, 3.199999999999999700, -19.99999999999999600 ) ) ;
#3954 = VECTOR ( 'NONE', #2365, 1000.000000000000000 ) ;
#3955 = CARTESIAN_POINT ( 'NONE',  ( 0.0000000000000000000, 5.000000000000000000, -16.79123183496952300 ) ) ;
#3956 = CARTESIAN_POINT ( 'NONE',  ( 0.0000000000000000000, 0.8707106781186552100, 0.0000000000000000000 ) ) ;
#3957 = EDGE_LOOP ( 'NONE', ( #763, #1437, #3221, #3774 ) ) ;
#3958 = B_SPLINE_CURVE_WITH_KNOTS ( 'NONE', 3,
 ( #3056, #604, #585, #3014, #3035, #2374, #3346 ),
 .UNSPECIFIED., .F., .F.,
 ( 4, 3, 4 ),
 ( 0.02762318833073389200, 0.02793053643445224700, 0.02966717993006333700 ),
 .UNSPECIFIED. ) ;
#3959 = DIRECTION ( 'NONE',  ( -1.000000000000000000, 0.0000000000000000000, 0.0000000000000000000 ) ) ;
#3960 = CARTESIAN_POINT ( 'NONE',  ( 2.204364238465235400E-015, 1.199999999999999700, 18.00000000000000000 ) ) ;
#3961 = CARTESIAN_POINT ( 'NONE',  ( 4.784125858856591600, 3.590134302362303600, 16.40571729836630500 ) ) ;
ENDSEC;
END-ISO-10303-21;
